TEAM_ID,players_used,GAME_ID,unique_lineups_used,TEAM_ABBREVIATION,TEAM_NAME,GAME_DATE,season,period
1610612738,10,0022001073,14,BOS,Boston Celtics,2021-05-16,2020-21,Post-ASG
1610612752,11,0022001073,16,NYK,New York Knicks,2021-05-16,2020-21,Post-ASG
1610612764,11,0022001080,19,WAS,Washington Wizards,2021-05-16,2020-21,Post-ASG
1610612766,9,0022001080,18,CHA,Charlotte Hornets,2021-05-16,2020-21,Post-ASG
1610612739,9,0022001067,13,CLE,Cleveland Cavaliers,2021-05-16,2020-21,Post-ASG
1610612751,12,0022001067,7,BKN,Brooklyn Nets,2021-05-16,2020-21,Post-ASG
1610612740,10,0022001072,17,NOP,New Orleans Pelicans,2021-05-16,2020-21,Post-ASG
1610612747,13,0022001072,11,LAL,Los Angeles Lakers,2021-05-16,2020-21,Post-ASG
1610612741,10,0022001068,13,CHI,Chicago Bulls,2021-05-16,2020-21,Post-ASG
1610612749,8,0022001068,13,MIL,Milwaukee Bucks,2021-05-16,2020-21,Post-ASG
1610612754,9,0022001079,13,IND,Indiana Pacers,2021-05-16,2020-21,Post-ASG
1610612761,6,0022001079,6,TOR,Toronto Raptors,2021-05-16,2020-21,Post-ASG
1610612737,10,0022001066,11,ATL,Atlanta Hawks,2021-05-16,2020-21,Post-ASG
1610612745,8,0022001066,12,HOU,Houston Rockets,2021-05-16,2020-21,Post-ASG
1610612742,14,0022001071,17,DAL,Dallas Mavericks,2021-05-16,2020-21,Post-ASG
1610612750,10,0022001071,17,MIN,Minnesota Timberwolves,2021-05-16,2020-21,Post-ASG
1610612756,9,0022001078,12,PHX,Phoenix Suns,2021-05-16,2020-21,Post-ASG
1610612759,12,0022001078,11,SAS,San Antonio Spurs,2021-05-16,2020-21,Post-ASG
1610612743,14,0022001076,13,DEN,Denver Nuggets,2021-05-16,2020-21,Post-ASG
1610612757,13,0022001076,9,POR,Portland Trail Blazers,2021-05-16,2020-21,Post-ASG
1610612748,7,0022001069,9,MIA,Miami Heat,2021-05-16,2020-21,Post-ASG
1610612765,8,0022001069,9,DET,Detroit Pistons,2021-05-16,2020-21,Post-ASG
1610612758,9,0022001077,14,SAC,Sacramento Kings,2021-05-16,2020-21,Post-ASG
1610612762,14,0022001077,12,UTA,Utah Jazz,2021-05-16,2020-21,Post-ASG
1610612753,9,0022001075,10,ORL,Orlando Magic,2021-05-16,2020-21,Post-ASG
1610612755,11,0022001075,17,PHI,Philadelphia 76ers,2021-05-16,2020-21,Post-ASG
1610612744,8,0022001070,11,GSW,Golden State Warriors,2021-05-16,2020-21,Post-ASG
1610612763,10,0022001070,15,MEM,Memphis Grizzlies,2021-05-16,2020-21,Post-ASG
1610612746,10,0022001074,14,LAC,LA Clippers,2021-05-16,2020-21,Post-ASG
1610612760,9,0022001074,11,OKC,Oklahoma City Thunder,2021-05-16,2020-21,Post-ASG
1610612749,13,0022001029,19,MIL,Milwaukee Bucks,2021-05-10,2020-21,Post-ASG
1610612759,13,0022001029,16,SAS,San Antonio Spurs,2021-05-10,2020-21,Post-ASG
1610612744,10,0022001001,14,GSW,Golden State Warriors,2021-05-06,2020-21,Post-ASG
1610612760,11,0022001001,13,OKC,Oklahoma City Thunder,2021-05-06,2020-21,Post-ASG
1610612763,10,0022000999,14,MEM,Memphis Grizzlies,2021-05-06,2020-21,Post-ASG
1610612765,9,0022000999,8,DET,Detroit Pistons,2021-05-06,2020-21,Post-ASG
1610612746,13,0022001002,12,LAC,LA Clippers,2021-05-06,2020-21,Post-ASG
1610612747,13,0022001002,16,LAL,Los Angeles Lakers,2021-05-06,2020-21,Post-ASG
1610612761,10,0022000997,12,TOR,Toronto Raptors,2021-05-06,2020-21,Post-ASG
1610612764,11,0022000997,25,WAS,Washington Wizards,2021-05-06,2020-21,Post-ASG
1610612737,10,0022001000,12,ATL,Atlanta Hawks,2021-05-06,2020-21,Post-ASG
1610612754,9,0022001000,11,IND,Indiana Pacers,2021-05-06,2020-21,Post-ASG
1610612741,14,0022000434,17,CHI,Chicago Bulls,2021-05-06,2020-21,Post-ASG
1610612766,13,0022000434,20,CHA,Charlotte Hornets,2021-05-06,2020-21,Post-ASG
1610612742,10,0022000998,16,DAL,Dallas Mavericks,2021-05-06,2020-21,Post-ASG
1610612751,9,0022000998,20,BKN,Brooklyn Nets,2021-05-06,2020-21,Post-ASG
1610612754,11,0022000993,10,IND,Indiana Pacers,2021-05-05,2020-21,Post-ASG
1610612758,11,0022000993,13,SAC,Sacramento Kings,2021-05-05,2020-21,Post-ASG
1610612750,9,0022000183,19,MIN,Minnesota Timberwolves,2021-05-05,2020-21,Post-ASG
1610612763,10,0022000183,20,MEM,Memphis Grizzlies,2021-05-05,2020-21,Post-ASG
1610612745,7,0022000994,12,HOU,Houston Rockets,2021-05-05,2020-21,Post-ASG
1610612755,14,0022000994,11,PHI,Philadelphia 76ers,2021-05-05,2020-21,Post-ASG
1610612737,15,0022000992,10,ATL,Atlanta Hawks,2021-05-05,2020-21,Post-ASG
1610612756,14,0022000992,15,PHX,Phoenix Suns,2021-05-05,2020-21,Post-ASG
1610612739,12,0022000991,15,CLE,Cleveland Cavaliers,2021-05-05,2020-21,Post-ASG
1610612757,14,0022000991,11,POR,Portland Trail Blazers,2021-05-05,2020-21,Post-ASG
1610612759,13,0022000996,13,SAS,San Antonio Spurs,2021-05-05,2020-21,Post-ASG
1610612762,14,0022000996,14,UTA,Utah Jazz,2021-05-05,2020-21,Post-ASG
1610612738,14,0022000990,15,BOS,Boston Celtics,2021-05-05,2020-21,Post-ASG
1610612753,9,0022000990,13,ORL,Orlando Magic,2021-05-05,2020-21,Post-ASG
1610612743,12,0022000995,15,DEN,Denver Nuggets,2021-05-05,2020-21,Post-ASG
1610612752,15,0022000995,16,NYK,New York Knicks,2021-05-05,2020-21,Post-ASG
1610612749,10,0022000235,26,MIL,Milwaukee Bucks,2021-05-05,2020-21,Post-ASG
1610612764,12,0022000235,23,WAS,Washington Wizards,2021-05-05,2020-21,Post-ASG
1610612739,10,0022000983,12,CLE,Cleveland Cavaliers,2021-05-04,2020-21,Post-ASG
1610612756,12,0022000983,11,PHX,Phoenix Suns,2021-05-04,2020-21,Post-ASG
1610612765,9,0022000984,13,DET,Detroit Pistons,2021-05-04,2020-21,Post-ASG
1610612766,9,0022000984,17,CHA,Charlotte Hornets,2021-05-04,2020-21,Post-ASG
1610612742,13,0022000986,17,DAL,Dallas Mavericks,2021-05-04,2020-21,Post-ASG
1610612748,11,0022000986,19,MIA,Miami Heat,2021-05-04,2020-21,Post-ASG
1610612749,10,0022000985,25,MIL,Milwaukee Bucks,2021-05-04,2020-21,Post-ASG
1610612751,10,0022000985,18,BKN,Brooklyn Nets,2021-05-04,2020-21,Post-ASG
1610612746,10,0022000989,18,LAC,LA Clippers,2021-05-04,2020-21,Post-ASG
1610612761,10,0022000989,13,TOR,Toronto Raptors,2021-05-04,2020-21,Post-ASG
1610612754,9,0022000976,14,IND,Indiana Pacers,2021-05-03,2020-21,Post-ASG
1610612764,11,0022000976,17,WAS,Washington Wizards,2021-05-03,2020-21,Post-ASG
1610612740,12,0022000977,15,NOP,New Orleans Pelicans,2021-05-03,2020-21,Post-ASG
1610612744,10,0022000977,15,GSW,Golden State Warriors,2021-05-03,2020-21,Post-ASG
1610612752,10,0022000980,11,NYK,New York Knicks,2021-05-03,2020-21,Post-ASG
1610612763,10,0022000980,15,MEM,Memphis Grizzlies,2021-05-03,2020-21,Post-ASG
1610612741,11,0022000979,18,CHI,Chicago Bulls,2021-05-03,2020-21,Post-ASG
1610612755,12,0022000979,13,PHI,Philadelphia 76ers,2021-05-03,2020-21,Post-ASG
1610612743,9,0022000982,11,DEN,Denver Nuggets,2021-05-03,2020-21,Post-ASG
1610612747,11,0022000982,12,LAL,Los Angeles Lakers,2021-05-03,2020-21,Post-ASG
1610612759,13,0022000981,14,SAS,San Antonio Spurs,2021-05-03,2020-21,Post-ASG
1610612762,13,0022000981,10,UTA,Utah Jazz,2021-05-03,2020-21,Post-ASG
1610612753,9,0022000975,9,ORL,Orlando Magic,2021-05-03,2020-21,Post-ASG
1610612765,9,0022000975,7,DET,Detroit Pistons,2021-05-03,2020-21,Post-ASG
1610612737,10,0022000978,11,ATL,Atlanta Hawks,2021-05-03,2020-21,Post-ASG
1610612757,14,0022000978,13,POR,Portland Trail Blazers,2021-05-03,2020-21,Post-ASG
1610612745,9,0022000971,14,HOU,Houston Rockets,2021-05-02,2020-21,Post-ASG
1610612752,14,0022000971,11,NYK,New York Knicks,2021-05-02,2020-21,Post-ASG
1610612742,12,0022000970,15,DAL,Dallas Mavericks,2021-05-02,2020-21,Post-ASG
1610612758,10,0022000970,16,SAC,Sacramento Kings,2021-05-02,2020-21,Post-ASG
1610612738,10,0022000968,18,BOS,Boston Celtics,2021-05-02,2020-21,Post-ASG
1610612757,8,0022000968,9,POR,Portland Trail Blazers,2021-05-02,2020-21,Post-ASG
1610612747,10,0022000974,14,LAL,Los Angeles Lakers,2021-05-02,2020-21,Post-ASG
1610612761,10,0022000974,14,TOR,Toronto Raptors,2021-05-02,2020-21,Post-ASG
1610612756,9,0022000972,10,PHX,Phoenix Suns,2021-05-02,2020-21,Post-ASG
1610612760,11,0022000972,17,OKC,Oklahoma City Thunder,2021-05-02,2020-21,Post-ASG
1610612748,12,0022000969,17,MIA,Miami Heat,2021-05-02,2020-21,Post-ASG
1610612766,13,0022000969,19,CHA,Charlotte Hornets,2021-05-02,2020-21,Post-ASG
1610612749,9,0022000967,17,MIL,Milwaukee Bucks,2021-05-02,2020-21,Post-ASG
1610612751,11,0022000967,18,BKN,Brooklyn Nets,2021-05-02,2020-21,Post-ASG
1610612755,10,0022000973,12,PHI,Philadelphia 76ers,2021-05-02,2020-21,Post-ASG
1610612759,10,0022000973,10,SAS,San Antonio Spurs,2021-05-02,2020-21,Post-ASG
1610612740,10,0022000962,14,NOP,New Orleans Pelicans,2021-05-01,2020-21,Post-ASG
1610612750,10,0022000962,17,MIN,Minnesota Timberwolves,2021-05-01,2020-21,Post-ASG
1610612765,9,0022000957,10,DET,Detroit Pistons,2021-05-01,2020-21,Post-ASG
1610612766,9,0022000957,17,CHA,Charlotte Hornets,2021-05-01,2020-21,Post-ASG
1610612744,10,0022000958,10,GSW,Golden State Warriors,2021-05-01,2020-21,Post-ASG
1610612745,9,0022000958,10,HOU,Houston Rockets,2021-05-01,2020-21,Post-ASG
1610612761,9,0022000965,9,TOR,Toronto Raptors,2021-05-01,2020-21,Post-ASG
1610612762,10,0022000965,9,UTA,Utah Jazz,2021-05-01,2020-21,Post-ASG
1610612754,11,0022000963,11,IND,Indiana Pacers,2021-05-01,2020-21,Post-ASG
1610612760,11,0022000963,15,OKC,Oklahoma City Thunder,2021-05-01,2020-21,Post-ASG
1610612737,10,0022000959,11,ATL,Atlanta Hawks,2021-05-01,2020-21,Post-ASG
1610612741,10,0022000959,20,CHI,Chicago Bulls,2021-05-01,2020-21,Post-ASG
1610612742,10,0022000964,19,DAL,Dallas Mavericks,2021-05-01,2020-21,Post-ASG
1610612764,10,0022000964,19,WAS,Washington Wizards,2021-05-01,2020-21,Post-ASG
1610612741,14,0022000896,16,CHI,Chicago Bulls,2021-04-22,2020-21,Post-ASG
1610612766,13,0022000896,20,CHA,Charlotte Hornets,2021-04-22,2020-21,Post-ASG
1610612743,10,0022000890,10,DEN,Denver Nuggets,2021-04-21,2020-21,Post-ASG
1610612757,9,0022000890,13,POR,Portland Trail Blazers,2021-04-21,2020-21,Post-ASG
1610612747,13,0022000875,11,LAL,Los Angeles Lakers,2021-04-19,2020-21,Post-ASG
1610612762,14,0022000875,12,UTA,Utah Jazz,2021-04-19,2020-21,Post-ASG
1610612739,9,0022000868,14,CLE,Cleveland Cavaliers,2021-04-19,2020-21,Post-ASG
1610612765,9,0022000868,11,DET,Detroit Pistons,2021-04-19,2020-21,Post-ASG
1610612749,11,0022000873,22,MIL,Milwaukee Bucks,2021-04-19,2020-21,Post-ASG
1610612756,10,0022000873,20,PHX,Phoenix Suns,2021-04-19,2020-21,Post-ASG
1610612743,10,0022000874,16,DEN,Denver Nuggets,2021-04-19,2020-21,Post-ASG
1610612763,10,0022000874,17,MEM,Memphis Grizzlies,2021-04-19,2020-21,Post-ASG
1610612745,11,0022000871,14,HOU,Houston Rockets,2021-04-19,2020-21,Post-ASG
1610612748,10,0022000871,15,MIA,Miami Heat,2021-04-19,2020-21,Post-ASG
1610612744,12,0022000870,15,GSW,Golden State Warriors,2021-04-19,2020-21,Post-ASG
1610612755,12,0022000870,19,PHI,Philadelphia 76ers,2021-04-19,2020-21,Post-ASG
1610612740,10,0022000862,15,NOP,New Orleans Pelicans,2021-04-18,2020-21,Post-ASG
1610612752,11,0022000862,16,NYK,New York Knicks,2021-04-18,2020-21,Post-ASG
1610612745,8,0022000864,13,HOU,Houston Rockets,2021-04-18,2020-21,Post-ASG
1610612753,10,0022000864,12,ORL,Orlando Magic,2021-04-18,2020-21,Post-ASG
1610612757,9,0022000362,14,POR,Portland Trail Blazers,2021-04-18,2020-21,Post-ASG
1610612766,9,0022000362,18,CHA,Charlotte Hornets,2021-04-18,2020-21,Post-ASG
1610612748,9,0022000863,13,MIA,Miami Heat,2021-04-18,2020-21,Post-ASG
1610612751,10,0022000863,17,BKN,Brooklyn Nets,2021-04-18,2020-21,Post-ASG
1610612760,10,0022000865,11,OKC,Oklahoma City Thunder,2021-04-18,2020-21,Post-ASG
1610612761,10,0022000865,10,TOR,Toronto Raptors,2021-04-18,2020-21,Post-ASG
1610612737,9,0022000861,12,ATL,Atlanta Hawks,2021-04-18,2020-21,Post-ASG
1610612754,9,0022000861,12,IND,Indiana Pacers,2021-04-18,2020-21,Post-ASG
1610612746,13,0022000867,15,LAC,LA Clippers,2021-04-18,2020-21,Post-ASG
1610612750,13,0022000867,14,MIN,Minnesota Timberwolves,2021-04-18,2020-21,Post-ASG
1610612742,11,0022000866,20,DAL,Dallas Mavericks,2021-04-18,2020-21,Post-ASG
1610612758,10,0022000866,14,SAC,Sacramento Kings,2021-04-18,2020-21,Post-ASG
1610612764,14,0022000856,17,WAS,Washington Wizards,2021-04-17,2020-21,Post-ASG
1610612765,12,0022000856,15,DET,Detroit Pistons,2021-04-17,2020-21,Post-ASG
1610612749,14,0022000859,20,MIL,Milwaukee Bucks,2021-04-17,2020-21,Post-ASG
1610612763,11,0022000859,15,MEM,Memphis Grizzlies,2021-04-17,2020-21,Post-ASG
1610612756,13,0022000860,13,PHX,Phoenix Suns,2021-04-17,2020-21,Post-ASG
1610612759,12,0022000860,16,SAS,San Antonio Spurs,2021-04-17,2020-21,Post-ASG
1610612747,10,0022000855,14,LAL,Los Angeles Lakers,2021-04-17,2020-21,Post-ASG
1610612762,11,0022000855,16,UTA,Utah Jazz,2021-04-17,2020-21,Post-ASG
1610612739,9,0022000857,13,CLE,Cleveland Cavaliers,2021-04-17,2020-21,Post-ASG
1610612741,10,0022000857,12,CHI,Chicago Bulls,2021-04-17,2020-21,Post-ASG
1610612738,10,0022000858,13,BOS,Boston Celtics,2021-04-17,2020-21,Post-ASG
1610612744,9,0022000858,20,GSW,Golden State Warriors,2021-04-17,2020-21,Post-ASG
1610612757,9,0022000853,11,POR,Portland Trail Blazers,2021-04-16,2020-21,Post-ASG
1610612759,9,0022000853,17,SAS,San Antonio Spurs,2021-04-16,2020-21,Post-ASG
1610612751,12,0022000848,16,BKN,Brooklyn Nets,2021-04-16,2020-21,Post-ASG
1610612766,10,0022000848,15,CHA,Charlotte Hornets,2021-04-16,2020-21,Post-ASG
1610612754,10,0022000844,10,IND,Indiana Pacers,2021-04-16,2020-21,Post-ASG
1610612762,11,0022000844,14,UTA,Utah Jazz,2021-04-16,2020-21,Post-ASG
1610612753,12,0022000849,16,ORL,Orlando Magic,2021-04-16,2020-21,Post-ASG
1610612761,10,0022000849,11,TOR,Toronto Raptors,2021-04-16,2020-21,Post-ASG
1610612748,11,0022000852,16,MIA,Miami Heat,2021-04-16,2020-21,Post-ASG
1610612750,11,0022000852,19,MIN,Minnesota Timberwolves,2021-04-16,2020-21,Post-ASG
1610612742,9,0022000854,17,DAL,Dallas Mavericks,2021-04-16,2020-21,Post-ASG
1610612752,10,0022000854,14,NYK,New York Knicks,2021-04-16,2020-21,Post-ASG
1610612741,13,0022000850,18,CHI,Chicago Bulls,2021-04-16,2020-21,Post-ASG
1610612763,11,0022000850,15,MEM,Memphis Grizzlies,2021-04-16,2020-21,Post-ASG
1610612740,11,0022000847,18,NOP,New Orleans Pelicans,2021-04-16,2020-21,Post-ASG
1610612764,11,0022000847,17,WAS,Washington Wizards,2021-04-16,2020-21,Post-ASG
1610612746,10,0022000846,18,LAC,LA Clippers,2021-04-16,2020-21,Post-ASG
1610612755,10,0022000846,17,PHI,Philadelphia 76ers,2021-04-16,2020-21,Post-ASG
1610612743,14,0022000851,13,DEN,Denver Nuggets,2021-04-16,2020-21,Post-ASG
1610612745,11,0022000851,13,HOU,Houston Rockets,2021-04-16,2020-21,Post-ASG
1610612760,10,0022000845,14,OKC,Oklahoma City Thunder,2021-04-16,2020-21,Post-ASG
1610612765,10,0022000845,14,DET,Detroit Pistons,2021-04-16,2020-21,Post-ASG
1610612739,13,0022000841,15,CLE,Cleveland Cavaliers,2021-04-15,2020-21,Post-ASG
1610612744,12,0022000841,15,GSW,Golden State Warriors,2021-04-15,2020-21,Post-ASG
1610612756,10,0022000843,15,PHX,Phoenix Suns,2021-04-15,2020-21,Post-ASG
1610612758,10,0022000843,20,SAC,Sacramento Kings,2021-04-15,2020-21,Post-ASG
1610612738,14,0022000842,19,BOS,Boston Celtics,2021-04-15,2020-21,Post-ASG
1610612747,12,0022000842,18,LAL,Los Angeles Lakers,2021-04-15,2020-21,Post-ASG
1610612737,9,0022000840,11,ATL,Atlanta Hawks,2021-04-15,2020-21,Post-ASG
1610612749,10,0022000840,20,MIL,Milwaukee Bucks,2021-04-15,2020-21,Post-ASG
1610612739,10,0022000829,18,CLE,Cleveland Cavaliers,2021-04-14,2020-21,Post-ASG
1610612766,9,0022000829,20,CHA,Charlotte Hornets,2021-04-14,2020-21,Post-ASG
1610612741,12,0022000833,19,CHI,Chicago Bulls,2021-04-14,2020-21,Post-ASG
1610612753,10,0022000833,9,ORL,Orlando Magic,2021-04-14,2020-21,Post-ASG
1610612749,14,0022000834,20,MIL,Milwaukee Bucks,2021-04-14,2020-21,Post-ASG
1610612750,13,0022000834,16,MIN,Minnesota Timberwolves,2021-04-14,2020-21,Post-ASG
1610612758,10,0022000839,19,SAC,Sacramento Kings,2021-04-14,2020-21,Post-ASG
1610612764,11,0022000839,18,WAS,Washington Wizards,2021-04-14,2020-21,Post-ASG
1610612740,10,0022000835,14,NOP,New Orleans Pelicans,2021-04-14,2020-21,Post-ASG
1610612752,10,0022000835,12,NYK,New York Knicks,2021-04-14,2020-21,Post-ASG
1610612742,9,0022000837,20,DAL,Dallas Mavericks,2021-04-14,2020-21,Post-ASG
1610612763,10,0022000837,16,MEM,Memphis Grizzlies,2021-04-14,2020-21,Post-ASG
1610612744,12,0022000836,15,GSW,Golden State Warriors,2021-04-14,2020-21,Post-ASG
1610612760,11,0022000836,17,OKC,Oklahoma City Thunder,2021-04-14,2020-21,Post-ASG
1610612759,9,0022000831,14,SAS,San Antonio Spurs,2021-04-14,2020-21,Post-ASG
1610612761,10,0022000831,15,TOR,Toronto Raptors,2021-04-14,2020-21,Post-ASG
1610612745,9,0022000461,12,HOU,Houston Rockets,2021-04-14,2020-21,Post-ASG
1610612754,10,0022000461,13,IND,Indiana Pacers,2021-04-14,2020-21,Post-ASG
1610612751,9,0022000830,15,BKN,Brooklyn Nets,2021-04-14,2020-21,Post-ASG
1610612755,10,0022000830,15,PHI,Philadelphia 76ers,2021-04-14,2020-21,Post-ASG
1610612746,9,0022000832,13,LAC,LA Clippers,2021-04-14,2020-21,Post-ASG
1610612765,11,0022000832,17,DET,Detroit Pistons,2021-04-14,2020-21,Post-ASG
1610612743,13,0022000838,14,DEN,Denver Nuggets,2021-04-14,2020-21,Post-ASG
1610612748,12,0022000838,13,MIA,Miami Heat,2021-04-14,2020-21,Post-ASG
1610612746,12,0022000823,16,LAC,LA Clippers,2021-04-13,2020-21,Post-ASG
1610612754,14,0022000823,13,IND,Indiana Pacers,2021-04-13,2020-21,Post-ASG
1610612760,12,0022000826,18,OKC,Oklahoma City Thunder,2021-04-13,2020-21,Post-ASG
1610612762,10,0022000826,7,UTA,Utah Jazz,2021-04-13,2020-21,Post-ASG
1610612750,13,0022000817,16,MIN,Minnesota Timberwolves,2021-04-13,2020-21,Post-ASG
1610612751,12,0022000817,20,BKN,Brooklyn Nets,2021-04-13,2020-21,Post-ASG
1610612737,9,0022000824,13,ATL,Atlanta Hawks,2021-04-13,2020-21,Post-ASG
1610612761,9,0022000824,9,TOR,Toronto Raptors,2021-04-13,2020-21,Post-ASG
1610612738,10,0022000828,15,BOS,Boston Celtics,2021-04-13,2020-21,Post-ASG
1610612757,9,0022000828,14,POR,Portland Trail Blazers,2021-04-13,2020-21,Post-ASG
1610612747,10,0022000825,14,LAL,Los Angeles Lakers,2021-04-13,2020-21,Post-ASG
1610612766,9,0022000825,14,CHA,Charlotte Hornets,2021-04-13,2020-21,Post-ASG
1610612748,13,0022000827,15,MIA,Miami Heat,2021-04-13,2020-21,Post-ASG
1610612756,12,0022000827,15,PHX,Phoenix Suns,2021-04-13,2020-21,Post-ASG
1610612753,13,0022000816,18,ORL,Orlando Magic,2021-04-12,2020-21,Post-ASG
1610612759,14,0022000816,17,SAS,San Antonio Spurs,2021-04-12,2020-21,Post-ASG
1610612742,15,0022000818,20,DAL,Dallas Mavericks,2021-04-12,2020-21,Post-ASG
1610612755,15,0022000818,15,PHI,Philadelphia 76ers,2021-04-12,2020-21,Post-ASG
1610612743,10,0022000821,12,DEN,Denver Nuggets,2021-04-12,2020-21,Post-ASG
1610612744,11,0022000821,13,GSW,Golden State Warriors,2021-04-12,2020-21,Post-ASG
1610612740,11,0022000819,19,NOP,New Orleans Pelicans,2021-04-12,2020-21,Post-ASG
1610612758,11,0022000819,16,SAC,Sacramento Kings,2021-04-12,2020-21,Post-ASG
1610612747,13,0022000815,15,LAL,Los Angeles Lakers,2021-04-12,2020-21,Post-ASG
1610612752,13,0022000815,12,NYK,New York Knicks,2021-04-12,2020-21,Post-ASG
1610612745,10,0022000822,15,HOU,Houston Rockets,2021-04-12,2020-21,Post-ASG
1610612756,10,0022000822,12,PHX,Phoenix Suns,2021-04-12,2020-21,Post-ASG
1610612741,10,0022000278,18,CHI,Chicago Bulls,2021-04-12,2020-21,Post-ASG
1610612763,10,0022000278,17,MEM,Memphis Grizzlies,2021-04-12,2020-21,Post-ASG
1610612762,10,0022000820,9,UTA,Utah Jazz,2021-04-12,2020-21,Post-ASG
1610612764,12,0022000820,21,WAS,Washington Wizards,2021-04-12,2020-21,Post-ASG
1610612748,9,0022000814,10,MIA,Miami Heat,2021-04-11,2020-21,Post-ASG
1610612757,13,0022000814,12,POR,Portland Trail Blazers,2021-04-11,2020-21,Post-ASG
1610612739,10,0022000807,18,CLE,Cleveland Cavaliers,2021-04-11,2020-21,Post-ASG
1610612740,9,0022000807,14,NOP,New Orleans Pelicans,2021-04-11,2020-21,Post-ASG
1610612737,9,0022000805,12,ATL,Atlanta Hawks,2021-04-11,2020-21,Post-ASG
1610612766,10,0022000805,21,CHA,Charlotte Hornets,2021-04-11,2020-21,Post-ASG
1610612749,13,0022000808,15,MIL,Milwaukee Bucks,2021-04-11,2020-21,Post-ASG
1610612753,11,0022000808,13,ORL,Orlando Magic,2021-04-11,2020-21,Post-ASG
1610612754,10,0022000811,9,IND,Indiana Pacers,2021-04-11,2020-21,Post-ASG
1610612763,10,0022000811,10,MEM,Memphis Grizzlies,2021-04-11,2020-21,Post-ASG
1610612752,12,0022000809,14,NYK,New York Knicks,2021-04-11,2020-21,Post-ASG
1610612761,10,0022000809,15,TOR,Toronto Raptors,2021-04-11,2020-21,Post-ASG
1610612747,11,0022000800,13,LAL,Los Angeles Lakers,2021-04-10,2020-21,Post-ASG
1610612751,13,0022000800,17,BKN,Brooklyn Nets,2021-04-10,2020-21,Post-ASG
1610612757,12,0022000804,15,POR,Portland Trail Blazers,2021-04-10,2020-21,Post-ASG
1610612765,13,0022000804,19,DET,Detroit Pistons,2021-04-10,2020-21,Post-ASG
1610612744,11,0022000802,18,GSW,Golden State Warriors,2021-04-10,2020-21,Post-ASG
1610612745,10,0022000802,11,HOU,Houston Rockets,2021-04-10,2020-21,Post-ASG
1610612739,12,0022000794,17,CLE,Cleveland Cavaliers,2021-04-10,2020-21,Post-ASG
1610612761,10,0022000794,20,TOR,Toronto Raptors,2021-04-10,2020-21,Post-ASG
1610612755,13,0022000199,11,PHI,Philadelphia 76ers,2021-04-10,2020-21,Post-ASG
1610612760,11,0022000199,17,OKC,Oklahoma City Thunder,2021-04-10,2020-21,Post-ASG
1610612758,9,0022000801,14,SAC,Sacramento Kings,2021-04-10,2020-21,Post-ASG
1610612762,9,0022000801,10,UTA,Utah Jazz,2021-04-10,2020-21,Post-ASG
1610612756,13,0022000803,13,PHX,Phoenix Suns,2021-04-10,2020-21,Post-ASG
1610612764,13,0022000803,15,WAS,Washington Wizards,2021-04-10,2020-21,Post-ASG
1610612749,10,0022000796,19,MIL,Milwaukee Bucks,2021-04-09,2020-21,Post-ASG
1610612766,13,0022000796,19,CHA,Charlotte Hornets,2021-04-09,2020-21,Post-ASG
1610612737,9,0022000791,14,ATL,Atlanta Hawks,2021-04-09,2020-21,Post-ASG
1610612741,9,0022000791,11,CHI,Chicago Bulls,2021-04-09,2020-21,Post-ASG
1610612743,9,0022000797,12,DEN,Denver Nuggets,2021-04-09,2020-21,Post-ASG
1610612759,10,0022000797,16,SAS,San Antonio Spurs,2021-04-09,2020-21,Post-ASG
1610612744,9,0022000798,14,GSW,Golden State Warriors,2021-04-09,2020-21,Post-ASG
1610612764,10,0022000798,19,WAS,Washington Wizards,2021-04-09,2020-21,Post-ASG
1610612740,9,0022000795,12,NOP,New Orleans Pelicans,2021-04-09,2020-21,Post-ASG
1610612755,14,0022000795,14,PHI,Philadelphia 76ers,2021-04-09,2020-21,Post-ASG
1610612745,12,0022000799,12,HOU,Houston Rockets,2021-04-09,2020-21,Post-ASG
1610612746,12,0022000799,20,LAC,LA Clippers,2021-04-09,2020-21,Post-ASG
1610612753,10,0022000790,19,ORL,Orlando Magic,2021-04-09,2020-21,Post-ASG
1610612754,10,0022000790,16,IND,Indiana Pacers,2021-04-09,2020-21,Post-ASG
1610612752,11,0022000793,14,NYK,New York Knicks,2021-04-09,2020-21,Post-ASG
1610612763,10,0022000793,12,MEM,Memphis Grizzlies,2021-04-09,2020-21,Post-ASG
1610612738,10,0022000792,17,BOS,Boston Celtics,2021-04-09,2020-21,Post-ASG
1610612750,10,0022000792,14,MIN,Minnesota Timberwolves,2021-04-09,2020-21,Post-ASG
1610612741,9,0022000523,14,CHI,Chicago Bulls,2021-04-08,2020-21,Post-ASG
1610612761,8,0022000523,11,TOR,Toronto Raptors,2021-04-08,2020-21,Post-ASG
1610612746,13,0022000788,17,LAC,LA Clippers,2021-04-08,2020-21,Post-ASG
1610612756,12,0022000788,15,PHX,Phoenix Suns,2021-04-08,2020-21,Post-ASG
1610612742,11,0022000786,15,DAL,Dallas Mavericks,2021-04-08,2020-21,Post-ASG
1610612749,11,0022000786,18,MIL,Milwaukee Bucks,2021-04-08,2020-21,Post-ASG
1610612757,12,0022000787,16,POR,Portland Trail Blazers,2021-04-08,2020-21,Post-ASG
1610612762,14,0022000787,11,UTA,Utah Jazz,2021-04-08,2020-21,Post-ASG
1610612758,10,0022000789,16,SAC,Sacramento Kings,2021-04-08,2020-21,Post-ASG
1610612765,11,0022000789,16,DET,Detroit Pistons,2021-04-08,2020-21,Post-ASG
1610612739,10,0022000785,12,CLE,Cleveland Cavaliers,2021-04-08,2020-21,Post-ASG
1610612760,9,0022000785,16,OKC,Oklahoma City Thunder,2021-04-08,2020-21,Post-ASG
1610612747,9,0022000784,12,LAL,Los Angeles Lakers,2021-04-08,2020-21,Post-ASG
1610612748,10,0022000784,17,MIA,Miami Heat,2021-04-08,2020-21,Post-ASG
1610612742,10,0022000456,12,DAL,Dallas Mavericks,2021-04-07,2020-21,Post-ASG
1610612745,9,0022000456,12,HOU,Houston Rockets,2021-04-07,2020-21,Post-ASG
1610612743,14,0022000782,15,DEN,Denver Nuggets,2021-04-07,2020-21,Post-ASG
1610612759,13,0022000782,18,SAS,San Antonio Spurs,2021-04-07,2020-21,Post-ASG
1610612740,11,0022000779,17,NOP,New Orleans Pelicans,2021-04-07,2020-21,Post-ASG
1610612751,12,0022000779,19,BKN,Brooklyn Nets,2021-04-07,2020-21,Post-ASG
1610612738,9,0022000778,12,BOS,Boston Celtics,2021-04-07,2020-21,Post-ASG
1610612752,10,0022000778,12,NYK,New York Knicks,2021-04-07,2020-21,Post-ASG
1610612750,10,0022000776,18,MIN,Minnesota Timberwolves,2021-04-07,2020-21,Post-ASG
1610612754,11,0022000776,13,IND,Indiana Pacers,2021-04-07,2020-21,Post-ASG
1610612756,10,0022000783,16,PHX,Phoenix Suns,2021-04-07,2020-21,Post-ASG
1610612762,9,0022000783,13,UTA,Utah Jazz,2021-04-07,2020-21,Post-ASG
1610612760,9,0022000781,17,OKC,Oklahoma City Thunder,2021-04-07,2020-21,Post-ASG
1610612766,9,0022000781,13,CHA,Charlotte Hornets,2021-04-07,2020-21,Post-ASG
1610612753,12,0022000777,11,ORL,Orlando Magic,2021-04-07,2020-21,Post-ASG
1610612764,13,0022000777,17,WAS,Washington Wizards,2021-04-07,2020-21,Post-ASG
1610612737,11,0022000780,14,ATL,Atlanta Hawks,2021-04-07,2020-21,Post-ASG
1610612763,12,0022000780,13,MEM,Memphis Grizzlies,2021-04-07,2020-21,Post-ASG
1610612744,9,0022000774,14,GSW,Golden State Warriors,2021-04-06,2020-21,Post-ASG
1610612749,11,0022000774,19,MIL,Milwaukee Bucks,2021-04-06,2020-21,Post-ASG
1610612747,12,0022000772,17,LAL,Los Angeles Lakers,2021-04-06,2020-21,Post-ASG
1610612761,9,0022000772,16,TOR,Toronto Raptors,2021-04-06,2020-21,Post-ASG
1610612741,12,0022000769,17,CHI,Chicago Bulls,2021-04-06,2020-21,Post-ASG
1610612754,14,0022000769,17,IND,Indiana Pacers,2021-04-06,2020-21,Post-ASG
1610612743,13,0022000321,14,DEN,Denver Nuggets,2021-04-06,2020-21,Post-ASG
1610612765,13,0022000321,16,DET,Detroit Pistons,2021-04-06,2020-21,Post-ASG
1610612737,13,0022000770,18,ATL,Atlanta Hawks,2021-04-06,2020-21,Post-ASG
1610612740,11,0022000770,12,NOP,New Orleans Pelicans,2021-04-06,2020-21,Post-ASG
1610612748,12,0022000773,18,MIA,Miami Heat,2021-04-06,2020-21,Post-ASG
1610612763,11,0022000773,11,MEM,Memphis Grizzlies,2021-04-06,2020-21,Post-ASG
1610612738,15,0022000771,20,BOS,Boston Celtics,2021-04-06,2020-21,Post-ASG
1610612755,12,0022000771,16,PHI,Philadelphia 76ers,2021-04-06,2020-21,Post-ASG
1610612746,12,0022000775,19,LAC,LA Clippers,2021-04-06,2020-21,Post-ASG
1610612757,11,0022000775,15,POR,Portland Trail Blazers,2021-04-06,2020-21,Post-ASG
1610612745,9,0022000768,10,HOU,Houston Rockets,2021-04-05,2020-21,Post-ASG
1610612756,10,0022000768,11,PHX,Phoenix Suns,2021-04-05,2020-21,Post-ASG
1610612739,10,0022000767,11,CLE,Cleveland Cavaliers,2021-04-05,2020-21,Post-ASG
1610612759,12,0022000767,14,SAS,San Antonio Spurs,2021-04-05,2020-21,Post-ASG
1610612761,9,0022000763,15,TOR,Toronto Raptors,2021-04-05,2020-21,Post-ASG
1610612764,10,0022000763,16,WAS,Washington Wizards,2021-04-05,2020-21,Post-ASG
1610612750,11,0022000765,18,MIN,Minnesota Timberwolves,2021-04-05,2020-21,Post-ASG
1610612758,9,0022000765,10,SAC,Sacramento Kings,2021-04-05,2020-21,Post-ASG
1610612760,10,0022000766,12,OKC,Oklahoma City Thunder,2021-04-05,2020-21,Post-ASG
1610612765,12,0022000766,14,DET,Detroit Pistons,2021-04-05,2020-21,Post-ASG
1610612742,8,0022000764,10,DAL,Dallas Mavericks,2021-04-05,2020-21,Post-ASG
1610612762,9,0022000764,10,UTA,Utah Jazz,2021-04-05,2020-21,Post-ASG
1610612751,10,0022000762,19,BKN,Brooklyn Nets,2021-04-05,2020-21,Post-ASG
1610612752,10,0022000762,11,NYK,New York Knicks,2021-04-05,2020-21,Post-ASG
1610612743,11,0022000761,13,DEN,Denver Nuggets,2021-04-04,2020-21,Post-ASG
1610612753,8,0022000761,8,ORL,Orlando Magic,2021-04-04,2020-21,Post-ASG
1610612741,10,0022000755,15,CHI,Chicago Bulls,2021-04-04,2020-21,Post-ASG
1610612751,13,0022000755,14,BKN,Brooklyn Nets,2021-04-04,2020-21,Post-ASG
1610612746,12,0022000756,19,LAC,LA Clippers,2021-04-04,2020-21,Post-ASG
1610612747,11,0022000756,13,LAL,Los Angeles Lakers,2021-04-04,2020-21,Post-ASG
1610612737,9,0022000759,11,ATL,Atlanta Hawks,2021-04-04,2020-21,Post-ASG
1610612744,10,0022000759,17,GSW,Golden State Warriors,2021-04-04,2020-21,Post-ASG
1610612740,9,0022000760,15,NOP,New Orleans Pelicans,2021-04-04,2020-21,Post-ASG
1610612745,10,0022000760,15,HOU,Houston Rockets,2021-04-04,2020-21,Post-ASG
1610612755,14,0022000758,14,PHI,Philadelphia 76ers,2021-04-04,2020-21,Post-ASG
1610612763,14,0022000758,14,MEM,Memphis Grizzlies,2021-04-04,2020-21,Post-ASG
1610612738,15,0022000757,17,BOS,Boston Celtics,2021-04-04,2020-21,Post-ASG
1610612766,14,0022000757,21,CHA,Charlotte Hornets,2021-04-04,2020-21,Post-ASG
1610612742,11,0022000747,19,DAL,Dallas Mavericks,2021-04-03,2020-21,Post-ASG
1610612764,11,0022000747,17,WAS,Washington Wizards,2021-04-03,2020-21,Post-ASG
1610612739,9,0022000749,17,CLE,Cleveland Cavaliers,2021-04-03,2020-21,Post-ASG
1610612748,11,0022000749,12,MIA,Miami Heat,2021-04-03,2020-21,Post-ASG
1610612750,11,0022000750,14,MIN,Minnesota Timberwolves,2021-04-03,2020-21,Post-ASG
1610612755,10,0022000750,17,PHI,Philadelphia 76ers,2021-04-03,2020-21,Post-ASG
1610612754,10,0022000751,12,IND,Indiana Pacers,2021-04-03,2020-21,Post-ASG
1610612759,9,0022000751,18,SAS,San Antonio Spurs,2021-04-03,2020-21,Post-ASG
1610612753,8,0022000752,13,ORL,Orlando Magic,2021-04-03,2020-21,Post-ASG
1610612762,13,0022000752,13,UTA,Utah Jazz,2021-04-03,2020-21,Post-ASG
1610612752,15,0022000748,10,NYK,New York Knicks,2021-04-03,2020-21,Post-ASG
1610612765,14,0022000748,12,DET,Detroit Pistons,2021-04-03,2020-21,Post-ASG
1610612757,11,0022000753,11,POR,Portland Trail Blazers,2021-04-03,2020-21,Post-ASG
1610612760,11,0022000753,13,OKC,Oklahoma City Thunder,2021-04-03,2020-21,Post-ASG
1610612749,10,0022000754,14,MIL,Milwaukee Bucks,2021-04-03,2020-21,Post-ASG
1610612758,9,0022000754,14,SAC,Sacramento Kings,2021-04-03,2020-21,Post-ASG
1610612738,14,0022000738,12,BOS,Boston Celtics,2021-04-02,2020-21,Post-ASG
1610612745,12,0022000738,14,HOU,Houston Rockets,2021-04-02,2020-21,Post-ASG
1610612756,12,0022000744,17,PHX,Phoenix Suns,2021-04-02,2020-21,Post-ASG
1610612760,11,0022000744,14,OKC,Oklahoma City Thunder,2021-04-02,2020-21,Post-ASG
1610612741,9,0022000743,15,CHI,Chicago Bulls,2021-04-02,2020-21,Post-ASG
1610612762,10,0022000743,12,UTA,Utah Jazz,2021-04-02,2020-21,Post-ASG
1610612754,12,0022000740,18,IND,Indiana Pacers,2021-04-02,2020-21,Post-ASG
1610612766,12,0022000740,18,CHA,Charlotte Hornets,2021-04-02,2020-21,Post-ASG
1610612742,10,0022000739,13,DAL,Dallas Mavericks,2021-04-02,2020-21,Post-ASG
1610612752,10,0022000739,10,NYK,New York Knicks,2021-04-02,2020-21,Post-ASG
1610612750,12,0022000741,18,MIN,Minnesota Timberwolves,2021-04-02,2020-21,Post-ASG
1610612763,14,0022000741,15,MEM,Memphis Grizzlies,2021-04-02,2020-21,Post-ASG
1610612747,12,0022000746,15,LAL,Los Angeles Lakers,2021-04-02,2020-21,Post-ASG
1610612758,13,0022000746,19,SAC,Sacramento Kings,2021-04-02,2020-21,Post-ASG
1610612749,11,0022000745,25,MIL,Milwaukee Bucks,2021-04-02,2020-21,Post-ASG
1610612757,12,0022000745,15,POR,Portland Trail Blazers,2021-04-02,2020-21,Post-ASG
1610612744,12,0022000737,16,GSW,Golden State Warriors,2021-04-02,2020-21,Post-ASG
1610612761,10,0022000737,14,TOR,Toronto Raptors,2021-04-02,2020-21,Post-ASG
1610612737,11,0022000742,19,ATL,Atlanta Hawks,2021-04-02,2020-21,Post-ASG
1610612740,9,0022000742,14,NOP,New Orleans Pelicans,2021-04-02,2020-21,Post-ASG
1610612751,12,0022000732,15,BKN,Brooklyn Nets,2021-04-01,2020-21,Post-ASG
1610612766,14,0022000732,15,CHA,Charlotte Hornets,2021-04-01,2020-21,Post-ASG
1610612764,11,0022000179,17,WAS,Washington Wizards,2021-04-01,2020-21,Post-ASG
1610612765,11,0022000179,13,DET,Detroit Pistons,2021-04-01,2020-21,Post-ASG
1610612743,9,0022000736,12,DEN,Denver Nuggets,2021-04-01,2020-21,Post-ASG
1610612746,11,0022000736,18,LAC,LA Clippers,2021-04-01,2020-21,Post-ASG
1610612750,11,0022000726,12,MIN,Minnesota Timberwolves,2021-03-31,2020-21,Post-ASG
1610612752,9,0022000726,10,NYK,New York Knicks,2021-03-31,2020-21,Post-ASG
1610612745,9,0022000724,15,HOU,Houston Rockets,2021-03-31,2020-21,Post-ASG
1610612751,10,0022000724,19,BKN,Brooklyn Nets,2021-03-31,2020-21,Post-ASG
1610612738,10,0022000723,15,BOS,Boston Celtics,2021-03-31,2020-21,Post-ASG
1610612742,10,0022000723,13,DAL,Dallas Mavericks,2021-03-31,2020-21,Post-ASG
1610612758,13,0022000728,14,SAC,Sacramento Kings,2021-03-31,2020-21,Post-ASG
1610612759,14,0022000728,17,SAS,San Antonio Spurs,2021-03-31,2020-21,Post-ASG
1610612762,9,0022000725,9,UTA,Utah Jazz,2021-03-31,2020-21,Post-ASG
1610612763,10,0022000725,15,MEM,Memphis Grizzlies,2021-03-31,2020-21,Post-ASG
1610612757,11,0022000721,11,POR,Portland Trail Blazers,2021-03-31,2020-21,Post-ASG
1610612765,11,0022000721,15,DET,Detroit Pistons,2021-03-31,2020-21,Post-ASG
1610612741,9,0022000730,12,CHI,Chicago Bulls,2021-03-31,2020-21,Post-ASG
1610612756,10,0022000730,12,PHX,Phoenix Suns,2021-03-31,2020-21,Post-ASG
1610612760,9,0022000727,15,OKC,Oklahoma City Thunder,2021-03-31,2020-21,Post-ASG
1610612761,10,0022000727,16,TOR,Toronto Raptors,2021-03-31,2020-21,Post-ASG
1610612747,13,0022000729,17,LAL,Los Angeles Lakers,2021-03-31,2020-21,Post-ASG
1610612749,12,0022000729,22,MIL,Milwaukee Bucks,2021-03-31,2020-21,Post-ASG
1610612748,10,0022000722,14,MIA,Miami Heat,2021-03-31,2020-21,Post-ASG
1610612754,10,0022000722,14,IND,Indiana Pacers,2021-03-31,2020-21,Post-ASG
1610612746,8,0022000720,14,LAC,LA Clippers,2021-03-30,2020-21,Post-ASG
1610612753,11,0022000720,16,ORL,Orlando Magic,2021-03-30,2020-21,Post-ASG
1610612743,9,0022000719,13,DEN,Denver Nuggets,2021-03-30,2020-21,Post-ASG
1610612755,13,0022000719,14,PHI,Philadelphia 76ers,2021-03-30,2020-21,Post-ASG
1610612737,11,0022000171,16,ATL,Atlanta Hawks,2021-03-30,2020-21,Post-ASG
1610612756,10,0022000171,12,PHX,Phoenix Suns,2021-03-30,2020-21,Post-ASG
1610612764,9,0022000718,16,WAS,Washington Wizards,2021-03-30,2020-21,Post-ASG
1610612766,9,0022000718,14,CHA,Charlotte Hornets,2021-03-30,2020-21,Post-ASG
1610612741,13,0022000716,21,CHI,Chicago Bulls,2021-03-29,2020-21,Post-ASG
1610612744,12,0022000716,16,GSW,Golden State Warriors,2021-03-29,2020-21,Post-ASG
1610612738,10,0022000708,20,BOS,Boston Celtics,2021-03-29,2020-21,Post-ASG
1610612740,9,0022000708,12,NOP,New Orleans Pelicans,2021-03-29,2020-21,Post-ASG
1610612761,11,0022000711,19,TOR,Toronto Raptors,2021-03-29,2020-21,Post-ASG
1610612765,10,0022000711,17,DET,Detroit Pistons,2021-03-29,2020-21,Post-ASG
1610612742,14,0022000713,17,DAL,Dallas Mavericks,2021-03-29,2020-21,Post-ASG
1610612760,9,0022000713,14,OKC,Oklahoma City Thunder,2021-03-29,2020-21,Post-ASG
1610612758,14,0022000714,11,SAC,Sacramento Kings,2021-03-29,2020-21,Post-ASG
1610612759,13,0022000714,15,SAS,San Antonio Spurs,2021-03-29,2020-21,Post-ASG
1610612746,10,0022000717,16,LAC,LA Clippers,2021-03-29,2020-21,Post-ASG
1610612749,12,0022000717,19,MIL,Milwaukee Bucks,2021-03-29,2020-21,Post-ASG
1610612739,9,0022000715,15,CLE,Cleveland Cavaliers,2021-03-29,2020-21,Post-ASG
1610612762,15,0022000715,11,UTA,Utah Jazz,2021-03-29,2020-21,Post-ASG
1610612754,10,0022000707,14,IND,Indiana Pacers,2021-03-29,2020-21,Post-ASG
1610612764,10,0022000707,18,WAS,Washington Wizards,2021-03-29,2020-21,Post-ASG
1610612750,10,0022000709,14,MIN,Minnesota Timberwolves,2021-03-29,2020-21,Post-ASG
1610612751,10,0022000709,19,BKN,Brooklyn Nets,2021-03-29,2020-21,Post-ASG
1610612748,10,0022000710,13,MIA,Miami Heat,2021-03-29,2020-21,Post-ASG
1610612752,10,0022000710,10,NYK,New York Knicks,2021-03-29,2020-21,Post-ASG
1610612745,10,0022000712,12,HOU,Houston Rockets,2021-03-29,2020-21,Post-ASG
1610612763,10,0022000712,16,MEM,Memphis Grizzlies,2021-03-29,2020-21,Post-ASG
1610612747,9,0022000706,14,LAL,Los Angeles Lakers,2021-03-28,2020-21,Post-ASG
1610612753,11,0022000706,21,ORL,Orlando Magic,2021-03-28,2020-21,Post-ASG
1610612757,9,0022000704,16,POR,Portland Trail Blazers,2021-03-28,2020-21,Post-ASG
1610612761,9,0022000704,13,TOR,Toronto Raptors,2021-03-28,2020-21,Post-ASG
1610612756,10,0022000703,11,PHX,Phoenix Suns,2021-03-28,2020-21,Post-ASG
1610612766,10,0022000703,12,CHA,Charlotte Hornets,2021-03-28,2020-21,Post-ASG
1610612737,13,0022000705,14,ATL,Atlanta Hawks,2021-03-28,2020-21,Post-ASG
1610612743,13,0022000705,11,DEN,Denver Nuggets,2021-03-28,2020-21,Post-ASG
1610612762,15,0022000700,11,UTA,Utah Jazz,2021-03-27,2020-21,Post-ASG
1610612763,15,0022000700,12,MEM,Memphis Grizzlies,2021-03-27,2020-21,Post-ASG
1610612738,12,0022000699,16,BOS,Boston Celtics,2021-03-27,2020-21,Post-ASG
1610612760,9,0022000699,15,OKC,Oklahoma City Thunder,2021-03-27,2020-21,Post-ASG
1610612745,11,0022000696,16,HOU,Houston Rockets,2021-03-27,2020-21,Post-ASG
1610612750,12,0022000696,16,MIN,Minnesota Timberwolves,2021-03-27,2020-21,Post-ASG
1610612749,8,0022000695,13,MIL,Milwaukee Bucks,2021-03-27,2020-21,Post-ASG
1610612752,10,0022000695,12,NYK,New York Knicks,2021-03-27,2020-21,Post-ASG
1610612746,11,0022000701,15,LAC,LA Clippers,2021-03-27,2020-21,Post-ASG
1610612755,13,0022000701,19,PHI,Philadelphia 76ers,2021-03-27,2020-21,Post-ASG
1610612741,15,0022000697,15,CHI,Chicago Bulls,2021-03-27,2020-21,Post-ASG
1610612759,13,0022000697,18,SAS,San Antonio Spurs,2021-03-27,2020-21,Post-ASG
1610612764,12,0022000694,21,WAS,Washington Wizards,2021-03-27,2020-21,Post-ASG
1610612765,12,0022000694,18,DET,Detroit Pistons,2021-03-27,2020-21,Post-ASG
1610612740,9,0022000698,10,NOP,New Orleans Pelicans,2021-03-27,2020-21,Post-ASG
1610612742,8,0022000698,13,DAL,Dallas Mavericks,2021-03-27,2020-21,Post-ASG
1610612739,8,0022000702,10,CLE,Cleveland Cavaliers,2021-03-27,2020-21,Post-ASG
1610612758,9,0022000702,14,SAC,Sacramento Kings,2021-03-27,2020-21,Post-ASG
1610612753,8,0022000687,15,ORL,Orlando Magic,2021-03-26,2020-21,Post-ASG
1610612757,9,0022000687,15,POR,Portland Trail Blazers,2021-03-26,2020-21,Post-ASG
1610612742,11,0022000690,17,DAL,Dallas Mavericks,2021-03-26,2020-21,Post-ASG
1610612754,14,0022000690,16,IND,Indiana Pacers,2021-03-26,2020-21,Post-ASG
1610612740,8,0022000689,12,NOP,New Orleans Pelicans,2021-03-26,2020-21,Post-ASG
1610612743,9,0022000689,13,DEN,Denver Nuggets,2021-03-26,2020-21,Post-ASG
1610612751,9,0022000683,18,BKN,Brooklyn Nets,2021-03-26,2020-21,Post-ASG
1610612765,13,0022000683,18,DET,Detroit Pistons,2021-03-26,2020-21,Post-ASG
1610612738,11,0022000685,18,BOS,Boston Celtics,2021-03-26,2020-21,Post-ASG
1610612749,12,0022000685,20,MIL,Milwaukee Bucks,2021-03-26,2020-21,Post-ASG
1610612762,9,0022000691,10,UTA,Utah Jazz,2021-03-26,2020-21,Post-ASG
1610612763,10,0022000691,13,MEM,Memphis Grizzlies,2021-03-26,2020-21,Post-ASG
1610612748,10,0022000686,19,MIA,Miami Heat,2021-03-26,2020-21,Post-ASG
1610612766,9,0022000686,16,CHA,Charlotte Hornets,2021-03-26,2020-21,Post-ASG
1610612756,10,0022000684,11,PHX,Phoenix Suns,2021-03-26,2020-21,Post-ASG
1610612761,9,0022000684,15,TOR,Toronto Raptors,2021-03-26,2020-21,Post-ASG
1610612737,13,0022000692,19,ATL,Atlanta Hawks,2021-03-26,2020-21,Post-ASG
1610612744,12,0022000692,17,GSW,Golden State Warriors,2021-03-26,2020-21,Post-ASG
1610612745,8,0022000688,10,HOU,Houston Rockets,2021-03-26,2020-21,Post-ASG
1610612750,9,0022000688,13,MIN,Minnesota Timberwolves,2021-03-26,2020-21,Post-ASG
1610612739,11,0022000693,16,CLE,Cleveland Cavaliers,2021-03-26,2020-21,Post-ASG
1610612747,12,0022000693,16,LAL,Los Angeles Lakers,2021-03-26,2020-21,Post-ASG
1610612752,10,0022000679,9,NYK,New York Knicks,2021-03-25,2020-21,Post-ASG
1610612764,9,0022000679,11,WAS,Washington Wizards,2021-03-25,2020-21,Post-ASG
1610612746,8,0022000680,12,LAC,LA Clippers,2021-03-25,2020-21,Post-ASG
1610612759,10,0022000680,16,SAS,San Antonio Spurs,2021-03-25,2020-21,Post-ASG
1610612748,9,0022000678,15,MIA,Miami Heat,2021-03-25,2020-21,Post-ASG
1610612757,8,0022000678,14,POR,Portland Trail Blazers,2021-03-25,2020-21,Post-ASG
1610612744,11,0022000682,14,GSW,Golden State Warriors,2021-03-25,2020-21,Post-ASG
1610612758,10,0022000682,14,SAC,Sacramento Kings,2021-03-25,2020-21,Post-ASG
1610612747,10,0022000681,15,LAL,Los Angeles Lakers,2021-03-25,2020-21,Post-ASG
1610612755,11,0022000681,20,PHI,Philadelphia 76ers,2021-03-25,2020-21,Post-ASG
1610612738,10,0022000669,14,BOS,Boston Celtics,2021-03-24,2020-21,Post-ASG
1610612749,10,0022000669,17,MIL,Milwaukee Bucks,2021-03-24,2020-21,Post-ASG
1610612751,10,0022000676,17,BKN,Brooklyn Nets,2021-03-24,2020-21,Post-ASG
1610612762,15,0022000676,10,UTA,Utah Jazz,2021-03-24,2020-21,Post-ASG
1610612737,10,0022000677,15,ATL,Atlanta Hawks,2021-03-24,2020-21,Post-ASG
1610612758,9,0022000677,14,SAC,Sacramento Kings,2021-03-24,2020-21,Post-ASG
1610612739,11,0022000671,13,CLE,Cleveland Cavaliers,2021-03-24,2020-21,Post-ASG
1610612741,11,0022000671,18,CHI,Chicago Bulls,2021-03-24,2020-21,Post-ASG
1610612754,10,0022000667,12,IND,Indiana Pacers,2021-03-24,2020-21,Post-ASG
1610612765,12,0022000667,14,DET,Detroit Pistons,2021-03-24,2020-21,Post-ASG
1610612760,9,0022000674,11,OKC,Oklahoma City Thunder,2021-03-24,2020-21,Post-ASG
1610612763,10,0022000674,13,MEM,Memphis Grizzlies,2021-03-24,2020-21,Post-ASG
1610612742,12,0022000673,13,DAL,Dallas Mavericks,2021-03-24,2020-21,Post-ASG
1610612750,10,0022000673,14,MIN,Minnesota Timberwolves,2021-03-24,2020-21,Post-ASG
1610612745,11,0022000672,13,HOU,Houston Rockets,2021-03-24,2020-21,Post-ASG
1610612766,14,0022000672,16,CHA,Charlotte Hornets,2021-03-24,2020-21,Post-ASG
1610612753,10,0022000670,11,ORL,Orlando Magic,2021-03-24,2020-21,Post-ASG
1610612756,10,0022000670,15,PHX,Phoenix Suns,2021-03-24,2020-21,Post-ASG
1610612746,12,0022000675,17,LAC,LA Clippers,2021-03-24,2020-21,Post-ASG
1610612759,12,0022000675,17,SAS,San Antonio Spurs,2021-03-24,2020-21,Post-ASG
1610612748,11,0022000664,16,MIA,Miami Heat,2021-03-23,2020-21,Post-ASG
1610612756,13,0022000664,14,PHX,Phoenix Suns,2021-03-23,2020-21,Post-ASG
1610612751,9,0022000666,16,BKN,Brooklyn Nets,2021-03-23,2020-21,Post-ASG
1610612757,8,0022000666,19,POR,Portland Trail Blazers,2021-03-23,2020-21,Post-ASG
1610612744,9,0022000665,17,GSW,Golden State Warriors,2021-03-23,2020-21,Post-ASG
1610612755,10,0022000665,15,PHI,Philadelphia 76ers,2021-03-23,2020-21,Post-ASG
1610612743,9,0022000661,8,DEN,Denver Nuggets,2021-03-23,2020-21,Post-ASG
1610612753,10,0022000661,10,ORL,Orlando Magic,2021-03-23,2020-21,Post-ASG
1610612740,12,0022000663,15,NOP,New Orleans Pelicans,2021-03-23,2020-21,Post-ASG
1610612747,11,0022000663,16,LAL,Los Angeles Lakers,2021-03-23,2020-21,Post-ASG
1610612752,12,0022000662,15,NYK,New York Knicks,2021-03-23,2020-21,Post-ASG
1610612764,13,0022000662,17,WAS,Washington Wizards,2021-03-23,2020-21,Post-ASG
1610612741,14,0022000656,19,CHI,Chicago Bulls,2021-03-22,2020-21,Post-ASG
1610612762,14,0022000656,10,UTA,Utah Jazz,2021-03-22,2020-21,Post-ASG
1610612738,11,0022000658,19,BOS,Boston Celtics,2021-03-22,2020-21,Post-ASG
1610612763,10,0022000658,10,MEM,Memphis Grizzlies,2021-03-22,2020-21,Post-ASG
1610612737,11,0022000660,14,ATL,Atlanta Hawks,2021-03-22,2020-21,Post-ASG
1610612746,11,0022000660,13,LAC,LA Clippers,2021-03-22,2020-21,Post-ASG
1610612739,12,0022000653,12,CLE,Cleveland Cavaliers,2021-03-22,2020-21,Post-ASG
1610612758,9,0022000653,11,SAC,Sacramento Kings,2021-03-22,2020-21,Post-ASG
1610612745,9,0022000657,15,HOU,Houston Rockets,2021-03-22,2020-21,Post-ASG
1610612761,11,0022000657,12,TOR,Toronto Raptors,2021-03-22,2020-21,Post-ASG
1610612749,13,0022000659,16,MIL,Milwaukee Bucks,2021-03-22,2020-21,Post-ASG
1610612754,12,0022000659,14,IND,Indiana Pacers,2021-03-22,2020-21,Post-ASG
1610612759,10,0022000655,19,SAS,San Antonio Spurs,2021-03-22,2020-21,Post-ASG
1610612766,8,0022000655,15,CHA,Charlotte Hornets,2021-03-22,2020-21,Post-ASG
1610612750,11,0022000654,14,MIN,Minnesota Timberwolves,2021-03-22,2020-21,Post-ASG
1610612760,9,0022000654,8,OKC,Oklahoma City Thunder,2021-03-22,2020-21,Post-ASG
1610612751,10,0022000647,19,BKN,Brooklyn Nets,2021-03-21,2020-21,Post-ASG
1610612764,9,0022000647,16,WAS,Washington Wizards,2021-03-21,2020-21,Post-ASG
1610612739,9,0022000648,10,CLE,Cleveland Cavaliers,2021-03-21,2020-21,Post-ASG
1610612761,11,0022000648,13,TOR,Toronto Raptors,2021-03-21,2020-21,Post-ASG
1610612748,10,0022000645,16,MIA,Miami Heat,2021-03-21,2020-21,Post-ASG
1610612754,10,0022000645,11,IND,Indiana Pacers,2021-03-21,2020-21,Post-ASG
1610612745,9,0022000016,13,HOU,Houston Rockets,2021-03-21,2020-21,Post-ASG
1610612760,9,0022000016,12,OKC,Oklahoma City Thunder,2021-03-21,2020-21,Post-ASG
1610612752,9,0022000650,12,NYK,New York Knicks,2021-03-21,2020-21,Post-ASG
1610612755,10,0022000650,16,PHI,Philadelphia 76ers,2021-03-21,2020-21,Post-ASG
1610612747,11,0022000651,16,LAL,Los Angeles Lakers,2021-03-21,2020-21,Post-ASG
1610612756,13,0022000651,11,PHX,Phoenix Suns,2021-03-21,2020-21,Post-ASG
1610612742,14,0022000652,15,DAL,Dallas Mavericks,2021-03-21,2020-21,Post-ASG
1610612757,12,0022000652,14,POR,Portland Trail Blazers,2021-03-21,2020-21,Post-ASG
1610612738,11,0022000167,19,BOS,Boston Celtics,2021-03-21,2020-21,Post-ASG
1610612753,12,0022000167,14,ORL,Orlando Magic,2021-03-21,2020-21,Post-ASG
1610612740,9,0022000646,11,NOP,New Orleans Pelicans,2021-03-21,2020-21,Post-ASG
1610612743,9,0022000646,15,DEN,Denver Nuggets,2021-03-21,2020-21,Post-ASG
1610612741,11,0022000649,17,CHI,Chicago Bulls,2021-03-21,2020-21,Post-ASG
1610612765,10,0022000649,13,DET,Detroit Pistons,2021-03-21,2020-21,Post-ASG
1610612755,14,0022000641,17,PHI,Philadelphia 76ers,2021-03-20,2020-21,Post-ASG
1610612758,12,0022000641,13,SAC,Sacramento Kings,2021-03-20,2020-21,Post-ASG
1610612737,11,0022000640,15,ATL,Atlanta Hawks,2021-03-20,2020-21,Post-ASG
1610612747,11,0022000640,18,LAL,Los Angeles Lakers,2021-03-20,2020-21,Post-ASG
1610612744,11,0022000642,16,GSW,Golden State Warriors,2021-03-20,2020-21,Post-ASG
1610612763,10,0022000642,17,MEM,Memphis Grizzlies,2021-03-20,2020-21,Post-ASG
1610612749,11,0022000643,20,MIL,Milwaukee Bucks,2021-03-20,2020-21,Post-ASG
1610612759,10,0022000643,12,SAS,San Antonio Spurs,2021-03-20,2020-21,Post-ASG
1610612746,13,0022000644,17,LAC,LA Clippers,2021-03-20,2020-21,Post-ASG
1610612766,12,0022000644,20,CHA,Charlotte Hornets,2021-03-20,2020-21,Post-ASG
1610612748,13,0022000632,12,MIA,Miami Heat,2021-03-19,2020-21,Post-ASG
1610612754,12,0022000632,15,IND,Indiana Pacers,2021-03-19,2020-21,Post-ASG
1610612744,12,0022000636,14,GSW,Golden State Warriors,2021-03-19,2020-21,Post-ASG
1610612763,13,0022000636,13,MEM,Memphis Grizzlies,2021-03-19,2020-21,Post-ASG
1610612741,7,0022000637,5,CHI,Chicago Bulls,2021-03-19,2020-21,Post-ASG
1610612743,7,0022000637,3,DEN,Denver Nuggets,2021-03-19,2020-21,Post-ASG
1610612739,10,0022000435,11,CLE,Cleveland Cavaliers,2021-03-19,2020-21,Post-ASG
1610612759,10,0022000435,21,SAS,San Antonio Spurs,2021-03-19,2020-21,Post-ASG
1610612750,11,0022000638,15,MIN,Minnesota Timberwolves,2021-03-19,2020-21,Post-ASG
1610612756,11,0022000638,18,PHX,Phoenix Suns,2021-03-19,2020-21,Post-ASG
1610612761,9,0022000634,12,TOR,Toronto Raptors,2021-03-19,2020-21,Post-ASG
1610612762,9,0022000634,10,UTA,Utah Jazz,2021-03-19,2020-21,Post-ASG
1610612751,9,0022000633,15,BKN,Brooklyn Nets,2021-03-19,2020-21,Post-ASG
1610612753,9,0022000633,13,ORL,Orlando Magic,2021-03-19,2020-21,Post-ASG
1610612738,9,0022000631,16,BOS,Boston Celtics,2021-03-19,2020-21,Post-ASG
1610612758,9,0022000631,14,SAC,Sacramento Kings,2021-03-19,2020-21,Post-ASG
1610612745,11,0022000635,15,HOU,Houston Rockets,2021-03-19,2020-21,Post-ASG
1610612765,12,0022000635,13,DET,Detroit Pistons,2021-03-19,2020-21,Post-ASG
1610612742,9,0022000639,12,DAL,Dallas Mavericks,2021-03-19,2020-21,Post-ASG
1610612757,9,0022000639,18,POR,Portland Trail Blazers,2021-03-19,2020-21,Post-ASG
1610612752,9,0022000627,8,NYK,New York Knicks,2021-03-18,2020-21,Post-ASG
1610612753,9,0022000627,12,ORL,Orlando Magic,2021-03-18,2020-21,Post-ASG
1610612762,13,0022000166,9,UTA,Utah Jazz,2021-03-18,2020-21,Post-ASG
1610612764,10,0022000166,18,WAS,Washington Wizards,2021-03-18,2020-21,Post-ASG
1610612740,9,0022000629,10,NOP,New Orleans Pelicans,2021-03-18,2020-21,Post-ASG
1610612757,9,0022000629,13,POR,Portland Trail Blazers,2021-03-18,2020-21,Post-ASG
1610612737,14,0022000626,13,ATL,Atlanta Hawks,2021-03-18,2020-21,Post-ASG
1610612760,10,0022000626,8,OKC,Oklahoma City Thunder,2021-03-18,2020-21,Post-ASG
1610612750,10,0022000628,17,MIN,Minnesota Timberwolves,2021-03-18,2020-21,Post-ASG
1610612756,11,0022000628,14,PHX,Phoenix Suns,2021-03-18,2020-21,Post-ASG
1610612747,10,0022000630,14,LAL,Los Angeles Lakers,2021-03-18,2020-21,Post-ASG
1610612766,10,0022000630,18,CHA,Charlotte Hornets,2021-03-18,2020-21,Post-ASG
1610612751,9,0022000617,12,BKN,Brooklyn Nets,2021-03-17,2020-21,Post-ASG
1610612754,10,0022000617,15,IND,Indiana Pacers,2021-03-17,2020-21,Post-ASG
1610612738,11,0022000620,14,BOS,Boston Celtics,2021-03-17,2020-21,Post-ASG
1610612739,10,0022000620,14,CLE,Cleveland Cavaliers,2021-03-17,2020-21,Post-ASG
1610612741,10,0022000621,15,CHI,Chicago Bulls,2021-03-17,2020-21,Post-ASG
1610612759,9,0022000621,15,SAS,San Antonio Spurs,2021-03-17,2020-21,Post-ASG
1610612758,9,0022000619,19,SAC,Sacramento Kings,2021-03-17,2020-21,Post-ASG
1610612764,9,0022000619,17,WAS,Washington Wizards,2021-03-17,2020-21,Post-ASG
1610612749,9,0022000618,18,MIL,Milwaukee Bucks,2021-03-17,2020-21,Post-ASG
1610612755,10,0022000618,20,PHI,Philadelphia 76ers,2021-03-17,2020-21,Post-ASG
1610612743,13,0022000624,13,DEN,Denver Nuggets,2021-03-17,2020-21,Post-ASG
1610612766,14,0022000624,17,CHA,Charlotte Hornets,2021-03-17,2020-21,Post-ASG
1610612748,10,0022000623,19,MIA,Miami Heat,2021-03-17,2020-21,Post-ASG
1610612763,10,0022000623,14,MEM,Memphis Grizzlies,2021-03-17,2020-21,Post-ASG
1610612742,10,0022000625,15,DAL,Dallas Mavericks,2021-03-17,2020-21,Post-ASG
1610612746,11,0022000625,14,LAC,LA Clippers,2021-03-17,2020-21,Post-ASG
1610612744,10,0022000622,15,GSW,Golden State Warriors,2021-03-17,2020-21,Post-ASG
1610612745,9,0022000622,12,HOU,Houston Rockets,2021-03-17,2020-21,Post-ASG
1610612761,10,0022000616,15,TOR,Toronto Raptors,2021-03-17,2020-21,Post-ASG
1610612765,9,0022000616,14,DET,Detroit Pistons,2021-03-17,2020-21,Post-ASG
1610612738,10,0022000609,17,BOS,Boston Celtics,2021-03-16,2020-21,Post-ASG
1610612762,9,0022000609,10,UTA,Utah Jazz,2021-03-16,2020-21,Post-ASG
1610612739,10,0022000610,15,CLE,Cleveland Cavaliers,2021-03-16,2020-21,Post-ASG
1610612748,11,0022000610,12,MIA,Miami Heat,2021-03-16,2020-21,Post-ASG
1610612737,9,0022000613,14,ATL,Atlanta Hawks,2021-03-16,2020-21,Post-ASG
1610612745,8,0022000613,13,HOU,Houston Rockets,2021-03-16,2020-21,Post-ASG
1610612752,9,0022000611,14,NYK,New York Knicks,2021-03-16,2020-21,Post-ASG
1610612755,10,0022000611,15,PHI,Philadelphia 76ers,2021-03-16,2020-21,Post-ASG
1610612747,11,0022000615,16,LAL,Los Angeles Lakers,2021-03-16,2020-21,Post-ASG
1610612750,10,0022000615,13,MIN,Minnesota Timberwolves,2021-03-16,2020-21,Post-ASG
1610612740,10,0022000614,16,NOP,New Orleans Pelicans,2021-03-16,2020-21,Post-ASG
1610612757,9,0022000614,13,POR,Portland Trail Blazers,2021-03-16,2020-21,Post-ASG
1610612741,12,0022000612,19,CHI,Chicago Bulls,2021-03-16,2020-21,Post-ASG
1610612760,9,0022000612,13,OKC,Oklahoma City Thunder,2021-03-16,2020-21,Post-ASG
1610612744,13,0022000608,10,GSW,Golden State Warriors,2021-03-15,2020-21,Post-ASG
1610612747,11,0022000608,14,LAL,Los Angeles Lakers,2021-03-15,2020-21,Post-ASG
1610612758,10,0022000602,15,SAC,Sacramento Kings,2021-03-15,2020-21,Post-ASG
1610612766,10,0022000602,19,CHA,Charlotte Hornets,2021-03-15,2020-21,Post-ASG
1610612759,12,0022000428,19,SAS,San Antonio Spurs,2021-03-15,2020-21,Post-ASG
1610612765,11,0022000428,17,DET,Detroit Pistons,2021-03-15,2020-21,Post-ASG
1610612749,9,0022000603,17,MIL,Milwaukee Bucks,2021-03-15,2020-21,Post-ASG
1610612764,10,0022000603,16,WAS,Washington Wizards,2021-03-15,2020-21,Post-ASG
1610612756,11,0022000607,18,PHX,Phoenix Suns,2021-03-15,2020-21,Post-ASG
1610612763,14,0022000607,17,MEM,Memphis Grizzlies,2021-03-15,2020-21,Post-ASG
1610612743,14,0022000606,15,DEN,Denver Nuggets,2021-03-15,2020-21,Post-ASG
1610612754,13,0022000606,17,IND,Indiana Pacers,2021-03-15,2020-21,Post-ASG
1610612751,10,0022000604,15,BKN,Brooklyn Nets,2021-03-15,2020-21,Post-ASG
1610612752,9,0022000604,12,NYK,New York Knicks,2021-03-15,2020-21,Post-ASG
1610612742,9,0022000605,9,DAL,Dallas Mavericks,2021-03-15,2020-21,Post-ASG
1610612746,10,0022000605,15,LAC,LA Clippers,2021-03-15,2020-21,Post-ASG
1610612760,9,0022000593,13,OKC,Oklahoma City Thunder,2021-03-14,2020-21,Post-ASG
1610612763,10,0022000593,14,MEM,Memphis Grizzlies,2021-03-14,2020-21,Post-ASG
1610612741,11,0022000600,14,CHI,Chicago Bulls,2021-03-14,2020-21,Post-ASG
1610612761,12,0022000600,19,TOR,Toronto Raptors,2021-03-14,2020-21,Post-ASG
1610612755,15,0022000595,13,PHI,Philadelphia 76ers,2021-03-14,2020-21,Post-ASG
1610612759,14,0022000595,16,SAS,San Antonio Spurs,2021-03-14,2020-21,Post-ASG
1610612738,15,0022000598,18,BOS,Boston Celtics,2021-03-14,2020-21,Post-ASG
1610612745,10,0022000598,10,HOU,Houston Rockets,2021-03-14,2020-21,Post-ASG
1610612737,12,0022000597,19,ATL,Atlanta Hawks,2021-03-14,2020-21,Post-ASG
1610612739,13,0022000597,19,CLE,Cleveland Cavaliers,2021-03-14,2020-21,Post-ASG
1610612748,10,0022000596,11,MIA,Miami Heat,2021-03-14,2020-21,Post-ASG
1610612753,10,0022000596,12,ORL,Orlando Magic,2021-03-14,2020-21,Post-ASG
1610612744,11,0022000594,11,GSW,Golden State Warriors,2021-03-14,2020-21,Post-ASG
1610612762,9,0022000594,9,UTA,Utah Jazz,2021-03-14,2020-21,Post-ASG
1610612740,13,0022000601,12,NOP,New Orleans Pelicans,2021-03-14,2020-21,Post-ASG
1610612746,13,0022000601,15,LAC,LA Clippers,2021-03-14,2020-21,Post-ASG
1610612750,9,0022000599,10,MIN,Minnesota Timberwolves,2021-03-14,2020-21,Post-ASG
1610612757,9,0022000599,11,POR,Portland Trail Blazers,2021-03-14,2020-21,Post-ASG
1610612761,12,0022000588,14,TOR,Toronto Raptors,2021-03-13,2020-21,Post-ASG
1610612766,15,0022000588,16,CHA,Charlotte Hornets,2021-03-13,2020-21,Post-ASG
1610612742,11,0022000592,15,DAL,Dallas Mavericks,2021-03-13,2020-21,Post-ASG
1610612743,13,0022000592,14,DEN,Denver Nuggets,2021-03-13,2020-21,Post-ASG
1610612737,14,0022000590,15,ATL,Atlanta Hawks,2021-03-13,2020-21,Post-ASG
1610612758,12,0022000590,16,SAC,Sacramento Kings,2021-03-13,2020-21,Post-ASG
1610612749,10,0022000589,16,MIL,Milwaukee Bucks,2021-03-13,2020-21,Post-ASG
1610612764,9,0022000589,14,WAS,Washington Wizards,2021-03-13,2020-21,Post-ASG
1610612750,10,0022000591,17,MIN,Minnesota Timberwolves,2021-03-13,2020-21,Post-ASG
1610612757,9,0022000591,12,POR,Portland Trail Blazers,2021-03-13,2020-21,Post-ASG
1610612754,10,0022000194,12,IND,Indiana Pacers,2021-03-13,2020-21,Post-ASG
1610612756,11,0022000194,12,PHX,Phoenix Suns,2021-03-13,2020-21,Post-ASG
1610612751,9,0022000587,10,BKN,Brooklyn Nets,2021-03-13,2020-21,Post-ASG
1610612765,10,0022000587,12,DET,Detroit Pistons,2021-03-13,2020-21,Post-ASG
1610612752,7,0022000586,5,NYK,New York Knicks,2021-03-13,2020-21,Post-ASG
1610612760,8,0022000586,2,OKC,Oklahoma City Thunder,2021-03-13,2020-21,Post-ASG
1610612745,9,0022000584,14,HOU,Houston Rockets,2021-03-12,2020-21,Post-ASG
1610612762,10,0022000584,9,UTA,Utah Jazz,2021-03-12,2020-21,Post-ASG
1610612747,10,0022000585,18,LAL,Los Angeles Lakers,2021-03-12,2020-21,Post-ASG
1610612754,10,0022000585,13,IND,Indiana Pacers,2021-03-12,2020-21,Post-ASG
1610612743,9,0022000580,13,DEN,Denver Nuggets,2021-03-12,2020-21,Post-ASG
1610612763,10,0022000580,15,MEM,Memphis Grizzlies,2021-03-12,2020-21,Post-ASG
1610612755,13,0022000579,12,PHI,Philadelphia 76ers,2021-03-12,2020-21,Post-ASG
1610612764,13,0022000579,13,WAS,Washington Wizards,2021-03-12,2020-21,Post-ASG
1610612739,13,0022000581,16,CLE,Cleveland Cavaliers,2021-03-12,2020-21,Post-ASG
1610612740,14,0022000581,9,NOP,New Orleans Pelicans,2021-03-12,2020-21,Post-ASG
1610612752,10,0022000541,9,NYK,New York Knicks,2021-03-02,2020-21,Pre-ASG
1610612759,11,0022000541,18,SAS,San Antonio Spurs,2021-03-02,2020-21,Pre-ASG
1610612738,10,0022000524,14,BOS,Boston Celtics,2021-02-28,2020-21,Pre-ASG
1610612764,11,0022000524,21,WAS,Washington Wizards,2021-02-28,2020-21,Pre-ASG
1610612744,12,0022000527,17,GSW,Golden State Warriors,2021-02-28,2020-21,Pre-ASG
1610612747,15,0022000527,19,LAL,Los Angeles Lakers,2021-02-28,2020-21,Pre-ASG
1610612750,12,0022000526,19,MIN,Minnesota Timberwolves,2021-02-28,2020-21,Pre-ASG
1610612756,13,0022000526,16,PHX,Phoenix Suns,2021-02-28,2020-21,Pre-ASG
1610612752,11,0022000515,15,NYK,New York Knicks,2021-02-27,2020-21,Pre-ASG
1610612754,10,0022000515,13,IND,Indiana Pacers,2021-02-27,2020-21,Pre-ASG
1610612750,11,0022000517,18,MIN,Minnesota Timberwolves,2021-02-27,2020-21,Pre-ASG
1610612764,13,0022000517,21,WAS,Washington Wizards,2021-02-27,2020-21,Pre-ASG
1610612740,9,0022000514,12,NOP,New Orleans Pelicans,2021-02-27,2020-21,Pre-ASG
1610612759,9,0022000514,16,SAS,San Antonio Spurs,2021-02-27,2020-21,Pre-ASG
1610612753,10,0022000516,13,ORL,Orlando Magic,2021-02-27,2020-21,Pre-ASG
1610612762,12,0022000516,9,UTA,Utah Jazz,2021-02-27,2020-21,Pre-ASG
1610612739,9,0022000513,17,CLE,Cleveland Cavaliers,2021-02-27,2020-21,Pre-ASG
1610612755,10,0022000513,13,PHI,Philadelphia 76ers,2021-02-27,2020-21,Pre-ASG
1610612743,14,0022000518,11,DEN,Denver Nuggets,2021-02-27,2020-21,Pre-ASG
1610612760,10,0022000518,11,OKC,Oklahoma City Thunder,2021-02-27,2020-21,Pre-ASG
1610612742,13,0022000519,15,DAL,Dallas Mavericks,2021-02-27,2020-21,Pre-ASG
1610612751,12,0022000519,16,BKN,Brooklyn Nets,2021-02-27,2020-21,Pre-ASG
1610612744,12,0022000511,12,GSW,Golden State Warriors,2021-02-26,2020-21,Pre-ASG
1610612766,9,0022000511,19,CHA,Charlotte Hornets,2021-02-26,2020-21,Pre-ASG
1610612738,10,0022000505,11,BOS,Boston Celtics,2021-02-26,2020-21,Pre-ASG
1610612754,9,0022000505,12,IND,Indiana Pacers,2021-02-26,2020-21,Pre-ASG
1610612747,10,0022000512,23,LAL,Los Angeles Lakers,2021-02-26,2020-21,Pre-ASG
1610612757,9,0022000512,13,POR,Portland Trail Blazers,2021-02-26,2020-21,Pre-ASG
1610612748,9,0022000507,16,MIA,Miami Heat,2021-02-26,2020-21,Pre-ASG
1610612762,9,0022000507,14,UTA,Utah Jazz,2021-02-26,2020-21,Pre-ASG
1610612741,10,0022000508,17,CHI,Chicago Bulls,2021-02-26,2020-21,Pre-ASG
1610612756,12,0022000508,13,PHX,Phoenix Suns,2021-02-26,2020-21,Pre-ASG
1610612737,10,0022000510,16,ATL,Atlanta Hawks,2021-02-26,2020-21,Pre-ASG
1610612760,9,0022000510,9,OKC,Oklahoma City Thunder,2021-02-26,2020-21,Pre-ASG
1610612746,12,0022000509,13,LAC,LA Clippers,2021-02-26,2020-21,Pre-ASG
1610612763,10,0022000509,15,MEM,Memphis Grizzlies,2021-02-26,2020-21,Pre-ASG
1610612745,9,0022000506,13,HOU,Houston Rockets,2021-02-26,2020-21,Pre-ASG
1610612761,12,0022000506,15,TOR,Toronto Raptors,2021-02-26,2020-21,Pre-ASG
1610612758,10,0022000504,17,SAC,Sacramento Kings,2021-02-26,2020-21,Pre-ASG
1610612765,10,0022000504,14,DET,Detroit Pistons,2021-02-26,2020-21,Pre-ASG
1610612742,12,0022000498,20,DAL,Dallas Mavericks,2021-02-25,2020-21,Pre-ASG
1610612755,15,0022000498,14,PHI,Philadelphia 76ers,2021-02-25,2020-21,Pre-ASG
1610612751,11,0022000499,14,BKN,Brooklyn Nets,2021-02-25,2020-21,Pre-ASG
1610612753,12,0022000499,16,ORL,Orlando Magic,2021-02-25,2020-21,Pre-ASG
1610612740,8,0022000503,12,NOP,New Orleans Pelicans,2021-02-25,2020-21,Pre-ASG
1610612749,9,0022000503,20,MIL,Milwaukee Bucks,2021-02-25,2020-21,Pre-ASG
1610612752,12,0022000500,11,NYK,New York Knicks,2021-02-25,2020-21,Pre-ASG
1610612758,11,0022000500,15,SAC,Sacramento Kings,2021-02-25,2020-21,Pre-ASG
1610612743,9,0022000502,9,DEN,Denver Nuggets,2021-02-25,2020-21,Pre-ASG
1610612764,10,0022000502,13,WAS,Washington Wizards,2021-02-25,2020-21,Pre-ASG
1610612746,12,0022000501,13,LAC,LA Clippers,2021-02-25,2020-21,Pre-ASG
1610612763,13,0022000501,16,MEM,Memphis Grizzlies,2021-02-25,2020-21,Pre-ASG
1610612741,10,0022000493,18,CHI,Chicago Bulls,2021-02-24,2020-21,Pre-ASG
1610612750,10,0022000493,16,MIN,Minnesota Timberwolves,2021-02-24,2020-21,Pre-ASG
1610612747,13,0022000497,15,LAL,Los Angeles Lakers,2021-02-24,2020-21,Pre-ASG
1610612762,13,0022000497,10,UTA,Utah Jazz,2021-02-24,2020-21,Pre-ASG
1610612756,10,0022000496,18,PHX,Phoenix Suns,2021-02-24,2020-21,Pre-ASG
1610612766,10,0022000496,18,CHA,Charlotte Hornets,2021-02-24,2020-21,Pre-ASG
1610612744,11,0022000489,11,GSW,Golden State Warriors,2021-02-24,2020-21,Pre-ASG
1610612754,10,0022000489,13,IND,Indiana Pacers,2021-02-24,2020-21,Pre-ASG
1610612739,11,0022000491,13,CLE,Cleveland Cavaliers,2021-02-24,2020-21,Pre-ASG
1610612745,9,0022000491,10,HOU,Houston Rockets,2021-02-24,2020-21,Pre-ASG
1610612748,9,0022000492,12,MIA,Miami Heat,2021-02-24,2020-21,Pre-ASG
1610612761,12,0022000492,19,TOR,Toronto Raptors,2021-02-24,2020-21,Pre-ASG
1610612740,10,0022000494,12,NOP,New Orleans Pelicans,2021-02-24,2020-21,Pre-ASG
1610612765,11,0022000494,19,DET,Detroit Pistons,2021-02-24,2020-21,Pre-ASG
1610612737,13,0022000490,19,ATL,Atlanta Hawks,2021-02-24,2020-21,Pre-ASG
1610612738,14,0022000490,15,BOS,Boston Celtics,2021-02-24,2020-21,Pre-ASG
1610612743,8,0022000487,8,DEN,Denver Nuggets,2021-02-23,2020-21,Pre-ASG
1610612757,9,0022000487,10,POR,Portland Trail Blazers,2021-02-23,2020-21,Pre-ASG
1610612749,10,0022000486,12,MIL,Milwaukee Bucks,2021-02-23,2020-21,Pre-ASG
1610612750,12,0022000486,20,MIN,Minnesota Timberwolves,2021-02-23,2020-21,Pre-ASG
1610612755,10,0022000484,15,PHI,Philadelphia 76ers,2021-02-23,2020-21,Pre-ASG
1610612761,9,0022000484,17,TOR,Toronto Raptors,2021-02-23,2020-21,Pre-ASG
1610612744,10,0022000483,12,GSW,Golden State Warriors,2021-02-23,2020-21,Pre-ASG
1610612752,10,0022000483,10,NYK,New York Knicks,2021-02-23,2020-21,Pre-ASG
1610612737,10,0022000480,20,ATL,Atlanta Hawks,2021-02-23,2020-21,Pre-ASG
1610612739,9,0022000480,10,CLE,Cleveland Cavaliers,2021-02-23,2020-21,Pre-ASG
1610612738,11,0022000485,21,BOS,Boston Celtics,2021-02-23,2020-21,Pre-ASG
1610612742,10,0022000485,18,DAL,Dallas Mavericks,2021-02-23,2020-21,Pre-ASG
1610612753,10,0022000481,11,ORL,Orlando Magic,2021-02-23,2020-21,Pre-ASG
1610612765,10,0022000481,11,DET,Detroit Pistons,2021-02-23,2020-21,Pre-ASG
1610612747,9,0022000479,14,LAL,Los Angeles Lakers,2021-02-22,2020-21,Pre-ASG
1610612764,10,0022000479,20,WAS,Washington Wizards,2021-02-22,2020-21,Pre-ASG
1610612742,9,0022000476,14,DAL,Dallas Mavericks,2021-02-22,2020-21,Pre-ASG
1610612763,10,0022000476,19,MEM,Memphis Grizzlies,2021-02-22,2020-21,Pre-ASG
1610612756,14,0022000477,16,PHX,Phoenix Suns,2021-02-22,2020-21,Pre-ASG
1610612757,11,0022000477,12,POR,Portland Trail Blazers,2021-02-22,2020-21,Pre-ASG
1610612748,10,0022000475,12,MIA,Miami Heat,2021-02-22,2020-21,Pre-ASG
1610612760,9,0022000475,12,OKC,Oklahoma City Thunder,2021-02-22,2020-21,Pre-ASG
1610612762,13,0022000478,12,UTA,Utah Jazz,2021-02-22,2020-21,Pre-ASG
1610612766,10,0022000478,19,CHA,Charlotte Hornets,2021-02-22,2020-21,Pre-ASG
1610612741,10,0022000474,17,CHI,Chicago Bulls,2021-02-22,2020-21,Pre-ASG
1610612745,11,0022000474,14,HOU,Houston Rockets,2021-02-22,2020-21,Pre-ASG
1610612737,10,0022000470,15,ATL,Atlanta Hawks,2021-02-21,2020-21,Pre-ASG
1610612743,12,0022000470,17,DEN,Denver Nuggets,2021-02-21,2020-21,Pre-ASG
1610612750,12,0022000469,12,MIN,Minnesota Timberwolves,2021-02-21,2020-21,Pre-ASG
1610612752,10,0022000469,16,NYK,New York Knicks,2021-02-21,2020-21,Pre-ASG
1610612755,10,0022000468,17,PHI,Philadelphia 76ers,2021-02-21,2020-21,Pre-ASG
1610612761,10,0022000468,16,TOR,Toronto Raptors,2021-02-21,2020-21,Pre-ASG
1610612739,9,0022000466,14,CLE,Cleveland Cavaliers,2021-02-21,2020-21,Pre-ASG
1610612760,9,0022000466,8,OKC,Oklahoma City Thunder,2021-02-21,2020-21,Pre-ASG
1610612746,10,0022000472,13,LAC,LA Clippers,2021-02-21,2020-21,Pre-ASG
1610612751,8,0022000472,16,BKN,Brooklyn Nets,2021-02-21,2020-21,Pre-ASG
1610612738,9,0022000465,15,BOS,Boston Celtics,2021-02-21,2020-21,Pre-ASG
1610612740,11,0022000465,15,NOP,New Orleans Pelicans,2021-02-21,2020-21,Pre-ASG
1610612749,10,0022000471,26,MIL,Milwaukee Bucks,2021-02-21,2020-21,Pre-ASG
1610612758,11,0022000471,20,SAC,Sacramento Kings,2021-02-21,2020-21,Pre-ASG
1610612753,10,0022000467,11,ORL,Orlando Magic,2021-02-21,2020-21,Pre-ASG
1610612765,10,0022000467,12,DET,Detroit Pistons,2021-02-21,2020-21,Pre-ASG
1610612756,14,0022000462,12,PHX,Phoenix Suns,2021-02-20,2020-21,Pre-ASG
1610612763,10,0022000462,11,MEM,Memphis Grizzlies,2021-02-20,2020-21,Pre-ASG
1610612757,9,0022000464,15,POR,Portland Trail Blazers,2021-02-20,2020-21,Pre-ASG
1610612764,11,0022000464,17,WAS,Washington Wizards,2021-02-20,2020-21,Pre-ASG
1610612741,9,0022000460,15,CHI,Chicago Bulls,2021-02-20,2020-21,Pre-ASG
1610612758,10,0022000460,12,SAC,Sacramento Kings,2021-02-20,2020-21,Pre-ASG
1610612744,9,0022000459,18,GSW,Golden State Warriors,2021-02-20,2020-21,Pre-ASG
1610612766,9,0022000459,22,CHA,Charlotte Hornets,2021-02-20,2020-21,Pre-ASG
1610612747,9,0022000463,8,LAL,Los Angeles Lakers,2021-02-20,2020-21,Pre-ASG
1610612748,10,0022000463,14,MIA,Miami Heat,2021-02-20,2020-21,Pre-ASG
1610612763,10,0022000452,12,MEM,Memphis Grizzlies,2021-02-19,2020-21,Pre-ASG
1610612765,10,0022000452,12,DET,Detroit Pistons,2021-02-19,2020-21,Pre-ASG
1610612744,10,0022000449,12,GSW,Golden State Warriors,2021-02-19,2020-21,Pre-ASG
1610612753,11,0022000449,12,ORL,Orlando Magic,2021-02-19,2020-21,Pre-ASG
1610612746,11,0022000457,19,LAC,LA Clippers,2021-02-19,2020-21,Pre-ASG
1610612762,9,0022000457,13,UTA,Utah Jazz,2021-02-19,2020-21,Pre-ASG
1610612749,9,0022000453,19,MIL,Milwaukee Bucks,2021-02-19,2020-21,Pre-ASG
1610612760,10,0022000453,14,OKC,Oklahoma City Thunder,2021-02-19,2020-21,Pre-ASG
1610612739,9,0022000563,9,CLE,Cleveland Cavaliers,2021-02-19,2020-21,Pre-ASG
1610612743,12,0022000563,15,DEN,Denver Nuggets,2021-02-19,2020-21,Pre-ASG
1610612750,11,0022000454,14,MIN,Minnesota Timberwolves,2021-02-19,2020-21,Pre-ASG
1610612761,12,0022000454,17,TOR,Toronto Raptors,2021-02-19,2020-21,Pre-ASG
1610612740,13,0022000455,11,NOP,New Orleans Pelicans,2021-02-19,2020-21,Pre-ASG
1610612756,14,0022000455,16,PHX,Phoenix Suns,2021-02-19,2020-21,Pre-ASG
1610612737,9,0022000451,15,ATL,Atlanta Hawks,2021-02-19,2020-21,Pre-ASG
1610612738,9,0022000451,5,BOS,Boston Celtics,2021-02-19,2020-21,Pre-ASG
1610612741,11,0022000450,16,CHI,Chicago Bulls,2021-02-19,2020-21,Pre-ASG
1610612755,10,0022000450,15,PHI,Philadelphia 76ers,2021-02-19,2020-21,Pre-ASG
1610612748,6,0022000447,2,MIA,Miami Heat,2021-02-18,2020-21,Pre-ASG
1610612758,5,0022000447,1,SAC,Sacramento Kings,2021-02-18,2020-21,Pre-ASG
1610612749,11,0022000445,18,MIL,Milwaukee Bucks,2021-02-18,2020-21,Pre-ASG
1610612761,13,0022000445,17,TOR,Toronto Raptors,2021-02-18,2020-21,Pre-ASG
1610612747,13,0022000446,19,LAL,Los Angeles Lakers,2021-02-18,2020-21,Pre-ASG
1610612751,11,0022000446,17,BKN,Brooklyn Nets,2021-02-18,2020-21,Pre-ASG
1610612737,10,0022000438,16,ATL,Atlanta Hawks,2021-02-17,2020-21,Pre-ASG
1610612738,10,0022000438,19,BOS,Boston Celtics,2021-02-17,2020-21,Pre-ASG
1610612741,10,0022000564,18,CHI,Chicago Bulls,2021-02-17,2020-21,Pre-ASG
1610612765,9,0022000564,12,DET,Detroit Pistons,2021-02-17,2020-21,Pre-ASG
1610612752,11,0022000436,11,NYK,New York Knicks,2021-02-17,2020-21,Pre-ASG
1610612753,11,0022000436,13,ORL,Orlando Magic,2021-02-17,2020-21,Pre-ASG
1610612745,9,0022000439,14,HOU,Houston Rockets,2021-02-17,2020-21,Pre-ASG
1610612755,10,0022000439,12,PHI,Philadelphia 76ers,2021-02-17,2020-21,Pre-ASG
1610612740,10,0022000441,18,NOP,New Orleans Pelicans,2021-02-17,2020-21,Pre-ASG
1610612757,9,0022000441,16,POR,Portland Trail Blazers,2021-02-17,2020-21,Pre-ASG
1610612746,10,0022000444,16,LAC,LA Clippers,2021-02-17,2020-21,Pre-ASG
1610612762,13,0022000444,12,UTA,Utah Jazz,2021-02-17,2020-21,Pre-ASG
1610612750,10,0022000440,15,MIN,Minnesota Timberwolves,2021-02-17,2020-21,Pre-ASG
1610612754,8,0022000440,13,IND,Indiana Pacers,2021-02-17,2020-21,Pre-ASG
1610612744,9,0022000443,10,GSW,Golden State Warriors,2021-02-17,2020-21,Pre-ASG
1610612748,9,0022000443,14,MIA,Miami Heat,2021-02-17,2020-21,Pre-ASG
1610612743,10,0022000437,13,DEN,Denver Nuggets,2021-02-17,2020-21,Pre-ASG
1610612764,10,0022000437,13,WAS,Washington Wizards,2021-02-17,2020-21,Pre-ASG
1610612760,10,0022000562,15,OKC,Oklahoma City Thunder,2021-02-17,2020-21,Pre-ASG
1610612763,10,0022000562,14,MEM,Memphis Grizzlies,2021-02-17,2020-21,Pre-ASG
1610612749,10,0022000430,13,MIL,Milwaukee Bucks,2021-02-16,2020-21,Pre-ASG
1610612761,10,0022000430,17,TOR,Toronto Raptors,2021-02-16,2020-21,Pre-ASG
1610612751,9,0022000433,10,BKN,Brooklyn Nets,2021-02-16,2020-21,Pre-ASG
1610612756,10,0022000433,12,PHX,Phoenix Suns,2021-02-16,2020-21,Pre-ASG
1610612740,13,0022000429,13,NOP,New Orleans Pelicans,2021-02-16,2020-21,Pre-ASG
1610612763,11,0022000429,16,MEM,Memphis Grizzlies,2021-02-16,2020-21,Pre-ASG
1610612738,9,0022000427,18,BOS,Boston Celtics,2021-02-16,2020-21,Pre-ASG
1610612743,10,0022000427,13,DEN,Denver Nuggets,2021-02-16,2020-21,Pre-ASG
1610612757,9,0022000432,14,POR,Portland Trail Blazers,2021-02-16,2020-21,Pre-ASG
1610612760,10,0022000432,14,OKC,Oklahoma City Thunder,2021-02-16,2020-21,Pre-ASG
1610612747,10,0022000431,13,LAL,Los Angeles Lakers,2021-02-16,2020-21,Pre-ASG
1610612750,10,0022000431,11,MIN,Minnesota Timberwolves,2021-02-16,2020-21,Pre-ASG
1610612751,9,0022000426,14,BKN,Brooklyn Nets,2021-02-15,2020-21,Pre-ASG
1610612758,10,0022000426,15,SAC,Sacramento Kings,2021-02-15,2020-21,Pre-ASG
1610612755,10,0022000423,13,PHI,Philadelphia 76ers,2021-02-15,2020-21,Pre-ASG
1610612762,9,0022000423,9,UTA,Utah Jazz,2021-02-15,2020-21,Pre-ASG
1610612739,9,0022000424,12,CLE,Cleveland Cavaliers,2021-02-15,2020-21,Pre-ASG
1610612744,10,0022000424,9,GSW,Golden State Warriors,2021-02-15,2020-21,Pre-ASG
1610612739,11,0022000419,15,CLE,Cleveland Cavaliers,2021-02-14,2020-21,Pre-ASG
1610612746,11,0022000419,16,LAC,LA Clippers,2021-02-14,2020-21,Pre-ASG
1610612749,9,0022000415,18,MIL,Milwaukee Bucks,2021-02-14,2020-21,Pre-ASG
1610612760,9,0022000415,8,OKC,Oklahoma City Thunder,2021-02-14,2020-21,Pre-ASG
1610612738,14,0022000560,16,BOS,Boston Celtics,2021-02-14,2020-21,Pre-ASG
1610612764,12,0022000560,12,WAS,Washington Wizards,2021-02-14,2020-21,Pre-ASG
1610612750,11,0022000413,19,MIN,Minnesota Timberwolves,2021-02-14,2020-21,Pre-ASG
1610612761,9,0022000413,17,TOR,Toronto Raptors,2021-02-14,2020-21,Pre-ASG
1610612742,9,0022000411,16,DAL,Dallas Mavericks,2021-02-14,2020-21,Pre-ASG
1610612757,9,0022000411,13,POR,Portland Trail Blazers,2021-02-14,2020-21,Pre-ASG
1610612743,12,0022000416,20,DEN,Denver Nuggets,2021-02-14,2020-21,Pre-ASG
1610612747,13,0022000416,18,LAL,Los Angeles Lakers,2021-02-14,2020-21,Pre-ASG
1610612759,10,0022000414,14,SAS,San Antonio Spurs,2021-02-14,2020-21,Pre-ASG
1610612766,8,0022000414,17,CHA,Charlotte Hornets,2021-02-14,2020-21,Pre-ASG
1610612740,10,0022000561,13,NOP,New Orleans Pelicans,2021-02-14,2020-21,Pre-ASG
1610612765,9,0022000561,13,DET,Detroit Pistons,2021-02-14,2020-21,Pre-ASG
1610612753,8,0022000417,12,ORL,Orlando Magic,2021-02-14,2020-21,Pre-ASG
1610612756,14,0022000417,13,PHX,Phoenix Suns,2021-02-14,2020-21,Pre-ASG
1610612758,12,0022000418,13,SAC,Sacramento Kings,2021-02-14,2020-21,Pre-ASG
1610612763,10,0022000418,17,MEM,Memphis Grizzlies,2021-02-14,2020-21,Pre-ASG
1610612745,12,0022000408,13,HOU,Houston Rockets,2021-02-13,2020-21,Pre-ASG
1610612752,13,0022000408,10,NYK,New York Knicks,2021-02-13,2020-21,Pre-ASG
1610612737,10,0022000407,18,ATL,Atlanta Hawks,2021-02-13,2020-21,Pre-ASG
1610612754,10,0022000407,11,IND,Indiana Pacers,2021-02-13,2020-21,Pre-ASG
1610612748,11,0022000410,14,MIA,Miami Heat,2021-02-13,2020-21,Pre-ASG
1610612762,13,0022000410,14,UTA,Utah Jazz,2021-02-13,2020-21,Pre-ASG
1610612744,10,0022000409,11,GSW,Golden State Warriors,2021-02-13,2020-21,Pre-ASG
1610612751,10,0022000409,13,BKN,Brooklyn Nets,2021-02-13,2020-21,Pre-ASG
1610612755,13,0022000406,13,PHI,Philadelphia 76ers,2021-02-13,2020-21,Pre-ASG
1610612756,14,0022000406,12,PHX,Phoenix Suns,2021-02-13,2020-21,Pre-ASG
1610612740,9,0022000399,9,NOP,New Orleans Pelicans,2021-02-12,2020-21,Pre-ASG
1610612742,10,0022000399,11,DAL,Dallas Mavericks,2021-02-12,2020-21,Pre-ASG
1610612749,11,0022000402,22,MIL,Milwaukee Bucks,2021-02-12,2020-21,Pre-ASG
1610612762,9,0022000402,11,UTA,Utah Jazz,2021-02-12,2020-21,Pre-ASG
1610612753,9,0022000405,10,ORL,Orlando Magic,2021-02-12,2020-21,Pre-ASG
1610612758,11,0022000405,13,SAC,Sacramento Kings,2021-02-12,2020-21,Pre-ASG
1610612750,10,0022000395,13,MIN,Minnesota Timberwolves,2021-02-12,2020-21,Pre-ASG
1610612766,8,0022000395,13,CHA,Charlotte Hornets,2021-02-12,2020-21,Pre-ASG
1610612738,10,0022000412,16,BOS,Boston Celtics,2021-02-12,2020-21,Pre-ASG
1610612765,9,0022000412,14,DET,Detroit Pistons,2021-02-12,2020-21,Pre-ASG
1610612741,12,0022000400,14,CHI,Chicago Bulls,2021-02-12,2020-21,Pre-ASG
1610612746,11,0022000400,16,LAC,LA Clippers,2021-02-12,2020-21,Pre-ASG
1610612739,11,0022000404,16,CLE,Cleveland Cavaliers,2021-02-12,2020-21,Pre-ASG
1610612757,11,0022000404,13,POR,Portland Trail Blazers,2021-02-12,2020-21,Pre-ASG
1610612737,13,0022000397,19,ATL,Atlanta Hawks,2021-02-12,2020-21,Pre-ASG
1610612759,13,0022000397,15,SAS,San Antonio Spurs,2021-02-12,2020-21,Pre-ASG
1610612752,14,0022000396,15,NYK,New York Knicks,2021-02-12,2020-21,Pre-ASG
1610612764,11,0022000396,16,WAS,Washington Wizards,2021-02-12,2020-21,Pre-ASG
1610612743,10,0022000401,15,DEN,Denver Nuggets,2021-02-12,2020-21,Pre-ASG
1610612760,9,0022000401,11,OKC,Oklahoma City Thunder,2021-02-12,2020-21,Pre-ASG
1610612747,12,0022000403,16,LAL,Los Angeles Lakers,2021-02-12,2020-21,Pre-ASG
1610612763,9,0022000403,20,MEM,Memphis Grizzlies,2021-02-12,2020-21,Pre-ASG
1610612755,9,0022000394,10,PHI,Philadelphia 76ers,2021-02-11,2020-21,Pre-ASG
1610612757,9,0022000394,16,POR,Portland Trail Blazers,2021-02-11,2020-21,Pre-ASG
1610612738,13,0022000398,17,BOS,Boston Celtics,2021-02-11,2020-21,Pre-ASG
1610612761,11,0022000398,17,TOR,Toronto Raptors,2021-02-11,2020-21,Pre-ASG
1610612744,10,0022000393,11,GSW,Golden State Warriors,2021-02-11,2020-21,Pre-ASG
1610612753,9,0022000393,11,ORL,Orlando Magic,2021-02-11,2020-21,Pre-ASG
1610612754,10,0022000391,10,IND,Indiana Pacers,2021-02-11,2020-21,Pre-ASG
1610612765,11,0022000391,14,DET,Detroit Pistons,2021-02-11,2020-21,Pre-ASG
1610612745,10,0022000392,19,HOU,Houston Rockets,2021-02-11,2020-21,Pre-ASG
1610612748,9,0022000392,16,MIA,Miami Heat,2021-02-11,2020-21,Pre-ASG
1610612746,10,0022000387,18,LAC,LA Clippers,2021-02-10,2020-21,Pre-ASG
1610612750,10,0022000387,13,MIN,Minnesota Timberwolves,2021-02-10,2020-21,Pre-ASG
1610612747,9,0022000390,13,LAL,Los Angeles Lakers,2021-02-10,2020-21,Pre-ASG
1610612760,8,0022000390,13,OKC,Oklahoma City Thunder,2021-02-10,2020-21,Pre-ASG
1610612739,12,0022000388,18,CLE,Cleveland Cavaliers,2021-02-10,2020-21,Pre-ASG
1610612743,13,0022000388,16,DEN,Denver Nuggets,2021-02-10,2020-21,Pre-ASG
1610612763,10,0022000386,19,MEM,Memphis Grizzlies,2021-02-10,2020-21,Pre-ASG
1610612766,10,0022000386,18,CHA,Charlotte Hornets,2021-02-10,2020-21,Pre-ASG
1610612737,11,0022000384,14,ATL,Atlanta Hawks,2021-02-10,2020-21,Pre-ASG
1610612742,10,0022000384,15,DAL,Dallas Mavericks,2021-02-10,2020-21,Pre-ASG
1610612749,9,0022000389,16,MIL,Milwaukee Bucks,2021-02-10,2020-21,Pre-ASG
1610612756,9,0022000389,16,PHX,Phoenix Suns,2021-02-10,2020-21,Pre-ASG
1610612761,11,0022000382,10,TOR,Toronto Raptors,2021-02-10,2020-21,Pre-ASG
1610612764,13,0022000382,16,WAS,Washington Wizards,2021-02-10,2020-21,Pre-ASG
1610612751,12,0022000383,20,BKN,Brooklyn Nets,2021-02-10,2020-21,Pre-ASG
1610612754,12,0022000383,12,IND,Indiana Pacers,2021-02-10,2020-21,Pre-ASG
1610612740,10,0022000385,15,NOP,New Orleans Pelicans,2021-02-10,2020-21,Pre-ASG
1610612741,10,0022000385,16,CHI,Chicago Bulls,2021-02-10,2020-21,Pre-ASG
1610612738,10,0022000379,17,BOS,Boston Celtics,2021-02-09,2020-21,Pre-ASG
1610612762,9,0022000379,11,UTA,Utah Jazz,2021-02-09,2020-21,Pre-ASG
1610612740,13,0022000377,17,NOP,New Orleans Pelicans,2021-02-09,2020-21,Pre-ASG
1610612745,11,0022000377,12,HOU,Houston Rockets,2021-02-09,2020-21,Pre-ASG
1610612753,10,0022000380,13,ORL,Orlando Magic,2021-02-09,2020-21,Pre-ASG
1610612757,10,0022000380,13,POR,Portland Trail Blazers,2021-02-09,2020-21,Pre-ASG
1610612744,10,0022000378,10,GSW,Golden State Warriors,2021-02-09,2020-21,Pre-ASG
1610612759,12,0022000378,17,SAS,San Antonio Spurs,2021-02-09,2020-21,Pre-ASG
1610612755,9,0022000381,13,PHI,Philadelphia 76ers,2021-02-09,2020-21,Pre-ASG
1610612758,10,0022000381,12,SAC,Sacramento Kings,2021-02-09,2020-21,Pre-ASG
1610612751,12,0022000375,17,BKN,Brooklyn Nets,2021-02-09,2020-21,Pre-ASG
1610612765,11,0022000375,10,DET,Detroit Pistons,2021-02-09,2020-21,Pre-ASG
1610612748,9,0022000376,12,MIA,Miami Heat,2021-02-09,2020-21,Pre-ASG
1610612752,10,0022000376,9,NYK,New York Knicks,2021-02-09,2020-21,Pre-ASG
1610612742,10,0022000370,12,DAL,Dallas Mavericks,2021-02-08,2020-21,Pre-ASG
1610612750,12,0022000370,21,MIN,Minnesota Timberwolves,2021-02-08,2020-21,Pre-ASG
1610612741,10,0022000368,15,CHI,Chicago Bulls,2021-02-08,2020-21,Pre-ASG
1610612764,9,0022000368,11,WAS,Washington Wizards,2021-02-08,2020-21,Pre-ASG
1610612739,10,0022000372,11,CLE,Cleveland Cavaliers,2021-02-08,2020-21,Pre-ASG
1610612756,9,0022000372,12,PHX,Phoenix Suns,2021-02-08,2020-21,Pre-ASG
1610612743,9,0022000373,12,DEN,Denver Nuggets,2021-02-08,2020-21,Pre-ASG
1610612749,10,0022000373,24,MIL,Milwaukee Bucks,2021-02-08,2020-21,Pre-ASG
1610612744,10,0022000371,9,GSW,Golden State Warriors,2021-02-08,2020-21,Pre-ASG
1610612759,9,0022000371,14,SAS,San Antonio Spurs,2021-02-08,2020-21,Pre-ASG
1610612761,11,0022000369,15,TOR,Toronto Raptors,2021-02-08,2020-21,Pre-ASG
1610612763,10,0022000369,16,MEM,Memphis Grizzlies,2021-02-08,2020-21,Pre-ASG
1610612745,10,0022000367,15,HOU,Houston Rockets,2021-02-08,2020-21,Pre-ASG
1610612766,11,0022000367,17,CHA,Charlotte Hornets,2021-02-08,2020-21,Pre-ASG
1610612747,9,0022000374,16,LAL,Los Angeles Lakers,2021-02-08,2020-21,Pre-ASG
1610612760,8,0022000374,10,OKC,Oklahoma City Thunder,2021-02-08,2020-21,Pre-ASG
1610612754,9,0022000363,11,IND,Indiana Pacers,2021-02-07,2020-21,Pre-ASG
1610612762,9,0022000363,9,UTA,Utah Jazz,2021-02-07,2020-21,Pre-ASG
1610612748,9,0022000364,12,MIA,Miami Heat,2021-02-07,2020-21,Pre-ASG
1610612752,10,0022000364,11,NYK,New York Knicks,2021-02-07,2020-21,Pre-ASG
1610612746,9,0022000366,13,LAC,LA Clippers,2021-02-07,2020-21,Pre-ASG
1610612758,11,0022000366,10,SAC,Sacramento Kings,2021-02-07,2020-21,Pre-ASG
1610612764,14,0022000215,15,WAS,Washington Wizards,2021-02-07,2020-21,Pre-ASG
1610612766,11,0022000215,17,CHA,Charlotte Hornets,2021-02-07,2020-21,Pre-ASG
1610612738,11,0022000365,17,BOS,Boston Celtics,2021-02-07,2020-21,Pre-ASG
1610612756,10,0022000365,11,PHX,Phoenix Suns,2021-02-07,2020-21,Pre-ASG
1610612743,9,0022000352,15,DEN,Denver Nuggets,2021-02-06,2020-21,Pre-ASG
1610612758,9,0022000352,12,SAC,Sacramento Kings,2021-02-06,2020-21,Pre-ASG
1610612751,10,0022000354,10,BKN,Brooklyn Nets,2021-02-06,2020-21,Pre-ASG
1610612755,11,0022000354,14,PHI,Philadelphia 76ers,2021-02-06,2020-21,Pre-ASG
1610612741,11,0022000353,18,CHI,Chicago Bulls,2021-02-06,2020-21,Pre-ASG
1610612753,10,0022000353,14,ORL,Orlando Magic,2021-02-06,2020-21,Pre-ASG
1610612737,10,0022000356,12,ATL,Atlanta Hawks,2021-02-06,2020-21,Pre-ASG
1610612761,10,0022000356,14,TOR,Toronto Raptors,2021-02-06,2020-21,Pre-ASG
1610612742,9,0022000360,16,DAL,Dallas Mavericks,2021-02-06,2020-21,Pre-ASG
1610612744,9,0022000360,15,GSW,Golden State Warriors,2021-02-06,2020-21,Pre-ASG
1610612750,11,0022000359,18,MIN,Minnesota Timberwolves,2021-02-06,2020-21,Pre-ASG
1610612760,9,0022000359,13,OKC,Oklahoma City Thunder,2021-02-06,2020-21,Pre-ASG
1610612745,9,0022000358,17,HOU,Houston Rockets,2021-02-06,2020-21,Pre-ASG
1610612759,9,0022000358,15,SAS,San Antonio Spurs,2021-02-06,2020-21,Pre-ASG
1610612747,9,0022000361,13,LAL,Los Angeles Lakers,2021-02-06,2020-21,Pre-ASG
1610612765,10,0022000361,15,DET,Detroit Pistons,2021-02-06,2020-21,Pre-ASG
1610612752,10,0022000351,12,NYK,New York Knicks,2021-02-06,2020-21,Pre-ASG
1610612757,9,0022000351,12,POR,Portland Trail Blazers,2021-02-06,2020-21,Pre-ASG
1610612740,9,0022000355,7,NOP,New Orleans Pelicans,2021-02-06,2020-21,Pre-ASG
1610612763,10,0022000355,20,MEM,Memphis Grizzlies,2021-02-06,2020-21,Pre-ASG
1610612739,11,0022000357,15,CLE,Cleveland Cavaliers,2021-02-06,2020-21,Pre-ASG
1610612749,13,0022000357,18,MIL,Milwaukee Bucks,2021-02-06,2020-21,Pre-ASG
1610612740,10,0022000343,14,NOP,New Orleans Pelicans,2021-02-05,2020-21,Pre-ASG
1610612754,9,0022000343,13,IND,Indiana Pacers,2021-02-05,2020-21,Pre-ASG
1610612748,12,0022000347,15,MIA,Miami Heat,2021-02-05,2020-21,Pre-ASG
1610612764,13,0022000347,12,WAS,Washington Wizards,2021-02-05,2020-21,Pre-ASG
1610612756,12,0022000349,16,PHX,Phoenix Suns,2021-02-05,2020-21,Pre-ASG
1610612765,12,0022000349,14,DET,Detroit Pistons,2021-02-05,2020-21,Pre-ASG
1610612762,10,0022000342,17,UTA,Utah Jazz,2021-02-05,2020-21,Pre-ASG
1610612766,11,0022000342,20,CHA,Charlotte Hornets,2021-02-05,2020-21,Pre-ASG
1610612741,10,0022000344,16,CHI,Chicago Bulls,2021-02-05,2020-21,Pre-ASG
1610612753,10,0022000344,12,ORL,Orlando Magic,2021-02-05,2020-21,Pre-ASG
1610612738,10,0022000350,21,BOS,Boston Celtics,2021-02-05,2020-21,Pre-ASG
1610612746,9,0022000350,17,LAC,LA Clippers,2021-02-05,2020-21,Pre-ASG
1610612739,10,0022000346,13,CLE,Cleveland Cavaliers,2021-02-05,2020-21,Pre-ASG
1610612749,11,0022000346,21,MIL,Milwaukee Bucks,2021-02-05,2020-21,Pre-ASG
1610612751,9,0022000345,16,BKN,Brooklyn Nets,2021-02-05,2020-21,Pre-ASG
1610612761,9,0022000345,13,TOR,Toronto Raptors,2021-02-05,2020-21,Pre-ASG
1610612750,10,0022000348,17,MIN,Minnesota Timberwolves,2021-02-05,2020-21,Pre-ASG
1610612760,8,0022000348,13,OKC,Oklahoma City Thunder,2021-02-05,2020-21,Pre-ASG
1610612742,14,0022000339,17,DAL,Dallas Mavericks,2021-02-04,2020-21,Pre-ASG
1610612744,9,0022000339,14,GSW,Golden State Warriors,2021-02-04,2020-21,Pre-ASG
1610612745,11,0022000340,14,HOU,Houston Rockets,2021-02-04,2020-21,Pre-ASG
1610612763,10,0022000340,19,MEM,Memphis Grizzlies,2021-02-04,2020-21,Pre-ASG
1610612743,14,0022000341,14,DEN,Denver Nuggets,2021-02-04,2020-21,Pre-ASG
1610612747,11,0022000341,15,LAL,Los Angeles Lakers,2021-02-04,2020-21,Pre-ASG
1610612737,12,0022000338,17,ATL,Atlanta Hawks,2021-02-04,2020-21,Pre-ASG
1610612762,13,0022000338,14,UTA,Utah Jazz,2021-02-04,2020-21,Pre-ASG
1610612755,12,0022000337,17,PHI,Philadelphia 76ers,2021-02-04,2020-21,Pre-ASG
1610612757,9,0022000337,13,POR,Portland Trail Blazers,2021-02-04,2020-21,Pre-ASG
1610612745,11,0022000333,12,HOU,Houston Rockets,2021-02-03,2020-21,Pre-ASG
1610612760,10,0022000333,16,OKC,Oklahoma City Thunder,2021-02-03,2020-21,Pre-ASG
1610612755,10,0022000327,12,PHI,Philadelphia 76ers,2021-02-03,2020-21,Pre-ASG
1610612766,9,0022000327,18,CHA,Charlotte Hornets,2021-02-03,2020-21,Pre-ASG
1610612748,10,0022000331,17,MIA,Miami Heat,2021-02-03,2020-21,Pre-ASG
1610612764,9,0022000331,14,WAS,Washington Wizards,2021-02-03,2020-21,Pre-ASG
1610612749,13,0022000329,19,MIL,Milwaukee Bucks,2021-02-03,2020-21,Pre-ASG
1610612754,12,0022000329,13,IND,Indiana Pacers,2021-02-03,2020-21,Pre-ASG
1610612740,13,0022000335,15,NOP,New Orleans Pelicans,2021-02-03,2020-21,Pre-ASG
1610612756,13,0022000335,16,PHX,Phoenix Suns,2021-02-03,2020-21,Pre-ASG
1610612739,10,0022000328,9,CLE,Cleveland Cavaliers,2021-02-03,2020-21,Pre-ASG
1610612746,12,0022000328,12,LAC,LA Clippers,2021-02-03,2020-21,Pre-ASG
1610612737,10,0022000330,16,ATL,Atlanta Hawks,2021-02-03,2020-21,Pre-ASG
1610612742,10,0022000330,19,DAL,Dallas Mavericks,2021-02-03,2020-21,Pre-ASG
1610612741,9,0022000332,17,CHI,Chicago Bulls,2021-02-03,2020-21,Pre-ASG
1610612752,10,0022000332,9,NYK,New York Knicks,2021-02-03,2020-21,Pre-ASG
1610612738,11,0022000336,21,BOS,Boston Celtics,2021-02-03,2020-21,Pre-ASG
1610612758,9,0022000336,8,SAC,Sacramento Kings,2021-02-03,2020-21,Pre-ASG
1610612750,10,0022000334,11,MIN,Minnesota Timberwolves,2021-02-03,2020-21,Pre-ASG
1610612759,10,0022000334,16,SAS,San Antonio Spurs,2021-02-03,2020-21,Pre-ASG
1610612746,9,0022000324,14,LAC,LA Clippers,2021-02-02,2020-21,Pre-ASG
1610612751,9,0022000324,8,BKN,Brooklyn Nets,2021-02-02,2020-21,Pre-ASG
1610612757,10,0022000559,16,POR,Portland Trail Blazers,2021-02-02,2020-21,Pre-ASG
1610612764,12,0022000559,20,WAS,Washington Wizards,2021-02-02,2020-21,Pre-ASG
1610612754,12,0022000322,16,IND,Indiana Pacers,2021-02-02,2020-21,Pre-ASG
1610612763,10,0022000322,19,MEM,Memphis Grizzlies,2021-02-02,2020-21,Pre-ASG
1610612738,10,0022000326,16,BOS,Boston Celtics,2021-02-02,2020-21,Pre-ASG
1610612744,11,0022000326,17,GSW,Golden State Warriors,2021-02-02,2020-21,Pre-ASG
1610612753,11,0022000323,12,ORL,Orlando Magic,2021-02-02,2020-21,Pre-ASG
1610612761,13,0022000323,14,TOR,Toronto Raptors,2021-02-02,2020-21,Pre-ASG
1610612762,9,0022000325,10,UTA,Utah Jazz,2021-02-02,2020-21,Pre-ASG
1610612765,11,0022000325,13,DET,Detroit Pistons,2021-02-02,2020-21,Pre-ASG
1610612737,9,0022000313,14,ATL,Atlanta Hawks,2021-02-01,2020-21,Pre-ASG
1610612747,9,0022000313,11,LAL,Los Angeles Lakers,2021-02-01,2020-21,Pre-ASG
1610612740,9,0022000317,11,NOP,New Orleans Pelicans,2021-02-01,2020-21,Pre-ASG
1610612758,10,0022000317,14,SAC,Sacramento Kings,2021-02-01,2020-21,Pre-ASG
1610612759,14,0022000320,16,SAS,San Antonio Spurs,2021-02-01,2020-21,Pre-ASG
1610612763,10,0022000320,13,MEM,Memphis Grizzlies,2021-02-01,2020-21,Pre-ASG
1610612745,12,0022000318,14,HOU,Houston Rockets,2021-02-01,2020-21,Pre-ASG
1610612760,13,0022000318,18,OKC,Oklahoma City Thunder,2021-02-01,2020-21,Pre-ASG
1610612742,10,0022000319,15,DAL,Dallas Mavericks,2021-02-01,2020-21,Pre-ASG
1610612756,9,0022000319,14,PHX,Phoenix Suns,2021-02-01,2020-21,Pre-ASG
1610612743,14,0022000306,18,DEN,Denver Nuggets,2021-01-31,2020-21,Pre-ASG
1610612762,13,0022000306,13,UTA,Utah Jazz,2021-01-31,2020-21,Pre-ASG
1610612753,11,0022000309,13,ORL,Orlando Magic,2021-01-31,2020-21,Pre-ASG
1610612761,12,0022000309,14,TOR,Toronto Raptors,2021-01-31,2020-21,Pre-ASG
1610612754,10,0022000307,13,IND,Indiana Pacers,2021-01-31,2020-21,Pre-ASG
1610612755,10,0022000307,17,PHI,Philadelphia 76ers,2021-01-31,2020-21,Pre-ASG
1610612746,12,0022000308,15,LAC,LA Clippers,2021-01-31,2020-21,Pre-ASG
1610612752,10,0022000308,9,NYK,New York Knicks,2021-01-31,2020-21,Pre-ASG
1610612751,10,0022000310,11,BKN,Brooklyn Nets,2021-01-31,2020-21,Pre-ASG
1610612764,11,0022000310,19,WAS,Washington Wizards,2021-01-31,2020-21,Pre-ASG
1610612739,10,0022000311,12,CLE,Cleveland Cavaliers,2021-01-31,2020-21,Pre-ASG
1610612750,10,0022000311,11,MIN,Minnesota Timberwolves,2021-01-31,2020-21,Pre-ASG
1610612748,10,0022000301,18,MIA,Miami Heat,2021-01-30,2020-21,Pre-ASG
1610612758,9,0022000301,14,SAC,Sacramento Kings,2021-01-30,2020-21,Pre-ASG
1610612742,9,0022000303,15,DAL,Dallas Mavericks,2021-01-30,2020-21,Pre-ASG
1610612756,9,0022000303,14,PHX,Phoenix Suns,2021-01-30,2020-21,Pre-ASG
1610612759,15,0022000304,17,SAS,San Antonio Spurs,2021-01-30,2020-21,Pre-ASG
1610612763,10,0022000304,16,MEM,Memphis Grizzlies,2021-01-30,2020-21,Pre-ASG
1610612744,12,0022000305,15,GSW,Golden State Warriors,2021-01-30,2020-21,Pre-ASG
1610612765,14,0022000305,13,DET,Detroit Pistons,2021-01-30,2020-21,Pre-ASG
1610612741,11,0022000298,20,CHI,Chicago Bulls,2021-01-30,2020-21,Pre-ASG
1610612757,9,0022000298,11,POR,Portland Trail Blazers,2021-01-30,2020-21,Pre-ASG
1610612749,12,0022000299,15,MIL,Milwaukee Bucks,2021-01-30,2020-21,Pre-ASG
1610612766,11,0022000299,21,CHA,Charlotte Hornets,2021-01-30,2020-21,Pre-ASG
1610612738,10,0022000302,19,BOS,Boston Celtics,2021-01-30,2020-21,Pre-ASG
1610612747,9,0022000302,12,LAL,Los Angeles Lakers,2021-01-30,2020-21,Pre-ASG
1610612739,10,0022000291,16,CLE,Cleveland Cavaliers,2021-01-29,2020-21,Pre-ASG
1610612752,11,0022000291,11,NYK,New York Knicks,2021-01-29,2020-21,Pre-ASG
1610612758,9,0022000292,17,SAC,Sacramento Kings,2021-01-29,2020-21,Pre-ASG
1610612761,11,0022000292,18,TOR,Toronto Raptors,2021-01-29,2020-21,Pre-ASG
1610612737,13,0022000290,21,ATL,Atlanta Hawks,2021-01-29,2020-21,Pre-ASG
1610612764,13,0022000290,23,WAS,Washington Wizards,2021-01-29,2020-21,Pre-ASG
1610612740,8,0022000293,16,NOP,New Orleans Pelicans,2021-01-29,2020-21,Pre-ASG
1610612749,10,0022000293,17,MIL,Milwaukee Bucks,2021-01-29,2020-21,Pre-ASG
1610612746,13,0022000289,15,LAC,LA Clippers,2021-01-29,2020-21,Pre-ASG
1610612753,11,0022000289,10,ORL,Orlando Magic,2021-01-29,2020-21,Pre-ASG
1610612743,14,0022000296,13,DEN,Denver Nuggets,2021-01-29,2020-21,Pre-ASG
1610612759,12,0022000296,14,SAS,San Antonio Spurs,2021-01-29,2020-21,Pre-ASG
1610612742,14,0022000297,17,DAL,Dallas Mavericks,2021-01-29,2020-21,Pre-ASG
1610612762,12,0022000297,11,UTA,Utah Jazz,2021-01-29,2020-21,Pre-ASG
1610612751,11,0022000295,13,BKN,Brooklyn Nets,2021-01-29,2020-21,Pre-ASG
1610612760,13,0022000295,18,OKC,Oklahoma City Thunder,2021-01-29,2020-21,Pre-ASG
1610612754,10,0022000288,15,IND,Indiana Pacers,2021-01-29,2020-21,Pre-ASG
1610612766,9,0022000288,15,CHA,Charlotte Hornets,2021-01-29,2020-21,Pre-ASG
1610612750,11,0022000294,12,MIN,Minnesota Timberwolves,2021-01-29,2020-21,Pre-ASG
1610612755,12,0022000294,13,PHI,Philadelphia 76ers,2021-01-29,2020-21,Pre-ASG
1610612746,9,0022000285,15,LAC,LA Clippers,2021-01-28,2020-21,Pre-ASG
1610612748,9,0022000285,18,MIA,Miami Heat,2021-01-28,2020-21,Pre-ASG
1610612747,13,0022000284,15,LAL,Los Angeles Lakers,2021-01-28,2020-21,Pre-ASG
1610612765,12,0022000284,10,DET,Detroit Pistons,2021-01-28,2020-21,Pre-ASG
1610612745,10,0022000287,17,HOU,Houston Rockets,2021-01-28,2020-21,Pre-ASG
1610612757,9,0022000287,11,POR,Portland Trail Blazers,2021-01-28,2020-21,Pre-ASG
1610612744,13,0022000286,15,GSW,Golden State Warriors,2021-01-28,2020-21,Pre-ASG
1610612756,11,0022000286,17,PHX,Phoenix Suns,2021-01-28,2020-21,Pre-ASG
1610612754,9,0022000271,12,IND,Indiana Pacers,2021-01-27,2020-21,Pre-ASG
1610612766,9,0022000271,14,CHA,Charlotte Hornets,2021-01-27,2020-21,Pre-ASG
1610612738,13,0022000280,14,BOS,Boston Celtics,2021-01-27,2020-21,Pre-ASG
1610612759,9,0022000280,14,SAS,San Antonio Spurs,2021-01-27,2020-21,Pre-ASG
1610612747,11,0022000276,12,LAL,Los Angeles Lakers,2021-01-27,2020-21,Pre-ASG
1610612755,10,0022000276,19,PHI,Philadelphia 76ers,2021-01-27,2020-21,Pre-ASG
1610612742,15,0022000282,15,DAL,Dallas Mavericks,2021-01-27,2020-21,Pre-ASG
1610612762,12,0022000282,8,UTA,Utah Jazz,2021-01-27,2020-21,Pre-ASG
1610612743,14,0022000275,13,DEN,Denver Nuggets,2021-01-27,2020-21,Pre-ASG
1610612748,10,0022000275,14,MIA,Miami Heat,2021-01-27,2020-21,Pre-ASG
1610612744,13,0022000283,16,GSW,Golden State Warriors,2021-01-27,2020-21,Pre-ASG
1610612750,12,0022000283,16,MIN,Minnesota Timberwolves,2021-01-27,2020-21,Pre-ASG
1610612740,9,0022000279,12,NOP,New Orleans Pelicans,2021-01-27,2020-21,Pre-ASG
1610612764,10,0022000279,18,WAS,Washington Wizards,2021-01-27,2020-21,Pre-ASG
1610612737,9,0022000274,11,ATL,Atlanta Hawks,2021-01-27,2020-21,Pre-ASG
1610612751,9,0022000274,13,BKN,Brooklyn Nets,2021-01-27,2020-21,Pre-ASG
1610612749,10,0022000277,15,MIL,Milwaukee Bucks,2021-01-27,2020-21,Pre-ASG
1610612761,10,0022000277,15,TOR,Toronto Raptors,2021-01-27,2020-21,Pre-ASG
1610612753,11,0022000273,11,ORL,Orlando Magic,2021-01-27,2020-21,Pre-ASG
1610612758,12,0022000273,12,SAC,Sacramento Kings,2021-01-27,2020-21,Pre-ASG
1610612756,10,0022000281,13,PHX,Phoenix Suns,2021-01-27,2020-21,Pre-ASG
1610612760,11,0022000281,13,OKC,Oklahoma City Thunder,2021-01-27,2020-21,Pre-ASG
1610612739,10,0022000272,17,CLE,Cleveland Cavaliers,2021-01-27,2020-21,Pre-ASG
1610612765,12,0022000272,18,DET,Detroit Pistons,2021-01-27,2020-21,Pre-ASG
1610612752,11,0022000270,12,NYK,New York Knicks,2021-01-26,2020-21,Pre-ASG
1610612762,13,0022000270,12,UTA,Utah Jazz,2021-01-26,2020-21,Pre-ASG
1610612737,11,0022000268,19,ATL,Atlanta Hawks,2021-01-26,2020-21,Pre-ASG
1610612746,9,0022000268,13,LAC,LA Clippers,2021-01-26,2020-21,Pre-ASG
1610612745,10,0022000269,17,HOU,Houston Rockets,2021-01-26,2020-21,Pre-ASG
1610612764,11,0022000269,20,WAS,Washington Wizards,2021-01-26,2020-21,Pre-ASG
1610612744,13,0022000266,12,GSW,Golden State Warriors,2021-01-25,2020-21,Pre-ASG
1610612750,12,0022000266,15,MIN,Minnesota Timberwolves,2021-01-25,2020-21,Pre-ASG
1610612757,8,0022000267,10,POR,Portland Trail Blazers,2021-01-25,2020-21,Pre-ASG
1610612760,10,0022000267,11,OKC,Oklahoma City Thunder,2021-01-25,2020-21,Pre-ASG
1610612755,13,0022000257,22,PHI,Philadelphia 76ers,2021-01-25,2020-21,Pre-ASG
1610612765,12,0022000257,16,DET,Detroit Pistons,2021-01-25,2020-21,Pre-ASG
1610612753,9,0022000259,14,ORL,Orlando Magic,2021-01-25,2020-21,Pre-ASG
1610612766,9,0022000259,14,CHA,Charlotte Hornets,2021-01-25,2020-21,Pre-ASG
1610612739,10,0022000261,20,CLE,Cleveland Cavaliers,2021-01-25,2020-21,Pre-ASG
1610612747,10,0022000261,13,LAL,Los Angeles Lakers,2021-01-25,2020-21,Pre-ASG
1610612754,11,0022000258,15,IND,Indiana Pacers,2021-01-25,2020-21,Pre-ASG
1610612761,12,0022000258,19,TOR,Toronto Raptors,2021-01-25,2020-21,Pre-ASG
1610612748,10,0022000260,14,MIA,Miami Heat,2021-01-25,2020-21,Pre-ASG
1610612751,9,0022000260,14,BKN,Brooklyn Nets,2021-01-25,2020-21,Pre-ASG
1610612742,9,0022000265,12,DAL,Dallas Mavericks,2021-01-25,2020-21,Pre-ASG
1610612743,11,0022000265,14,DEN,Denver Nuggets,2021-01-25,2020-21,Pre-ASG
1610612738,12,0022000262,22,BOS,Boston Celtics,2021-01-25,2020-21,Pre-ASG
1610612741,10,0022000262,15,CHI,Chicago Bulls,2021-01-25,2020-21,Pre-ASG
1610612746,12,0022000251,18,LAC,LA Clippers,2021-01-24,2020-21,Pre-ASG
1610612760,10,0022000251,9,OKC,Oklahoma City Thunder,2021-01-24,2020-21,Pre-ASG
1610612752,10,0022000256,9,NYK,New York Knicks,2021-01-24,2020-21,Pre-ASG
1610612757,10,0022000256,14,POR,Portland Trail Blazers,2021-01-24,2020-21,Pre-ASG
1610612738,14,0022000250,16,BOS,Boston Celtics,2021-01-24,2020-21,Pre-ASG
1610612739,12,0022000250,16,CLE,Cleveland Cavaliers,2021-01-24,2020-21,Pre-ASG
1610612754,8,0022000249,8,IND,Indiana Pacers,2021-01-24,2020-21,Pre-ASG
1610612761,11,0022000249,16,TOR,Toronto Raptors,2021-01-24,2020-21,Pre-ASG
1610612753,9,0022000252,14,ORL,Orlando Magic,2021-01-24,2020-21,Pre-ASG
1610612766,9,0022000252,13,CHA,Charlotte Hornets,2021-01-24,2020-21,Pre-ASG
1610612759,13,0022000253,18,SAS,San Antonio Spurs,2021-01-24,2020-21,Pre-ASG
1610612764,10,0022000253,19,WAS,Washington Wizards,2021-01-24,2020-21,Pre-ASG
1610612743,10,0022000248,15,DEN,Denver Nuggets,2021-01-23,2020-21,Pre-ASG
1610612756,11,0022000248,16,PHX,Phoenix Suns,2021-01-23,2020-21,Pre-ASG
1610612741,12,0022000245,17,CHI,Chicago Bulls,2021-01-23,2020-21,Pre-ASG
1610612747,12,0022000245,12,LAL,Los Angeles Lakers,2021-01-23,2020-21,Pre-ASG
1610612748,10,0022000244,18,MIA,Miami Heat,2021-01-23,2020-21,Pre-ASG
1610612751,9,0022000244,13,BKN,Brooklyn Nets,2021-01-23,2020-21,Pre-ASG
1610612755,10,0022000243,14,PHI,Philadelphia 76ers,2021-01-23,2020-21,Pre-ASG
1610612765,11,0022000243,17,DET,Detroit Pistons,2021-01-23,2020-21,Pre-ASG
1610612742,12,0022000247,16,DAL,Dallas Mavericks,2021-01-23,2020-21,Pre-ASG
1610612745,12,0022000247,22,HOU,Houston Rockets,2021-01-23,2020-21,Pre-ASG
1610612744,14,0022000242,14,GSW,Golden State Warriors,2021-01-23,2020-21,Pre-ASG
1610612762,13,0022000242,10,UTA,Utah Jazz,2021-01-23,2020-21,Pre-ASG
1610612740,9,0022000246,13,NOP,New Orleans Pelicans,2021-01-23,2020-21,Pre-ASG
1610612750,10,0022000246,15,MIN,Minnesota Timberwolves,2021-01-23,2020-21,Pre-ASG
1610612737,13,0022000236,16,ATL,Atlanta Hawks,2021-01-22,2020-21,Pre-ASG
1610612750,13,0022000236,17,MIN,Minnesota Timberwolves,2021-01-22,2020-21,Pre-ASG
1610612741,10,0022000229,15,CHI,Chicago Bulls,2021-01-22,2020-21,Pre-ASG
1610612766,9,0022000229,18,CHA,Charlotte Hornets,2021-01-22,2020-21,Pre-ASG
1610612738,11,0022000233,22,BOS,Boston Celtics,2021-01-22,2020-21,Pre-ASG
1610612755,10,0022000233,17,PHI,Philadelphia 76ers,2021-01-22,2020-21,Pre-ASG
1610612739,12,0022000232,20,CLE,Cleveland Cavaliers,2021-01-22,2020-21,Pre-ASG
1610612751,11,0022000232,15,BKN,Brooklyn Nets,2021-01-22,2020-21,Pre-ASG
1610612743,10,0022000238,15,DEN,Denver Nuggets,2021-01-22,2020-21,Pre-ASG
1610612756,10,0022000238,14,PHX,Phoenix Suns,2021-01-22,2020-21,Pre-ASG
1610612742,9,0022000237,20,DAL,Dallas Mavericks,2021-01-22,2020-21,Pre-ASG
1610612759,10,0022000237,14,SAS,San Antonio Spurs,2021-01-22,2020-21,Pre-ASG
1610612752,10,0022000241,8,NYK,New York Knicks,2021-01-22,2020-21,Pre-ASG
1610612758,9,0022000241,8,SAC,Sacramento Kings,2021-01-22,2020-21,Pre-ASG
1610612740,14,0022000227,10,NOP,New Orleans Pelicans,2021-01-21,2020-21,Pre-ASG
1610612762,13,0022000227,9,UTA,Utah Jazz,2021-01-21,2020-21,Pre-ASG
1610612744,12,0022000223,16,GSW,Golden State Warriors,2021-01-20,2020-21,Pre-ASG
1610612759,11,0022000223,14,SAS,San Antonio Spurs,2021-01-20,2020-21,Pre-ASG
1610612737,10,0022000219,13,ATL,Atlanta Hawks,2021-01-20,2020-21,Pre-ASG
1610612765,12,0022000219,17,DET,Detroit Pistons,2021-01-20,2020-21,Pre-ASG
1610612739,8,0022000216,15,CLE,Cleveland Cavaliers,2021-01-20,2020-21,Pre-ASG
1610612751,9,0022000216,13,BKN,Brooklyn Nets,2021-01-20,2020-21,Pre-ASG
1610612740,13,0022000214,14,NOP,New Orleans Pelicans,2021-01-19,2020-21,Pre-ASG
1610612762,13,0022000214,9,UTA,Utah Jazz,2021-01-19,2020-21,Pre-ASG
1610612745,9,0022000176,14,HOU,Houston Rockets,2021-01-14,2020-21,Pre-ASG
1610612759,9,0022000176,13,SAS,San Antonio Spurs,2021-01-14,2020-21,Pre-ASG
1610612740,9,0022000172,10,NOP,New Orleans Pelicans,2021-01-13,2020-21,Pre-ASG
1610612746,9,0022000172,15,LAC,LA Clippers,2021-01-13,2020-21,Pre-ASG
1610612751,11,0022000143,15,BKN,Brooklyn Nets,2021-01-10,2020-21,Pre-ASG
1610612760,11,0022000143,11,OKC,Oklahoma City Thunder,2021-01-10,2020-21,Pre-ASG
1610612741,9,0022000090,17,CHI,Chicago Bulls,2021-01-03,2020-21,Pre-ASG
1610612742,13,0022000090,22,DAL,Dallas Mavericks,2021-01-03,2020-21,Pre-ASG
1610612741,9,0022000063,21,CHI,Chicago Bulls,2020-12-31,2020-21,Pre-ASG
1610612764,11,0022000063,17,WAS,Washington Wizards,2020-12-31,2020-21,Pre-ASG
1610612739,12,0022000062,20,CLE,Cleveland Cavaliers,2020-12-31,2020-21,Pre-ASG
1610612754,13,0022000062,15,IND,Indiana Pacers,2020-12-31,2020-21,Pre-ASG
1610612752,11,0022000066,13,NYK,New York Knicks,2020-12-31,2020-21,Pre-ASG
1610612761,13,0022000066,16,TOR,Toronto Raptors,2020-12-31,2020-21,Pre-ASG
1610612756,11,0022000068,17,PHX,Phoenix Suns,2020-12-31,2020-21,Pre-ASG
1610612762,9,0022000068,10,UTA,Utah Jazz,2020-12-31,2020-21,Pre-ASG
1610612745,9,0022000065,12,HOU,Houston Rockets,2020-12-31,2020-21,Pre-ASG
1610612758,9,0022000065,13,SAC,Sacramento Kings,2020-12-31,2020-21,Pre-ASG
1610612740,12,0022000067,14,NOP,New Orleans Pelicans,2020-12-31,2020-21,Pre-ASG
1610612760,13,0022000067,16,OKC,Oklahoma City Thunder,2020-12-31,2020-21,Pre-ASG
1610612746,14,0022000061,14,LAC,LA Clippers,2020-12-30,2020-21,Pre-ASG
1610612757,12,0022000061,12,POR,Portland Trail Blazers,2020-12-30,2020-21,Pre-ASG
1610612737,11,0022000057,21,ATL,Atlanta Hawks,2020-12-30,2020-21,Pre-ASG
1610612751,10,0022000057,13,BKN,Brooklyn Nets,2020-12-30,2020-21,Pre-ASG
1610612738,13,0022000056,19,BOS,Boston Celtics,2020-12-30,2020-21,Pre-ASG
1610612763,10,0022000056,17,MEM,Memphis Grizzlies,2020-12-30,2020-21,Pre-ASG
1610612747,12,0022000060,13,LAL,Los Angeles Lakers,2020-12-30,2020-21,Pre-ASG
1610612759,12,0022000060,16,SAS,San Antonio Spurs,2020-12-30,2020-21,Pre-ASG
1610612748,11,0022000058,18,MIA,Miami Heat,2020-12-30,2020-21,Pre-ASG
1610612749,10,0022000058,20,MIL,Milwaukee Bucks,2020-12-30,2020-21,Pre-ASG
1610612755,10,0022000049,17,PHI,Philadelphia 76ers,2020-12-29,2020-21,Pre-ASG
1610612761,10,0022000049,15,TOR,Toronto Raptors,2020-12-29,2020-21,Pre-ASG
1610612743,13,0022000055,12,DEN,Denver Nuggets,2020-12-29,2020-21,Pre-ASG
1610612758,9,0022000055,15,SAC,Sacramento Kings,2020-12-29,2020-21,Pre-ASG
1610612738,10,0022000048,16,BOS,Boston Celtics,2020-12-29,2020-21,Pre-ASG
1610612754,9,0022000048,13,IND,Indiana Pacers,2020-12-29,2020-21,Pre-ASG
1610612744,11,0022000047,21,GSW,Golden State Warriors,2020-12-29,2020-21,Pre-ASG
1610612765,11,0022000047,16,DET,Detroit Pistons,2020-12-29,2020-21,Pre-ASG
1610612748,13,0022000051,17,MIA,Miami Heat,2020-12-29,2020-21,Pre-ASG
1610612749,13,0022000051,20,MIL,Milwaukee Bucks,2020-12-29,2020-21,Pre-ASG
1610612740,13,0022000053,14,NOP,New Orleans Pelicans,2020-12-29,2020-21,Pre-ASG
1610612756,14,0022000053,13,PHX,Phoenix Suns,2020-12-29,2020-21,Pre-ASG
1610612739,9,0022000046,14,CLE,Cleveland Cavaliers,2020-12-29,2020-21,Pre-ASG
1610612752,8,0022000046,10,NYK,New York Knicks,2020-12-29,2020-21,Pre-ASG
1610612741,10,0022000050,19,CHI,Chicago Bulls,2020-12-29,2020-21,Pre-ASG
1610612764,12,0022000050,22,WAS,Washington Wizards,2020-12-29,2020-21,Pre-ASG
1610612746,12,0022000054,13,LAC,LA Clippers,2020-12-29,2020-21,Pre-ASG
1610612750,12,0022000054,16,MIN,Minnesota Timberwolves,2020-12-29,2020-21,Pre-ASG
1610612753,10,0022000052,14,ORL,Orlando Magic,2020-12-29,2020-21,Pre-ASG
1610612760,11,0022000052,14,OKC,Oklahoma City Thunder,2020-12-29,2020-21,Pre-ASG
1610612751,9,0022000042,14,BKN,Brooklyn Nets,2020-12-28,2020-21,Pre-ASG
1610612763,10,0022000042,18,MEM,Memphis Grizzlies,2020-12-28,2020-21,Pre-ASG
1610612760,10,0022000043,12,OKC,Oklahoma City Thunder,2020-12-28,2020-21,Pre-ASG
1610612762,10,0022000043,14,UTA,Utah Jazz,2020-12-28,2020-21,Pre-ASG
1610612747,10,0022000045,13,LAL,Los Angeles Lakers,2020-12-28,2020-21,Pre-ASG
1610612757,9,0022000045,12,POR,Portland Trail Blazers,2020-12-28,2020-21,Pre-ASG
1610612743,14,0022000044,15,DEN,Denver Nuggets,2020-12-28,2020-21,Pre-ASG
1610612745,9,0022000044,12,HOU,Houston Rockets,2020-12-28,2020-21,Pre-ASG
1610612737,10,0022000041,16,ATL,Atlanta Hawks,2020-12-28,2020-21,Pre-ASG
1610612765,10,0022000041,10,DET,Detroit Pistons,2020-12-28,2020-21,Pre-ASG
1610612740,8,0022000034,8,NOP,New Orleans Pelicans,2020-12-27,2020-21,Pre-ASG
1610612759,10,0022000034,18,SAS,San Antonio Spurs,2020-12-27,2020-21,Pre-ASG
1610612751,11,0022000032,13,BKN,Brooklyn Nets,2020-12-27,2020-21,Pre-ASG
1610612766,10,0022000032,14,CHA,Charlotte Hornets,2020-12-27,2020-21,Pre-ASG
1610612747,14,0022000040,13,LAL,Los Angeles Lakers,2020-12-27,2020-21,Pre-ASG
1610612750,13,0022000040,19,MIN,Minnesota Timberwolves,2020-12-27,2020-21,Pre-ASG
1610612738,10,0022000037,18,BOS,Boston Celtics,2020-12-27,2020-21,Pre-ASG
1610612754,8,0022000037,11,IND,Indiana Pacers,2020-12-27,2020-21,Pre-ASG
1610612749,14,0022000036,21,MIL,Milwaukee Bucks,2020-12-27,2020-21,Pre-ASG
1610612752,12,0022000036,15,NYK,New York Knicks,2020-12-27,2020-21,Pre-ASG
1610612742,14,0022000031,13,DAL,Dallas Mavericks,2020-12-27,2020-21,Pre-ASG
1610612746,13,0022000031,13,LAC,LA Clippers,2020-12-27,2020-21,Pre-ASG
1610612756,12,0022000030,20,PHX,Phoenix Suns,2020-12-26,2020-21,Pre-ASG
1610612758,10,0022000030,19,SAC,Sacramento Kings,2020-12-26,2020-21,Pre-ASG
1610612752,11,0022000025,15,NYK,New York Knicks,2020-12-26,2020-21,Pre-ASG
1610612755,11,0022000025,14,PHI,Philadelphia 76ers,2020-12-26,2020-21,Pre-ASG
1610612745,9,0022000029,12,HOU,Houston Rockets,2020-12-26,2020-21,Pre-ASG
1610612757,10,0022000029,17,POR,Portland Trail Blazers,2020-12-26,2020-21,Pre-ASG
1610612740,9,0022000005,17,NOP,New Orleans Pelicans,2020-12-25,2020-21,Pre-ASG
1610612748,12,0022000005,19,MIA,Miami Heat,2020-12-25,2020-21,Pre-ASG
1610612744,13,0022000006,16,GSW,Golden State Warriors,2020-12-25,2020-21,Pre-ASG
1610612749,14,0022000006,19,MIL,Milwaukee Bucks,2020-12-25,2020-21,Pre-ASG
1610612739,11,0022000010,20,CLE,Cleveland Cavaliers,2020-12-23,2020-21,Pre-ASG
1610612766,10,0022000010,16,CHA,Charlotte Hornets,2020-12-23,2020-21,Pre-ASG
1610612740,10,0022000014,13,NOP,New Orleans Pelicans,2020-12-23,2020-21,Pre-ASG
1610612761,12,0022000014,18,TOR,Toronto Raptors,2020-12-23,2020-21,Pre-ASG
1610612738,10,0022000003,16,BOS,Boston Celtics,2020-12-23,2020-21,Pre-ASG
1610612749,10,0022000003,16,MIL,Milwaukee Bucks,2020-12-23,2020-21,Pre-ASG
1610612750,10,0022000018,18,MIN,Minnesota Timberwolves,2020-12-23,2020-21,Pre-ASG
1610612765,10,0022000018,12,DET,Detroit Pistons,2020-12-23,2020-21,Pre-ASG
1610612757,12,0022000020,10,POR,Portland Trail Blazers,2020-12-23,2020-21,Pre-ASG
1610612762,14,0022000020,19,UTA,Utah Jazz,2020-12-23,2020-21,Pre-ASG
1610612748,10,0022000012,19,MIA,Miami Heat,2020-12-23,2020-21,Pre-ASG
1610612753,10,0022000012,12,ORL,Orlando Magic,2020-12-23,2020-21,Pre-ASG
1610612759,9,0022000017,11,SAS,San Antonio Spurs,2020-12-23,2020-21,Pre-ASG
1610612763,10,0022000017,19,MEM,Memphis Grizzlies,2020-12-23,2020-21,Pre-ASG
1610612737,12,0022000015,22,ATL,Atlanta Hawks,2020-12-23,2020-21,Pre-ASG
1610612741,10,0022000015,24,CHI,Chicago Bulls,2020-12-23,2020-21,Pre-ASG
1610612744,13,0022000001,16,GSW,Golden State Warriors,2020-12-22,2020-21,Pre-ASG
1610612751,15,0022000001,12,BKN,Brooklyn Nets,2020-12-22,2020-21,Pre-ASG
1610612739,13,0022101218,19,CLE,Cleveland Cavaliers,2022-04-10,2021-22,Post-ASG
1610612749,7,0022101218,7,MIL,Milwaukee Bucks,2022-04-10,2021-22,Post-ASG
1610612752,8,0022101226,11,NYK,New York Knicks,2022-04-10,2021-22,Post-ASG
1610612761,11,0022101226,14,TOR,Toronto Raptors,2022-04-10,2021-22,Post-ASG
1610612740,11,0022101225,15,NOP,New Orleans Pelicans,2022-04-10,2021-22,Post-ASG
1610612744,11,0022101225,13,GSW,Golden State Warriors,2022-04-10,2021-22,Post-ASG
1610612738,14,0022101223,15,BOS,Boston Celtics,2022-04-10,2021-22,Post-ASG
1610612763,8,0022101223,13,MEM,Memphis Grizzlies,2022-04-10,2021-22,Post-ASG
1610612751,8,0022101216,13,BKN,Brooklyn Nets,2022-04-10,2021-22,Post-ASG
1610612754,9,0022101216,18,IND,Indiana Pacers,2022-04-10,2021-22,Post-ASG
1610612741,9,0022101224,16,CHI,Chicago Bulls,2022-04-10,2021-22,Post-ASG
1610612750,14,0022101224,15,MIN,Minnesota Timberwolves,2022-04-10,2021-22,Post-ASG
1610612743,11,0022101220,16,DEN,Denver Nuggets,2022-04-10,2021-22,Post-ASG
1610612747,9,0022101220,17,LAL,Los Angeles Lakers,2022-04-10,2021-22,Post-ASG
1610612755,9,0022101228,17,PHI,Philadelphia 76ers,2022-04-10,2021-22,Post-ASG
1610612765,11,0022101228,10,DET,Detroit Pistons,2022-04-10,2021-22,Post-ASG
1610612764,12,0022101217,14,WAS,Washington Wizards,2022-04-10,2021-22,Post-ASG
1610612766,14,0022101217,18,CHA,Charlotte Hornets,2022-04-10,2021-22,Post-ASG
1610612742,13,0022101219,15,DAL,Dallas Mavericks,2022-04-10,2021-22,Post-ASG
1610612759,12,0022101219,15,SAS,San Antonio Spurs,2022-04-10,2021-22,Post-ASG
1610612754,9,0022101214,21,IND,Indiana Pacers,2022-04-09,2021-22,Post-ASG
1610612755,10,0022101214,17,PHI,Philadelphia 76ers,2022-04-09,2021-22,Post-ASG
1610612744,10,0022101215,19,GSW,Golden State Warriors,2022-04-09,2021-22,Post-ASG
1610612759,10,0022101215,20,SAS,San Antonio Spurs,2022-04-09,2021-22,Post-ASG
1610612746,12,0022101212,10,LAC,LA Clippers,2022-04-09,2021-22,Post-ASG
1610612758,10,0022101212,14,SAC,Sacramento Kings,2022-04-09,2021-22,Post-ASG
1610612740,14,0022101213,16,NOP,New Orleans Pelicans,2022-04-09,2021-22,Post-ASG
1610612763,13,0022101213,13,MEM,Memphis Grizzlies,2022-04-09,2021-22,Post-ASG
1610612742,13,0022101209,12,DAL,Dallas Mavericks,2022-04-08,2021-22,Post-ASG
1610612757,10,0022101209,14,POR,Portland Trail Blazers,2022-04-08,2021-22,Post-ASG
1610612749,15,0022101203,22,MIL,Milwaukee Bucks,2022-04-08,2021-22,Post-ASG
1610612765,10,0022101203,15,DET,Detroit Pistons,2022-04-08,2021-22,Post-ASG
1610612756,10,0022101210,12,PHX,Phoenix Suns,2022-04-08,2021-22,Post-ASG
1610612762,10,0022101210,8,UTA,Utah Jazz,2022-04-08,2021-22,Post-ASG
1610612745,9,0022101206,12,HOU,Houston Rockets,2022-04-08,2021-22,Post-ASG
1610612761,11,0022101206,12,TOR,Toronto Raptors,2022-04-08,2021-22,Post-ASG
1610612737,9,0022101207,14,ATL,Atlanta Hawks,2022-04-08,2021-22,Post-ASG
1610612748,9,0022101207,10,MIA,Miami Heat,2022-04-08,2021-22,Post-ASG
1610612752,10,0022101204,15,NYK,New York Knicks,2022-04-08,2021-22,Post-ASG
1610612764,13,0022101204,16,WAS,Washington Wizards,2022-04-08,2021-22,Post-ASG
1610612747,9,0022101211,14,LAL,Los Angeles Lakers,2022-04-08,2021-22,Post-ASG
1610612760,6,0022101211,6,OKC,Oklahoma City Thunder,2022-04-08,2021-22,Post-ASG
1610612739,13,0022101205,19,CLE,Cleveland Cavaliers,2022-04-08,2021-22,Post-ASG
1610612751,10,0022101205,19,BKN,Brooklyn Nets,2022-04-08,2021-22,Post-ASG
1610612755,9,0022101197,13,PHI,Philadelphia 76ers,2022-04-07,2021-22,Post-ASG
1610612761,8,0022101197,10,TOR,Toronto Raptors,2022-04-07,2021-22,Post-ASG
1610612740,14,0022101200,9,NOP,New Orleans Pelicans,2022-04-07,2021-22,Post-ASG
1610612757,11,0022101200,17,POR,Portland Trail Blazers,2022-04-07,2021-22,Post-ASG
1610612744,13,0022101202,15,GSW,Golden State Warriors,2022-04-07,2021-22,Post-ASG
1610612747,9,0022101202,11,LAL,Los Angeles Lakers,2022-04-07,2021-22,Post-ASG
1610612753,10,0022101196,12,ORL,Orlando Magic,2022-04-07,2021-22,Post-ASG
1610612766,14,0022101196,16,CHA,Charlotte Hornets,2022-04-07,2021-22,Post-ASG
1610612738,9,0022101198,12,BOS,Boston Celtics,2022-04-07,2021-22,Post-ASG
1610612749,9,0022101198,18,MIL,Milwaukee Bucks,2022-04-07,2021-22,Post-ASG
1610612750,10,0022101199,16,MIN,Minnesota Timberwolves,2022-04-07,2021-22,Post-ASG
1610612759,11,0022101199,21,SAS,San Antonio Spurs,2022-04-07,2021-22,Post-ASG
1610612743,12,0022101201,16,DEN,Denver Nuggets,2022-04-07,2021-22,Post-ASG
1610612763,13,0022101201,16,MEM,Memphis Grizzlies,2022-04-07,2021-22,Post-ASG
1610612746,11,0022101195,14,LAC,LA Clippers,2022-04-06,2021-22,Post-ASG
1610612756,11,0022101195,14,PHX,Phoenix Suns,2022-04-06,2021-22,Post-ASG
1610612760,8,0022101194,11,OKC,Oklahoma City Thunder,2022-04-06,2021-22,Post-ASG
1610612762,13,0022101194,15,UTA,Utah Jazz,2022-04-06,2021-22,Post-ASG
1610612747,11,0022101189,19,LAL,Los Angeles Lakers,2022-04-05,2021-22,Post-ASG
1610612756,14,0022101189,9,PHX,Phoenix Suns,2022-04-05,2021-22,Post-ASG
1610612740,10,0022101188,11,NOP,New Orleans Pelicans,2022-04-05,2021-22,Post-ASG
1610612758,10,0022101188,15,SAC,Sacramento Kings,2022-04-05,2021-22,Post-ASG
1610612743,10,0022101186,10,DEN,Denver Nuggets,2022-04-05,2021-22,Post-ASG
1610612759,10,0022101186,20,SAS,San Antonio Spurs,2022-04-05,2021-22,Post-ASG
1610612745,9,0022101180,9,HOU,Houston Rockets,2022-04-05,2021-22,Post-ASG
1610612751,9,0022101180,15,BKN,Brooklyn Nets,2022-04-05,2021-22,Post-ASG
1610612757,10,0022101185,15,POR,Portland Trail Blazers,2022-04-05,2021-22,Post-ASG
1610612760,7,0022101185,6,OKC,Oklahoma City Thunder,2022-04-05,2021-22,Post-ASG
1610612739,9,0022101179,13,CLE,Cleveland Cavaliers,2022-04-05,2021-22,Post-ASG
1610612753,10,0022101179,12,ORL,Orlando Magic,2022-04-05,2021-22,Post-ASG
1610612748,12,0022101181,11,MIA,Miami Heat,2022-04-05,2021-22,Post-ASG
1610612766,12,0022101181,15,CHA,Charlotte Hornets,2022-04-05,2021-22,Post-ASG
1610612750,12,0022101184,15,MIN,Minnesota Timberwolves,2022-04-05,2021-22,Post-ASG
1610612764,8,0022101184,11,WAS,Washington Wizards,2022-04-05,2021-22,Post-ASG
1610612762,9,0022101187,9,UTA,Utah Jazz,2022-04-05,2021-22,Post-ASG
1610612763,10,0022101187,13,MEM,Memphis Grizzlies,2022-04-05,2021-22,Post-ASG
1610612752,11,0022101171,14,NYK,New York Knicks,2022-04-03,2021-22,Post-ASG
1610612753,10,0022101171,12,ORL,Orlando Magic,2022-04-03,2021-22,Post-ASG
1610612744,11,0022101176,18,GSW,Golden State Warriors,2022-04-03,2021-22,Post-ASG
1610612758,9,0022101176,13,SAC,Sacramento Kings,2022-04-03,2021-22,Post-ASG
1610612742,9,0022101167,15,DAL,Dallas Mavericks,2022-04-03,2021-22,Post-ASG
1610612749,9,0022101167,26,MIL,Milwaukee Bucks,2022-04-03,2021-22,Post-ASG
1610612756,12,0022101174,15,PHX,Phoenix Suns,2022-04-03,2021-22,Post-ASG
1610612760,9,0022101174,13,OKC,Oklahoma City Thunder,2022-04-03,2021-22,Post-ASG
1610612743,9,0022101168,14,DEN,Denver Nuggets,2022-04-03,2021-22,Post-ASG
1610612747,10,0022101168,16,LAL,Los Angeles Lakers,2022-04-03,2021-22,Post-ASG
1610612739,10,0022101170,14,CLE,Cleveland Cavaliers,2022-04-03,2021-22,Post-ASG
1610612755,10,0022101170,15,PHI,Philadelphia 76ers,2022-04-03,2021-22,Post-ASG
1610612754,10,0022101169,16,IND,Indiana Pacers,2022-04-03,2021-22,Post-ASG
1610612765,9,0022101169,11,DET,Detroit Pistons,2022-04-03,2021-22,Post-ASG
1610612738,13,0022101166,12,BOS,Boston Celtics,2022-04-03,2021-22,Post-ASG
1610612764,11,0022101166,13,WAS,Washington Wizards,2022-04-03,2021-22,Post-ASG
1610612745,9,0022101173,10,HOU,Houston Rockets,2022-04-03,2021-22,Post-ASG
1610612750,10,0022101173,15,MIN,Minnesota Timberwolves,2022-04-03,2021-22,Post-ASG
1610612744,10,0022101165,16,GSW,Golden State Warriors,2022-04-02,2021-22,Post-ASG
1610612762,9,0022101165,8,UTA,Utah Jazz,2022-04-02,2021-22,Post-ASG
1610612739,11,0022101162,21,CLE,Cleveland Cavaliers,2022-04-02,2021-22,Post-ASG
1610612752,9,0022101162,14,NYK,New York Knicks,2022-04-02,2021-22,Post-ASG
1610612741,12,0022101164,14,CHI,Chicago Bulls,2022-04-02,2021-22,Post-ASG
1610612748,12,0022101164,11,MIA,Miami Heat,2022-04-02,2021-22,Post-ASG
1610612755,12,0022101161,12,PHI,Philadelphia 76ers,2022-04-02,2021-22,Post-ASG
1610612766,12,0022101161,16,CHA,Charlotte Hornets,2022-04-02,2021-22,Post-ASG
1610612737,10,0022101163,12,ATL,Atlanta Hawks,2022-04-02,2021-22,Post-ASG
1610612751,9,0022101163,12,BKN,Brooklyn Nets,2022-04-02,2021-22,Post-ASG
1610612760,8,0022101157,11,OKC,Oklahoma City Thunder,2022-04-01,2021-22,Post-ASG
1610612765,9,0022101157,8,DET,Detroit Pistons,2022-04-01,2021-22,Post-ASG
1610612743,10,0022101159,13,DEN,Denver Nuggets,2022-04-01,2021-22,Post-ASG
1610612750,9,0022101159,16,MIN,Minnesota Timberwolves,2022-04-01,2021-22,Post-ASG
1610612746,8,0022101156,6,LAC,LA Clippers,2022-04-01,2021-22,Post-ASG
1610612749,9,0022101156,22,MIL,Milwaukee Bucks,2022-04-01,2021-22,Post-ASG
1610612757,11,0022101158,14,POR,Portland Trail Blazers,2022-04-01,2021-22,Post-ASG
1610612759,10,0022101158,20,SAS,San Antonio Spurs,2022-04-01,2021-22,Post-ASG
1610612756,10,0022101155,9,PHX,Phoenix Suns,2022-04-01,2021-22,Post-ASG
1610612763,9,0022101155,13,MEM,Memphis Grizzlies,2022-04-01,2021-22,Post-ASG
1610612738,8,0022101153,12,BOS,Boston Celtics,2022-04-01,2021-22,Post-ASG
1610612754,11,0022101153,16,IND,Indiana Pacers,2022-04-01,2021-22,Post-ASG
1610612749,10,0022101148,22,MIL,Milwaukee Bucks,2022-03-31,2021-22,Post-ASG
1610612751,10,0022101148,17,BKN,Brooklyn Nets,2022-03-31,2021-22,Post-ASG
1610612745,9,0022101142,14,HOU,Houston Rockets,2022-03-30,2021-22,Post-ASG
1610612758,10,0022101142,14,SAC,Sacramento Kings,2022-03-30,2021-22,Post-ASG
1610612739,10,0022101136,17,CLE,Cleveland Cavaliers,2022-03-30,2021-22,Post-ASG
1610612742,10,0022101136,15,DAL,Dallas Mavericks,2022-03-30,2021-22,Post-ASG
1610612740,10,0022101146,12,NOP,New Orleans Pelicans,2022-03-30,2021-22,Post-ASG
1610612757,10,0022101146,14,POR,Portland Trail Blazers,2022-03-30,2021-22,Post-ASG
1610612750,12,0022101141,14,MIN,Minnesota Timberwolves,2022-03-30,2021-22,Post-ASG
1610612761,13,0022101141,12,TOR,Toronto Raptors,2022-03-30,2021-22,Post-ASG
1610612738,8,0022101139,14,BOS,Boston Celtics,2022-03-30,2021-22,Post-ASG
1610612748,9,0022101139,10,MIA,Miami Heat,2022-03-30,2021-22,Post-ASG
1610612744,11,0022101145,21,GSW,Golden State Warriors,2022-03-30,2021-22,Post-ASG
1610612756,9,0022101145,12,PHX,Phoenix Suns,2022-03-30,2021-22,Post-ASG
1610612752,9,0022101140,13,NYK,New York Knicks,2022-03-30,2021-22,Post-ASG
1610612766,10,0022101140,11,CHA,Charlotte Hornets,2022-03-30,2021-22,Post-ASG
1610612759,10,0022101144,13,SAS,San Antonio Spurs,2022-03-30,2021-22,Post-ASG
1610612763,10,0022101144,14,MEM,Memphis Grizzlies,2022-03-30,2021-22,Post-ASG
1610612742,12,0022101134,13,DAL,Dallas Mavericks,2022-03-29,2021-22,Post-ASG
1610612747,12,0022101134,16,LAL,Los Angeles Lakers,2022-03-29,2021-22,Post-ASG
1610612746,10,0022101135,15,LAC,LA Clippers,2022-03-29,2021-22,Post-ASG
1610612762,10,0022101135,18,UTA,Utah Jazz,2022-03-29,2021-22,Post-ASG
1610612751,10,0022101133,14,BKN,Brooklyn Nets,2022-03-29,2021-22,Post-ASG
1610612765,10,0022101133,12,DET,Detroit Pistons,2022-03-29,2021-22,Post-ASG
1610612741,9,0022101132,12,CHI,Chicago Bulls,2022-03-29,2021-22,Post-ASG
1610612764,10,0022101132,12,WAS,Washington Wizards,2022-03-29,2021-22,Post-ASG
1610612749,10,0022101131,16,MIL,Milwaukee Bucks,2022-03-29,2021-22,Post-ASG
1610612755,9,0022101131,15,PHI,Philadelphia 76ers,2022-03-29,2021-22,Post-ASG
1610612741,9,0022101126,12,CHI,Chicago Bulls,2022-03-28,2021-22,Post-ASG
1610612752,9,0022101126,11,NYK,New York Knicks,2022-03-28,2021-22,Post-ASG
1610612744,11,0022101129,15,GSW,Golden State Warriors,2022-03-28,2021-22,Post-ASG
1610612763,11,0022101129,16,MEM,Memphis Grizzlies,2022-03-28,2021-22,Post-ASG
1610612743,10,0022101122,14,DEN,Denver Nuggets,2022-03-28,2021-22,Post-ASG
1610612766,10,0022101122,19,CHA,Charlotte Hornets,2022-03-28,2021-22,Post-ASG
1610612748,12,0022101125,10,MIA,Miami Heat,2022-03-28,2021-22,Post-ASG
1610612758,9,0022101125,11,SAC,Sacramento Kings,2022-03-28,2021-22,Post-ASG
1610612745,9,0022101128,11,HOU,Houston Rockets,2022-03-28,2021-22,Post-ASG
1610612759,9,0022101128,16,SAS,San Antonio Spurs,2022-03-28,2021-22,Post-ASG
1610612742,12,0022101121,11,DAL,Dallas Mavericks,2022-03-27,2021-22,Post-ASG
1610612762,11,0022101121,12,UTA,Utah Jazz,2022-03-27,2021-22,Post-ASG
1610612744,9,0022101117,20,GSW,Golden State Warriors,2022-03-27,2021-22,Post-ASG
1610612764,9,0022101117,13,WAS,Washington Wizards,2022-03-27,2021-22,Post-ASG
1610612755,9,0022101118,14,PHI,Philadelphia 76ers,2022-03-27,2021-22,Post-ASG
1610612756,9,0022101118,13,PHX,Phoenix Suns,2022-03-27,2021-22,Post-ASG
1610612738,11,0022101116,17,BOS,Boston Celtics,2022-03-27,2021-22,Post-ASG
1610612750,13,0022101116,12,MIN,Minnesota Timberwolves,2022-03-27,2021-22,Post-ASG
1610612751,10,0022101120,16,BKN,Brooklyn Nets,2022-03-27,2021-22,Post-ASG
1610612766,10,0022101120,17,CHA,Charlotte Hornets,2022-03-27,2021-22,Post-ASG
1610612740,10,0022101119,18,NOP,New Orleans Pelicans,2022-03-27,2021-22,Post-ASG
1610612747,10,0022101119,13,LAL,Los Angeles Lakers,2022-03-27,2021-22,Post-ASG
1610612740,10,0022101107,11,NOP,New Orleans Pelicans,2022-03-26,2021-22,Post-ASG
1610612759,10,0022101107,16,SAS,San Antonio Spurs,2022-03-26,2021-22,Post-ASG
1610612749,13,0022101112,23,MIL,Milwaukee Bucks,2022-03-26,2021-22,Post-ASG
1610612763,13,0022101112,15,MEM,Memphis Grizzlies,2022-03-26,2021-22,Post-ASG
1610612754,8,0022101109,17,IND,Indiana Pacers,2022-03-26,2021-22,Post-ASG
1610612761,12,0022101109,14,TOR,Toronto Raptors,2022-03-26,2021-22,Post-ASG
1610612748,12,0022101111,11,MIA,Miami Heat,2022-03-26,2021-22,Post-ASG
1610612751,12,0022101111,12,BKN,Brooklyn Nets,2022-03-26,2021-22,Post-ASG
1610612743,11,0022101113,15,DEN,Denver Nuggets,2022-03-26,2021-22,Post-ASG
1610612760,9,0022101113,19,OKC,Oklahoma City Thunder,2022-03-26,2021-22,Post-ASG
1610612737,9,0022101102,12,ATL,Atlanta Hawks,2022-03-25,2021-22,Post-ASG
1610612744,10,0022101102,18,GSW,Golden State Warriors,2022-03-25,2021-22,Post-ASG
1610612764,9,0022101101,12,WAS,Washington Wizards,2022-03-25,2021-22,Post-ASG
1610612765,10,0022101101,12,DET,Detroit Pistons,2022-03-25,2021-22,Post-ASG
1610612746,11,0022101106,15,LAC,LA Clippers,2022-03-25,2021-22,Post-ASG
1610612755,13,0022101106,17,PHI,Philadelphia 76ers,2022-03-25,2021-22,Post-ASG
1610612762,9,0022101100,8,UTA,Utah Jazz,2022-03-25,2021-22,Post-ASG
1610612766,10,0022101100,17,CHA,Charlotte Hornets,2022-03-25,2021-22,Post-ASG
1610612745,12,0022101105,9,HOU,Houston Rockets,2022-03-25,2021-22,Post-ASG
1610612757,10,0022101105,13,POR,Portland Trail Blazers,2022-03-25,2021-22,Post-ASG
1610612742,11,0022101104,14,DAL,Dallas Mavericks,2022-03-25,2021-22,Post-ASG
1610612750,14,0022101104,19,MIN,Minnesota Timberwolves,2022-03-25,2021-22,Post-ASG
1610612754,9,0022101096,16,IND,Indiana Pacers,2022-03-24,2021-22,Post-ASG
1610612763,11,0022101096,13,MEM,Memphis Grizzlies,2022-03-24,2021-22,Post-ASG
1610612740,11,0022101098,19,NOP,New Orleans Pelicans,2022-03-24,2021-22,Post-ASG
1610612741,11,0022101098,19,CHI,Chicago Bulls,2022-03-24,2021-22,Post-ASG
1610612749,10,0022101097,17,MIL,Milwaukee Bucks,2022-03-24,2021-22,Post-ASG
1610612764,10,0022101097,14,WAS,Washington Wizards,2022-03-24,2021-22,Post-ASG
1610612739,13,0022101095,16,CLE,Cleveland Cavaliers,2022-03-24,2021-22,Post-ASG
1610612761,12,0022101095,12,TOR,Toronto Raptors,2022-03-24,2021-22,Post-ASG
1610612743,10,0022101099,12,DEN,Denver Nuggets,2022-03-24,2021-22,Post-ASG
1610612756,10,0022101099,11,PHX,Phoenix Suns,2022-03-24,2021-22,Post-ASG
1610612753,9,0022101091,12,ORL,Orlando Magic,2022-03-23,2021-22,Post-ASG
1610612760,9,0022101091,10,OKC,Oklahoma City Thunder,2022-03-23,2021-22,Post-ASG
1610612747,8,0022101093,16,LAL,Los Angeles Lakers,2022-03-23,2021-22,Post-ASG
1610612755,10,0022101093,11,PHI,Philadelphia 76ers,2022-03-23,2021-22,Post-ASG
1610612744,10,0022101088,18,GSW,Golden State Warriors,2022-03-23,2021-22,Post-ASG
1610612748,10,0022101088,13,MIA,Miami Heat,2022-03-23,2021-22,Post-ASG
1610612742,11,0022101092,15,DAL,Dallas Mavericks,2022-03-23,2021-22,Post-ASG
1610612745,13,0022101092,9,HOU,Houston Rockets,2022-03-23,2021-22,Post-ASG
1610612750,13,0022101090,17,MIN,Minnesota Timberwolves,2022-03-23,2021-22,Post-ASG
1610612756,12,0022101090,18,PHX,Phoenix Suns,2022-03-23,2021-22,Post-ASG
1610612752,10,0022101084,14,NYK,New York Knicks,2022-03-23,2021-22,Post-ASG
1610612766,12,0022101084,16,CHA,Charlotte Hornets,2022-03-23,2021-22,Post-ASG
1610612757,11,0022101094,15,POR,Portland Trail Blazers,2022-03-23,2021-22,Post-ASG
1610612759,11,0022101094,16,SAS,San Antonio Spurs,2022-03-23,2021-22,Post-ASG
1610612754,9,0022101086,17,IND,Indiana Pacers,2022-03-23,2021-22,Post-ASG
1610612758,10,0022101086,10,SAC,Sacramento Kings,2022-03-23,2021-22,Post-ASG
1610612743,10,0022101083,11,DEN,Denver Nuggets,2022-03-22,2021-22,Post-ASG
1610612746,11,0022101083,14,LAC,LA Clippers,2022-03-22,2021-22,Post-ASG
1610612740,10,0022101071,15,NOP,New Orleans Pelicans,2022-03-21,2021-22,Post-ASG
1610612766,10,0022101071,15,CHA,Charlotte Hornets,2022-03-21,2021-22,Post-ASG
1610612742,9,0022101079,18,DAL,Dallas Mavericks,2022-03-21,2021-22,Post-ASG
1610612750,10,0022101079,16,MIN,Minnesota Timberwolves,2022-03-21,2021-22,Post-ASG
1610612757,10,0022101073,14,POR,Portland Trail Blazers,2022-03-21,2021-22,Post-ASG
1610612765,9,0022101073,14,DET,Detroit Pistons,2022-03-21,2021-22,Post-ASG
1610612741,12,0022101076,10,CHI,Chicago Bulls,2022-03-21,2021-22,Post-ASG
1610612761,11,0022101076,15,TOR,Toronto Raptors,2022-03-21,2021-22,Post-ASG
1610612751,10,0022101075,15,BKN,Brooklyn Nets,2022-03-21,2021-22,Post-ASG
1610612762,10,0022101075,10,UTA,Utah Jazz,2022-03-21,2021-22,Post-ASG
1610612739,13,0022101072,17,CLE,Cleveland Cavaliers,2022-03-21,2021-22,Post-ASG
1610612747,10,0022101072,19,LAL,Los Angeles Lakers,2022-03-21,2021-22,Post-ASG
1610612752,10,0022101067,14,NYK,New York Knicks,2022-03-20,2021-22,Post-ASG
1610612762,9,0022101067,10,UTA,Utah Jazz,2022-03-20,2021-22,Post-ASG
1610612753,10,0022101065,13,ORL,Orlando Magic,2022-03-20,2021-22,Post-ASG
1610612760,9,0022101065,12,OKC,Oklahoma City Thunder,2022-03-20,2021-22,Post-ASG
1610612745,12,0022101063,17,HOU,Houston Rockets,2022-03-20,2021-22,Post-ASG
1610612763,12,0022101063,18,MEM,Memphis Grizzlies,2022-03-20,2021-22,Post-ASG
1610612755,10,0022101069,16,PHI,Philadelphia 76ers,2022-03-20,2021-22,Post-ASG
1610612761,8,0022101069,8,TOR,Toronto Raptors,2022-03-20,2021-22,Post-ASG
1610612756,11,0022101066,18,PHX,Phoenix Suns,2022-03-20,2021-22,Post-ASG
1610612758,9,0022101066,11,SAC,Sacramento Kings,2022-03-20,2021-22,Post-ASG
1610612738,13,0022101068,14,BOS,Boston Celtics,2022-03-20,2021-22,Post-ASG
1610612743,13,0022101068,15,DEN,Denver Nuggets,2022-03-20,2021-22,Post-ASG
1610612747,10,0022101061,19,LAL,Los Angeles Lakers,2022-03-19,2021-22,Post-ASG
1610612764,9,0022101061,13,WAS,Washington Wizards,2022-03-19,2021-22,Post-ASG
1610612739,10,0022101060,14,CLE,Cleveland Cavaliers,2022-03-19,2021-22,Post-ASG
1610612765,10,0022101060,13,DET,Detroit Pistons,2022-03-19,2021-22,Post-ASG
1610612742,11,0022101059,15,DAL,Dallas Mavericks,2022-03-19,2021-22,Post-ASG
1610612766,12,0022101059,14,CHA,Charlotte Hornets,2022-03-19,2021-22,Post-ASG
1610612749,12,0022101058,19,MIL,Milwaukee Bucks,2022-03-19,2021-22,Post-ASG
1610612750,14,0022101058,20,MIN,Minnesota Timberwolves,2022-03-19,2021-22,Post-ASG
1610612738,12,0022101057,12,BOS,Boston Celtics,2022-03-18,2021-22,Post-ASG
1610612758,10,0022101057,13,SAC,Sacramento Kings,2022-03-18,2021-22,Post-ASG
1610612740,11,0022101054,15,NOP,New Orleans Pelicans,2022-03-18,2021-22,Post-ASG
1610612759,10,0022101054,17,SAS,San Antonio Spurs,2022-03-18,2021-22,Post-ASG
1610612745,10,0022101053,10,HOU,Houston Rockets,2022-03-18,2021-22,Post-ASG
1610612754,10,0022101053,18,IND,Indiana Pacers,2022-03-18,2021-22,Post-ASG
1610612752,9,0022101050,12,NYK,New York Knicks,2022-03-18,2021-22,Post-ASG
1610612764,10,0022101050,15,WAS,Washington Wizards,2022-03-18,2021-22,Post-ASG
1610612753,10,0022101045,10,ORL,Orlando Magic,2022-03-17,2021-22,Post-ASG
1610612765,10,0022101045,20,DET,Detroit Pistons,2022-03-17,2021-22,Post-ASG
1610612739,10,0022101034,15,CLE,Cleveland Cavaliers,2022-03-16,2021-22,Post-ASG
1610612755,10,0022101034,17,PHI,Philadelphia 76ers,2022-03-16,2021-22,Post-ASG
1610612747,12,0022101039,24,LAL,Los Angeles Lakers,2022-03-16,2021-22,Post-ASG
1610612750,13,0022101039,21,MIN,Minnesota Timberwolves,2022-03-16,2021-22,Post-ASG
1610612759,10,0022101040,20,SAS,San Antonio Spurs,2022-03-16,2021-22,Post-ASG
1610612760,10,0022101040,17,OKC,Oklahoma City Thunder,2022-03-16,2021-22,Post-ASG
1610612749,11,0022101043,26,MIL,Milwaukee Bucks,2022-03-16,2021-22,Post-ASG
1610612758,10,0022101043,13,SAC,Sacramento Kings,2022-03-16,2021-22,Post-ASG
1610612745,10,0022101038,8,HOU,Houston Rockets,2022-03-16,2021-22,Post-ASG
1610612756,11,0022101038,12,PHX,Phoenix Suns,2022-03-16,2021-22,Post-ASG
1610612747,11,0022101028,20,LAL,Los Angeles Lakers,2022-03-14,2021-22,Post-ASG
1610612761,10,0022101028,13,TOR,Toronto Raptors,2022-03-14,2021-22,Post-ASG
1610612749,10,0022101027,19,MIL,Milwaukee Bucks,2022-03-14,2021-22,Post-ASG
1610612762,11,0022101027,18,UTA,Utah Jazz,2022-03-14,2021-22,Post-ASG
1610612760,9,0022101023,15,OKC,Oklahoma City Thunder,2022-03-14,2021-22,Post-ASG
1610612766,12,0022101023,14,CHA,Charlotte Hornets,2022-03-14,2021-22,Post-ASG
1610612741,9,0022101026,15,CHI,Chicago Bulls,2022-03-14,2021-22,Post-ASG
1610612758,10,0022101026,12,SAC,Sacramento Kings,2022-03-14,2021-22,Post-ASG
1610612744,10,0022101025,13,GSW,Golden State Warriors,2022-03-14,2021-22,Post-ASG
1610612764,11,0022101025,16,WAS,Washington Wizards,2022-03-14,2021-22,Post-ASG
1610612750,10,0022101024,19,MIN,Minnesota Timberwolves,2022-03-14,2021-22,Post-ASG
1610612759,11,0022101024,13,SAS,San Antonio Spurs,2022-03-14,2021-22,Post-ASG
1610612739,11,0022101020,19,CLE,Cleveland Cavaliers,2022-03-14,2021-22,Post-ASG
1610612746,9,0022101020,14,LAC,LA Clippers,2022-03-14,2021-22,Post-ASG
1610612737,10,0022101016,14,ATL,Atlanta Hawks,2022-03-13,2021-22,Post-ASG
1610612754,8,0022101016,13,IND,Indiana Pacers,2022-03-13,2021-22,Post-ASG
1610612740,10,0022101017,19,NOP,New Orleans Pelicans,2022-03-13,2021-22,Post-ASG
1610612745,12,0022101017,11,HOU,Houston Rockets,2022-03-13,2021-22,Post-ASG
1610612738,8,0022101014,13,BOS,Boston Celtics,2022-03-13,2021-22,Post-ASG
1610612742,10,0022101014,14,DAL,Dallas Mavericks,2022-03-13,2021-22,Post-ASG
1610612753,10,0022101015,13,ORL,Orlando Magic,2022-03-13,2021-22,Post-ASG
1610612755,9,0022101015,13,PHI,Philadelphia 76ers,2022-03-13,2021-22,Post-ASG
1610612760,9,0022101018,20,OKC,Oklahoma City Thunder,2022-03-13,2021-22,Post-ASG
1610612763,10,0022101018,16,MEM,Memphis Grizzlies,2022-03-13,2021-22,Post-ASG
1610612746,9,0022101013,13,LAC,LA Clippers,2022-03-13,2021-22,Post-ASG
1610612765,8,0022101013,12,DET,Detroit Pistons,2022-03-13,2021-22,Post-ASG
1610612758,11,0022101010,15,SAC,Sacramento Kings,2022-03-12,2021-22,Post-ASG
1610612762,9,0022101010,7,UTA,Utah Jazz,2022-03-12,2021-22,Post-ASG
1610612739,10,0022101006,14,CLE,Cleveland Cavaliers,2022-03-12,2021-22,Post-ASG
1610612741,9,0022101006,13,CHI,Chicago Bulls,2022-03-12,2021-22,Post-ASG
1610612757,9,0022101011,12,POR,Portland Trail Blazers,2022-03-12,2021-22,Post-ASG
1610612764,11,0022101011,15,WAS,Washington Wizards,2022-03-12,2021-22,Post-ASG
1610612748,10,0022101005,11,MIA,Miami Heat,2022-03-12,2021-22,Post-ASG
1610612750,10,0022101005,16,MIN,Minnesota Timberwolves,2022-03-12,2021-22,Post-ASG
1610612743,12,0022101009,11,DEN,Denver Nuggets,2022-03-12,2021-22,Post-ASG
1610612761,11,0022101009,14,TOR,Toronto Raptors,2022-03-12,2021-22,Post-ASG
1610612737,10,0022100996,16,ATL,Atlanta Hawks,2022-03-11,2021-22,Post-ASG
1610612746,9,0022100996,11,LAC,LA Clippers,2022-03-11,2021-22,Post-ASG
1610612747,9,0022101004,16,LAL,Los Angeles Lakers,2022-03-11,2021-22,Post-ASG
1610612764,11,0022101004,17,WAS,Washington Wizards,2022-03-11,2021-22,Post-ASG
1610612743,12,0022100994,17,DEN,Denver Nuggets,2022-03-10,2021-22,Post-ASG
1610612744,10,0022100994,19,GSW,Golden State Warriors,2022-03-10,2021-22,Post-ASG
1610612751,11,0022100993,16,BKN,Brooklyn Nets,2022-03-10,2021-22,Post-ASG
1610612755,11,0022100993,12,PHI,Philadelphia 76ers,2022-03-10,2021-22,Post-ASG
1610612737,11,0022100984,15,ATL,Atlanta Hawks,2022-03-09,2021-22,Post-ASG
1610612749,10,0022100984,18,MIL,Milwaukee Bucks,2022-03-09,2021-22,Post-ASG
1610612753,10,0022100977,10,ORL,Orlando Magic,2022-03-08,2021-22,Post-ASG
1610612756,9,0022100977,8,PHX,Phoenix Suns,2022-03-08,2021-22,Post-ASG
1610612751,11,0022100975,19,BKN,Brooklyn Nets,2022-03-08,2021-22,Post-ASG
1610612766,9,0022100975,15,CHA,Charlotte Hornets,2022-03-08,2021-22,Post-ASG
1610612743,11,0022100528,15,DEN,Denver Nuggets,2022-03-07,2021-22,Post-ASG
1610612744,9,0022100528,15,GSW,Golden State Warriors,2022-03-07,2021-22,Post-ASG
1610612750,13,0022100971,18,MIN,Minnesota Timberwolves,2022-03-07,2021-22,Post-ASG
1610612757,10,0022100971,14,POR,Portland Trail Blazers,2022-03-07,2021-22,Post-ASG
1610612752,9,0022100953,13,NYK,New York Knicks,2022-03-04,2021-22,Post-ASG
1610612756,11,0022100953,15,PHX,Phoenix Suns,2022-03-04,2021-22,Post-ASG
1610612743,11,0022100952,13,DEN,Denver Nuggets,2022-03-04,2021-22,Post-ASG
1610612745,11,0022100952,9,HOU,Houston Rockets,2022-03-04,2021-22,Post-ASG
1610612758,10,0022100944,18,SAC,Sacramento Kings,2022-03-03,2021-22,Post-ASG
1610612759,11,0022100944,22,SAS,San Antonio Spurs,2022-03-03,2021-22,Post-ASG
1610612748,9,0022100936,12,MIA,Miami Heat,2022-03-02,2021-22,Post-ASG
1610612749,10,0022100936,22,MIL,Milwaukee Bucks,2022-03-02,2021-22,Post-ASG
1610612743,11,0022100938,8,DEN,Denver Nuggets,2022-03-02,2021-22,Post-ASG
1610612760,9,0022100938,13,OKC,Oklahoma City Thunder,2022-03-02,2021-22,Post-ASG
1610612745,10,0022100929,15,HOU,Houston Rockets,2022-03-01,2021-22,Post-ASG
1610612746,12,0022100929,12,LAC,LA Clippers,2022-03-01,2021-22,Post-ASG
1610612739,10,0022100920,16,CLE,Cleveland Cavaliers,2022-02-28,2021-22,Post-ASG
1610612750,10,0022100920,15,MIN,Minnesota Timberwolves,2022-02-28,2021-22,Post-ASG
1610612759,13,0022100923,17,SAS,San Antonio Spurs,2022-02-28,2021-22,Post-ASG
1610612763,11,0022100923,13,MEM,Memphis Grizzlies,2022-02-28,2021-22,Post-ASG
1610612753,12,0022100921,14,ORL,Orlando Magic,2022-02-28,2021-22,Post-ASG
1610612754,10,0022100921,19,IND,Indiana Pacers,2022-02-28,2021-22,Post-ASG
1610612765,10,0022100915,13,DET,Detroit Pistons,2022-02-27,2021-22,Post-ASG
1610612766,9,0022100915,21,CHA,Charlotte Hornets,2022-02-27,2021-22,Post-ASG
1610612752,9,0022100912,16,NYK,New York Knicks,2022-02-27,2021-22,Post-ASG
1610612755,10,0022100912,14,PHI,Philadelphia 76ers,2022-02-27,2021-22,Post-ASG
1610612740,12,0022100919,15,NOP,New Orleans Pelicans,2022-02-27,2021-22,Post-ASG
1610612747,12,0022100919,16,LAL,Los Angeles Lakers,2022-02-27,2021-22,Post-ASG
1610612749,10,0022100887,19,MIL,Milwaukee Bucks,2022-02-17,2021-22,Pre-ASG
1610612755,9,0022100887,15,PHI,Philadelphia 76ers,2022-02-17,2021-22,Pre-ASG
1610612740,9,0022100886,15,NOP,New Orleans Pelicans,2022-02-17,2021-22,Pre-ASG
1610612742,9,0022100886,14,DAL,Dallas Mavericks,2022-02-17,2021-22,Pre-ASG
1610612737,14,0022100874,11,ATL,Atlanta Hawks,2022-02-16,2021-22,Pre-ASG
1610612753,10,0022100874,12,ORL,Orlando Magic,2022-02-16,2021-22,Pre-ASG
1610612741,9,0022100878,16,CHI,Chicago Bulls,2022-02-16,2021-22,Pre-ASG
1610612758,9,0022100878,13,SAC,Sacramento Kings,2022-02-16,2021-22,Pre-ASG
1610612740,11,0022100872,23,NOP,New Orleans Pelicans,2022-02-15,2021-22,Pre-ASG
1610612763,10,0022100872,18,MEM,Memphis Grizzlies,2022-02-15,2021-22,Pre-ASG
1610612743,10,0022100864,10,DEN,Denver Nuggets,2022-02-14,2021-22,Pre-ASG
1610612753,10,0022100864,16,ORL,Orlando Magic,2022-02-14,2021-22,Pre-ASG
1610612744,12,0022100866,17,GSW,Golden State Warriors,2022-02-14,2021-22,Pre-ASG
1610612746,11,0022100866,10,LAC,LA Clippers,2022-02-14,2021-22,Pre-ASG
1610612745,12,0022100865,12,HOU,Houston Rockets,2022-02-14,2021-22,Pre-ASG
1610612762,14,0022100865,16,UTA,Utah Jazz,2022-02-14,2021-22,Pre-ASG
1610612737,10,0022100856,11,ATL,Atlanta Hawks,2022-02-13,2021-22,Pre-ASG
1610612738,8,0022100856,10,BOS,Boston Celtics,2022-02-13,2021-22,Pre-ASG
1610612745,11,0022100792,16,HOU,Houston Rockets,2022-02-04,2021-22,Pre-ASG
1610612759,11,0022100792,18,SAS,San Antonio Spurs,2022-02-04,2021-22,Pre-ASG
1610612739,9,0022100787,16,CLE,Cleveland Cavaliers,2022-02-04,2021-22,Pre-ASG
1610612766,8,0022100787,11,CHA,Charlotte Hornets,2022-02-04,2021-22,Pre-ASG
1610612751,10,0022100780,17,BKN,Brooklyn Nets,2022-02-02,2021-22,Pre-ASG
1610612758,9,0022100780,13,SAC,Sacramento Kings,2022-02-02,2021-22,Pre-ASG
1610612747,10,0022100781,18,LAL,Los Angeles Lakers,2022-02-02,2021-22,Pre-ASG
1610612757,9,0022100781,10,POR,Portland Trail Blazers,2022-02-02,2021-22,Pre-ASG
1610612751,12,0022100772,19,BKN,Brooklyn Nets,2022-02-01,2021-22,Pre-ASG
1610612756,12,0022100772,13,PHX,Phoenix Suns,2022-02-01,2021-22,Pre-ASG
1610612749,9,0022100768,13,MIL,Milwaukee Bucks,2022-02-01,2021-22,Pre-ASG
1610612764,11,0022100768,18,WAS,Washington Wizards,2022-02-01,2021-22,Pre-ASG
1610612744,9,0022100771,13,GSW,Golden State Warriors,2022-02-01,2021-22,Pre-ASG
1610612759,11,0022100771,21,SAS,San Antonio Spurs,2022-02-01,2021-22,Pre-ASG
1610612743,13,0022100770,11,DEN,Denver Nuggets,2022-02-01,2021-22,Pre-ASG
1610612750,12,0022100770,18,MIN,Minnesota Timberwolves,2022-02-01,2021-22,Pre-ASG
1610612740,11,0022100766,22,NOP,New Orleans Pelicans,2022-02-01,2021-22,Pre-ASG
1610612765,11,0022100766,13,DET,Detroit Pistons,2022-02-01,2021-22,Pre-ASG
1610612741,10,0022100769,12,CHI,Chicago Bulls,2022-02-01,2021-22,Pre-ASG
1610612753,9,0022100769,12,ORL,Orlando Magic,2022-02-01,2021-22,Pre-ASG
1610612748,9,0022100784,13,MIA,Miami Heat,2022-02-01,2021-22,Pre-ASG
1610612761,9,0022100784,13,TOR,Toronto Raptors,2022-02-01,2021-22,Pre-ASG
1610612757,11,0022100765,15,POR,Portland Trail Blazers,2022-01-31,2021-22,Pre-ASG
1610612760,11,0022100765,13,OKC,Oklahoma City Thunder,2022-01-31,2021-22,Pre-ASG
1610612738,14,0022100762,14,BOS,Boston Celtics,2022-01-31,2021-22,Pre-ASG
1610612748,10,0022100762,16,MIA,Miami Heat,2022-01-31,2021-22,Pre-ASG
1610612746,11,0022100760,11,LAC,LA Clippers,2022-01-31,2021-22,Pre-ASG
1610612754,10,0022100760,13,IND,Indiana Pacers,2022-01-31,2021-22,Pre-ASG
1610612752,14,0022100763,11,NYK,New York Knicks,2022-01-31,2021-22,Pre-ASG
1610612758,12,0022100763,15,SAC,Sacramento Kings,2022-01-31,2021-22,Pre-ASG
1610612739,9,0022100759,17,CLE,Cleveland Cavaliers,2022-01-31,2021-22,Pre-ASG
1610612740,10,0022100759,17,NOP,New Orleans Pelicans,2022-01-31,2021-22,Pre-ASG
1610612744,11,0022100764,15,GSW,Golden State Warriors,2022-01-31,2021-22,Pre-ASG
1610612745,9,0022100764,12,HOU,Houston Rockets,2022-01-31,2021-22,Pre-ASG
1610612755,10,0022100761,16,PHI,Philadelphia 76ers,2022-01-31,2021-22,Pre-ASG
1610612763,10,0022100761,17,MEM,Memphis Grizzlies,2022-01-31,2021-22,Pre-ASG
1610612737,9,0022100767,11,ATL,Atlanta Hawks,2022-01-31,2021-22,Pre-ASG
1610612761,9,0022100767,11,TOR,Toronto Raptors,2022-01-31,2021-22,Pre-ASG
1610612743,13,0022100756,9,DEN,Denver Nuggets,2022-01-30,2021-22,Pre-ASG
1610612749,14,0022100756,19,MIL,Milwaukee Bucks,2022-01-30,2021-22,Pre-ASG
1610612746,12,0022100752,14,LAC,LA Clippers,2022-01-30,2021-22,Pre-ASG
1610612766,10,0022100752,14,CHA,Charlotte Hornets,2022-01-30,2021-22,Pre-ASG
1610612750,11,0022100757,17,MIN,Minnesota Timberwolves,2022-01-30,2021-22,Pre-ASG
1610612762,11,0022100757,17,UTA,Utah Jazz,2022-01-30,2021-22,Pre-ASG
1610612742,10,0022100755,16,DAL,Dallas Mavericks,2022-01-30,2021-22,Pre-ASG
1610612753,9,0022100755,13,ORL,Orlando Magic,2022-01-30,2021-22,Pre-ASG
1610612741,11,0022100753,17,CHI,Chicago Bulls,2022-01-30,2021-22,Pre-ASG
1610612757,11,0022100753,11,POR,Portland Trail Blazers,2022-01-30,2021-22,Pre-ASG
1610612756,9,0022100758,9,PHX,Phoenix Suns,2022-01-30,2021-22,Pre-ASG
1610612759,9,0022100758,16,SAS,San Antonio Spurs,2022-01-30,2021-22,Pre-ASG
1610612737,10,0022100751,14,ATL,Atlanta Hawks,2022-01-30,2021-22,Pre-ASG
1610612747,10,0022100751,13,LAL,Los Angeles Lakers,2022-01-30,2021-22,Pre-ASG
1610612739,10,0022100754,15,CLE,Cleveland Cavaliers,2022-01-30,2021-22,Pre-ASG
1610612765,9,0022100754,12,DET,Detroit Pistons,2022-01-30,2021-22,Pre-ASG
1610612742,12,0022100746,18,DAL,Dallas Mavericks,2022-01-29,2021-22,Pre-ASG
1610612754,12,0022100746,16,IND,Indiana Pacers,2022-01-29,2021-22,Pre-ASG
1610612748,9,0022100748,11,MIA,Miami Heat,2022-01-29,2021-22,Pre-ASG
1610612761,8,0022100748,9,TOR,Toronto Raptors,2022-01-29,2021-22,Pre-ASG
1610612744,10,0022100750,16,GSW,Golden State Warriors,2022-01-29,2021-22,Pre-ASG
1610612751,10,0022100750,15,BKN,Brooklyn Nets,2022-01-29,2021-22,Pre-ASG
1610612762,10,0022100740,16,UTA,Utah Jazz,2022-01-28,2021-22,Pre-ASG
1610612763,9,0022100740,11,MEM,Memphis Grizzlies,2022-01-28,2021-22,Pre-ASG
1610612749,13,0022100744,20,MIL,Milwaukee Bucks,2022-01-28,2021-22,Pre-ASG
1610612752,10,0022100744,12,NYK,New York Knicks,2022-01-28,2021-22,Pre-ASG
1610612754,11,0022100741,16,IND,Indiana Pacers,2022-01-28,2021-22,Pre-ASG
1610612760,11,0022100741,17,OKC,Oklahoma City Thunder,2022-01-28,2021-22,Pre-ASG
1610612741,10,0022100742,14,CHI,Chicago Bulls,2022-01-28,2021-22,Pre-ASG
1610612759,10,0022100742,18,SAS,San Antonio Spurs,2022-01-28,2021-22,Pre-ASG
1610612745,10,0022100739,15,HOU,Houston Rockets,2022-01-28,2021-22,Pre-ASG
1610612757,9,0022100739,12,POR,Portland Trail Blazers,2022-01-28,2021-22,Pre-ASG
1610612737,15,0022100737,13,ATL,Atlanta Hawks,2022-01-28,2021-22,Pre-ASG
1610612738,13,0022100737,18,BOS,Boston Celtics,2022-01-28,2021-22,Pre-ASG
1610612753,11,0022100736,16,ORL,Orlando Magic,2022-01-28,2021-22,Pre-ASG
1610612765,12,0022100736,13,DET,Detroit Pistons,2022-01-28,2021-22,Pre-ASG
1610612746,11,0022100738,13,LAC,LA Clippers,2022-01-28,2021-22,Pre-ASG
1610612748,9,0022100738,13,MIA,Miami Heat,2022-01-28,2021-22,Pre-ASG
1610612740,10,0022100729,11,NOP,New Orleans Pelicans,2022-01-28,2021-22,Pre-ASG
1610612743,13,0022100729,16,DEN,Denver Nuggets,2022-01-28,2021-22,Pre-ASG
1610612750,10,0022100743,16,MIN,Minnesota Timberwolves,2022-01-28,2021-22,Pre-ASG
1610612756,9,0022100743,16,PHX,Phoenix Suns,2022-01-28,2021-22,Pre-ASG
1610612747,10,0022100735,11,LAL,Los Angeles Lakers,2022-01-28,2021-22,Pre-ASG
1610612766,8,0022100735,16,CHA,Charlotte Hornets,2022-01-28,2021-22,Pre-ASG
1610612747,11,0022100733,15,LAL,Los Angeles Lakers,2022-01-27,2021-22,Pre-ASG
1610612755,11,0022100733,14,PHI,Philadelphia 76ers,2022-01-27,2021-22,Pre-ASG
1610612744,11,0022100734,21,GSW,Golden State Warriors,2022-01-27,2021-22,Pre-ASG
1610612750,12,0022100734,13,MIN,Minnesota Timberwolves,2022-01-27,2021-22,Pre-ASG
1610612756,9,0022100731,10,PHX,Phoenix Suns,2022-01-26,2021-22,Pre-ASG
1610612762,10,0022100731,19,UTA,Utah Jazz,2022-01-26,2021-22,Pre-ASG
1610612743,11,0022100453,11,DEN,Denver Nuggets,2022-01-26,2021-22,Pre-ASG
1610612751,9,0022100453,12,BKN,Brooklyn Nets,2022-01-26,2021-22,Pre-ASG
1610612739,13,0022100722,14,CLE,Cleveland Cavaliers,2022-01-26,2021-22,Pre-ASG
1610612749,12,0022100722,21,MIL,Milwaukee Bucks,2022-01-26,2021-22,Pre-ASG
1610612741,9,0022100472,20,CHI,Chicago Bulls,2022-01-26,2021-22,Pre-ASG
1610612761,9,0022100472,14,TOR,Toronto Raptors,2022-01-26,2021-22,Pre-ASG
1610612754,12,0022100723,19,IND,Indiana Pacers,2022-01-26,2021-22,Pre-ASG
1610612766,12,0022100723,15,CHA,Charlotte Hornets,2022-01-26,2021-22,Pre-ASG
1610612742,12,0022100732,12,DAL,Dallas Mavericks,2022-01-26,2021-22,Pre-ASG
1610612757,10,0022100732,14,POR,Portland Trail Blazers,2022-01-26,2021-22,Pre-ASG
1610612748,11,0022100727,14,MIA,Miami Heat,2022-01-26,2021-22,Pre-ASG
1610612752,13,0022100727,17,NYK,New York Knicks,2022-01-26,2021-22,Pre-ASG
1610612737,15,0022100725,11,ATL,Atlanta Hawks,2022-01-26,2021-22,Pre-ASG
1610612758,13,0022100725,17,SAC,Sacramento Kings,2022-01-26,2021-22,Pre-ASG
1610612746,12,0022100724,17,LAC,LA Clippers,2022-01-26,2021-22,Pre-ASG
1610612753,9,0022100724,13,ORL,Orlando Magic,2022-01-26,2021-22,Pre-ASG
1610612759,10,0022100728,19,SAS,San Antonio Spurs,2022-01-26,2021-22,Pre-ASG
1610612763,9,0022100728,16,MEM,Memphis Grizzlies,2022-01-26,2021-22,Pre-ASG
1610612746,12,0022100716,17,LAC,LA Clippers,2022-01-25,2021-22,Pre-ASG
1610612764,10,0022100716,14,WAS,Washington Wizards,2022-01-25,2021-22,Pre-ASG
1610612743,11,0022100714,13,DEN,Denver Nuggets,2022-01-25,2021-22,Pre-ASG
1610612765,10,0022100714,15,DET,Detroit Pistons,2022-01-25,2021-22,Pre-ASG
1610612738,12,0022100717,14,BOS,Boston Celtics,2022-01-25,2021-22,Pre-ASG
1610612758,13,0022100717,12,SAC,Sacramento Kings,2022-01-25,2021-22,Pre-ASG
1610612742,13,0022100720,14,DAL,Dallas Mavericks,2022-01-25,2021-22,Pre-ASG
1610612744,13,0022100720,16,GSW,Golden State Warriors,2022-01-25,2021-22,Pre-ASG
1610612745,10,0022100719,12,HOU,Houston Rockets,2022-01-25,2021-22,Pre-ASG
1610612759,12,0022100719,17,SAS,San Antonio Spurs,2022-01-25,2021-22,Pre-ASG
1610612740,9,0022100712,15,NOP,New Orleans Pelicans,2022-01-24,2021-22,Pre-ASG
1610612754,10,0022100712,18,IND,Indiana Pacers,2022-01-24,2021-22,Pre-ASG
1610612739,10,0022100709,17,CLE,Cleveland Cavaliers,2022-01-24,2021-22,Pre-ASG
1610612752,10,0022100709,12,NYK,New York Knicks,2022-01-24,2021-22,Pre-ASG
1610612741,11,0022100730,21,CHI,Chicago Bulls,2022-01-24,2021-22,Pre-ASG
1610612760,11,0022100730,17,OKC,Oklahoma City Thunder,2022-01-24,2021-22,Pre-ASG
1610612756,9,0022100713,9,PHX,Phoenix Suns,2022-01-24,2021-22,Pre-ASG
1610612762,9,0022100713,11,UTA,Utah Jazz,2022-01-24,2021-22,Pre-ASG
1610612738,12,0022100699,16,BOS,Boston Celtics,2022-01-23,2021-22,Pre-ASG
1610612764,14,0022100699,15,WAS,Washington Wizards,2022-01-23,2021-22,Pre-ASG
1610612750,14,0022100706,12,MIN,Minnesota Timberwolves,2022-01-23,2021-22,Pre-ASG
1610612751,12,0022100706,16,BKN,Brooklyn Nets,2022-01-23,2021-22,Pre-ASG
1610612737,12,0022100703,15,ATL,Atlanta Hawks,2022-01-23,2021-22,Pre-ASG
1610612766,13,0022100703,13,CHA,Charlotte Hornets,2022-01-23,2021-22,Pre-ASG
1610612747,11,0022100700,22,LAL,Los Angeles Lakers,2022-01-23,2021-22,Pre-ASG
1610612748,9,0022100700,17,MIA,Miami Heat,2022-01-23,2021-22,Pre-ASG
1610612744,10,0022100708,14,GSW,Golden State Warriors,2022-01-23,2021-22,Pre-ASG
1610612762,9,0022100708,12,UTA,Utah Jazz,2022-01-23,2021-22,Pre-ASG
1610612757,9,0022100702,11,POR,Portland Trail Blazers,2022-01-23,2021-22,Pre-ASG
1610612761,10,0022100702,18,TOR,Toronto Raptors,2022-01-23,2021-22,Pre-ASG
1610612755,8,0022100704,11,PHI,Philadelphia 76ers,2022-01-23,2021-22,Pre-ASG
1610612759,10,0022100704,12,SAS,San Antonio Spurs,2022-01-23,2021-22,Pre-ASG
1610612746,11,0022100698,16,LAC,LA Clippers,2022-01-23,2021-22,Pre-ASG
1610612752,11,0022100698,13,NYK,New York Knicks,2022-01-23,2021-22,Pre-ASG
1610612743,10,0022100707,18,DEN,Denver Nuggets,2022-01-23,2021-22,Pre-ASG
1610612765,10,0022100707,13,DET,Detroit Pistons,2022-01-23,2021-22,Pre-ASG
1610612742,12,0022100705,17,DAL,Dallas Mavericks,2022-01-23,2021-22,Pre-ASG
1610612763,10,0022100705,13,MEM,Memphis Grizzlies,2022-01-23,2021-22,Pre-ASG
1610612741,10,0022100701,16,CHI,Chicago Bulls,2022-01-23,2021-22,Pre-ASG
1610612753,9,0022100701,14,ORL,Orlando Magic,2022-01-23,2021-22,Pre-ASG
1610612749,10,0022100696,25,MIL,Milwaukee Bucks,2022-01-22,2021-22,Pre-ASG
1610612758,9,0022100696,14,SAC,Sacramento Kings,2022-01-22,2021-22,Pre-ASG
1610612739,11,0022100695,16,CLE,Cleveland Cavaliers,2022-01-22,2021-22,Pre-ASG
1610612760,10,0022100695,25,OKC,Oklahoma City Thunder,2022-01-22,2021-22,Pre-ASG
1610612754,10,0022100697,16,IND,Indiana Pacers,2022-01-22,2021-22,Pre-ASG
1610612756,10,0022100697,15,PHX,Phoenix Suns,2022-01-22,2021-22,Pre-ASG
1610612741,9,0022100690,14,CHI,Chicago Bulls,2022-01-21,2021-22,Pre-ASG
1610612749,9,0022100690,16,MIL,Milwaukee Bucks,2022-01-21,2021-22,Pre-ASG
1610612738,10,0022100688,15,BOS,Boston Celtics,2022-01-21,2021-22,Pre-ASG
1610612757,9,0022100688,15,POR,Portland Trail Blazers,2022-01-21,2021-22,Pre-ASG
1610612751,12,0022100691,15,BKN,Brooklyn Nets,2022-01-21,2021-22,Pre-ASG
1610612759,12,0022100691,14,SAS,San Antonio Spurs,2022-01-21,2021-22,Pre-ASG
1610612737,9,0022100687,16,ATL,Atlanta Hawks,2022-01-21,2021-22,Pre-ASG
1610612748,10,0022100687,13,MIA,Miami Heat,2022-01-21,2021-22,Pre-ASG
1610612761,9,0022100689,13,TOR,Toronto Raptors,2022-01-21,2021-22,Pre-ASG
1610612764,11,0022100689,13,WAS,Washington Wizards,2022-01-21,2021-22,Pre-ASG
1610612744,10,0022100694,15,GSW,Golden State Warriors,2022-01-21,2021-22,Pre-ASG
1610612745,10,0022100694,13,HOU,Houston Rockets,2022-01-21,2021-22,Pre-ASG
1610612746,11,0022100686,13,LAC,LA Clippers,2022-01-21,2021-22,Pre-ASG
1610612755,8,0022100686,10,PHI,Philadelphia 76ers,2022-01-21,2021-22,Pre-ASG
1610612760,11,0022100684,18,OKC,Oklahoma City Thunder,2022-01-21,2021-22,Pre-ASG
1610612766,14,0022100684,16,CHA,Charlotte Hornets,2022-01-21,2021-22,Pre-ASG
1610612743,9,0022100692,10,DEN,Denver Nuggets,2022-01-21,2021-22,Pre-ASG
1610612763,9,0022100692,21,MEM,Memphis Grizzlies,2022-01-21,2021-22,Pre-ASG
1610612762,9,0022100693,14,UTA,Utah Jazz,2022-01-21,2021-22,Pre-ASG
1610612765,10,0022100693,16,DET,Detroit Pistons,2022-01-21,2021-22,Pre-ASG
1610612747,10,0022100685,20,LAL,Los Angeles Lakers,2022-01-21,2021-22,Pre-ASG
1610612753,11,0022100685,19,ORL,Orlando Magic,2022-01-21,2021-22,Pre-ASG
1610612740,10,0022100681,14,NOP,New Orleans Pelicans,2022-01-20,2021-22,Pre-ASG
1610612752,10,0022100681,10,NYK,New York Knicks,2022-01-20,2021-22,Pre-ASG
1610612744,11,0022100683,25,GSW,Golden State Warriors,2022-01-20,2021-22,Pre-ASG
1610612754,10,0022100683,17,IND,Indiana Pacers,2022-01-20,2021-22,Pre-ASG
1610612742,10,0022100682,19,DAL,Dallas Mavericks,2022-01-20,2021-22,Pre-ASG
1610612756,9,0022100682,14,PHX,Phoenix Suns,2022-01-20,2021-22,Pre-ASG
1610612739,12,0022100673,14,CLE,Cleveland Cavaliers,2022-01-19,2021-22,Pre-ASG
1610612741,10,0022100673,14,CHI,Chicago Bulls,2022-01-19,2021-22,Pre-ASG
1610612743,10,0022100678,13,DEN,Denver Nuggets,2022-01-19,2021-22,Pre-ASG
1610612746,10,0022100678,17,LAC,LA Clippers,2022-01-19,2021-22,Pre-ASG
1610612758,9,0022100679,12,SAC,Sacramento Kings,2022-01-19,2021-22,Pre-ASG
1610612765,10,0022100679,18,DET,Detroit Pistons,2022-01-19,2021-22,Pre-ASG
1610612749,9,0022100674,16,MIL,Milwaukee Bucks,2022-01-19,2021-22,Pre-ASG
1610612763,10,0022100674,17,MEM,Memphis Grizzlies,2022-01-19,2021-22,Pre-ASG
1610612748,11,0022100672,17,MIA,Miami Heat,2022-01-19,2021-22,Pre-ASG
1610612757,11,0022100672,19,POR,Portland Trail Blazers,2022-01-19,2021-22,Pre-ASG
1610612737,10,0022100670,11,ATL,Atlanta Hawks,2022-01-19,2021-22,Pre-ASG
1610612750,11,0022100670,21,MIN,Minnesota Timberwolves,2022-01-19,2021-22,Pre-ASG
1610612745,10,0022100677,12,HOU,Houston Rockets,2022-01-19,2021-22,Pre-ASG
1610612762,9,0022100677,8,UTA,Utah Jazz,2022-01-19,2021-22,Pre-ASG
1610612747,10,0022100680,17,LAL,Los Angeles Lakers,2022-01-19,2021-22,Pre-ASG
1610612754,11,0022100680,18,IND,Indiana Pacers,2022-01-19,2021-22,Pre-ASG
1610612759,13,0022100676,16,SAS,San Antonio Spurs,2022-01-19,2021-22,Pre-ASG
1610612760,10,0022100676,15,OKC,Oklahoma City Thunder,2022-01-19,2021-22,Pre-ASG
1610612751,8,0022100669,15,BKN,Brooklyn Nets,2022-01-19,2021-22,Pre-ASG
1610612764,11,0022100669,9,WAS,Washington Wizards,2022-01-19,2021-22,Pre-ASG
1610612753,12,0022100668,14,ORL,Orlando Magic,2022-01-19,2021-22,Pre-ASG
1610612755,11,0022100668,17,PHI,Philadelphia 76ers,2022-01-19,2021-22,Pre-ASG
1610612738,9,0022100671,14,BOS,Boston Celtics,2022-01-19,2021-22,Pre-ASG
1610612766,9,0022100671,15,CHA,Charlotte Hornets,2022-01-19,2021-22,Pre-ASG
1610612742,10,0022100675,18,DAL,Dallas Mavericks,2022-01-19,2021-22,Pre-ASG
1610612761,7,0022100675,11,TOR,Toronto Raptors,2022-01-19,2021-22,Pre-ASG
1610612744,13,0022100667,20,GSW,Golden State Warriors,2022-01-18,2021-22,Pre-ASG
1610612765,10,0022100667,13,DET,Detroit Pistons,2022-01-18,2021-22,Pre-ASG
1610612750,10,0022100666,19,MIN,Minnesota Timberwolves,2022-01-18,2021-22,Pre-ASG
1610612752,10,0022100666,13,NYK,New York Knicks,2022-01-18,2021-22,Pre-ASG
1610612748,9,0022100662,12,MIA,Miami Heat,2022-01-17,2021-22,Pre-ASG
1610612761,7,0022100662,11,TOR,Toronto Raptors,2022-01-17,2021-22,Pre-ASG
1610612752,11,0022100655,12,NYK,New York Knicks,2022-01-17,2021-22,Pre-ASG
1610612766,9,0022100655,13,CHA,Charlotte Hornets,2022-01-17,2021-22,Pre-ASG
1610612746,10,0022100659,17,LAC,LA Clippers,2022-01-17,2021-22,Pre-ASG
1610612754,10,0022100659,16,IND,Indiana Pacers,2022-01-17,2021-22,Pre-ASG
1610612755,12,0022100656,13,PHI,Philadelphia 76ers,2022-01-17,2021-22,Pre-ASG
1610612764,13,0022100656,15,WAS,Washington Wizards,2022-01-17,2021-22,Pre-ASG
1610612756,12,0022100664,12,PHX,Phoenix Suns,2022-01-17,2021-22,Pre-ASG
1610612759,11,0022100664,16,SAS,San Antonio Spurs,2022-01-17,2021-22,Pre-ASG
1610612747,9,0022100665,14,LAL,Los Angeles Lakers,2022-01-17,2021-22,Pre-ASG
1610612762,10,0022100665,11,UTA,Utah Jazz,2022-01-17,2021-22,Pre-ASG
1610612738,10,0022100654,12,BOS,Boston Celtics,2022-01-17,2021-22,Pre-ASG
1610612740,9,0022100654,11,NOP,New Orleans Pelicans,2022-01-17,2021-22,Pre-ASG
1610612753,12,0022100661,14,ORL,Orlando Magic,2022-01-17,2021-22,Pre-ASG
1610612757,11,0022100661,13,POR,Portland Trail Blazers,2022-01-17,2021-22,Pre-ASG
1610612741,10,0022100658,11,CHI,Chicago Bulls,2022-01-17,2021-22,Pre-ASG
1610612763,14,0022100658,15,MEM,Memphis Grizzlies,2022-01-17,2021-22,Pre-ASG
1610612739,9,0022100657,14,CLE,Cleveland Cavaliers,2022-01-17,2021-22,Pre-ASG
1610612751,9,0022100657,19,BKN,Brooklyn Nets,2022-01-17,2021-22,Pre-ASG
1610612737,9,0022100660,17,ATL,Atlanta Hawks,2022-01-17,2021-22,Pre-ASG
1610612749,9,0022100660,18,MIL,Milwaukee Bucks,2022-01-17,2021-22,Pre-ASG
1610612742,11,0022100663,19,DAL,Dallas Mavericks,2022-01-17,2021-22,Pre-ASG
1610612760,10,0022100663,25,OKC,Oklahoma City Thunder,2022-01-17,2021-22,Pre-ASG
1610612743,10,0022100653,11,DEN,Denver Nuggets,2022-01-16,2021-22,Pre-ASG
1610612762,11,0022100653,15,UTA,Utah Jazz,2022-01-16,2021-22,Pre-ASG
1610612756,12,0022100617,18,PHX,Phoenix Suns,2022-01-16,2021-22,Pre-ASG
1610612765,11,0022100617,16,DET,Detroit Pistons,2022-01-16,2021-22,Pre-ASG
1610612744,11,0022100652,16,GSW,Golden State Warriors,2022-01-16,2021-22,Pre-ASG
1610612750,15,0022100652,14,MIN,Minnesota Timberwolves,2022-01-16,2021-22,Pre-ASG
1610612745,10,0022100651,11,HOU,Houston Rockets,2022-01-16,2021-22,Pre-ASG
1610612758,10,0022100651,13,SAC,Sacramento Kings,2022-01-16,2021-22,Pre-ASG
1610612757,10,0022100642,16,POR,Portland Trail Blazers,2022-01-15,2021-22,Pre-ASG
1610612764,11,0022100642,15,WAS,Washington Wizards,2022-01-15,2021-22,Pre-ASG
1610612748,9,0022100645,15,MIA,Miami Heat,2022-01-15,2021-22,Pre-ASG
1610612755,9,0022100645,17,PHI,Philadelphia 76ers,2022-01-15,2021-22,Pre-ASG
1610612737,10,0022100643,11,ATL,Atlanta Hawks,2022-01-15,2021-22,Pre-ASG
1610612752,9,0022100643,9,NYK,New York Knicks,2022-01-15,2021-22,Pre-ASG
1610612746,10,0022100648,10,LAC,LA Clippers,2022-01-15,2021-22,Pre-ASG
1610612759,10,0022100648,18,SAS,San Antonio Spurs,2022-01-15,2021-22,Pre-ASG
1610612739,10,0022100646,18,CLE,Cleveland Cavaliers,2022-01-15,2021-22,Pre-ASG
1610612760,11,0022100646,18,OKC,Oklahoma City Thunder,2022-01-15,2021-22,Pre-ASG
1610612743,10,0022100649,9,DEN,Denver Nuggets,2022-01-15,2021-22,Pre-ASG
1610612747,12,0022100649,15,LAL,Los Angeles Lakers,2022-01-15,2021-22,Pre-ASG
1610612742,13,0022100650,15,DAL,Dallas Mavericks,2022-01-15,2021-22,Pre-ASG
1610612753,12,0022100650,16,ORL,Orlando Magic,2022-01-15,2021-22,Pre-ASG
1610612741,12,0022100637,19,CHI,Chicago Bulls,2022-01-14,2021-22,Pre-ASG
1610612744,11,0022100637,13,GSW,Golden State Warriors,2022-01-14,2021-22,Pre-ASG
1610612745,11,0022100640,17,HOU,Houston Rockets,2022-01-14,2021-22,Pre-ASG
1610612758,10,0022100640,17,SAC,Sacramento Kings,2022-01-14,2021-22,Pre-ASG
1610612737,10,0022100636,17,ATL,Atlanta Hawks,2022-01-14,2021-22,Pre-ASG
1610612748,10,0022100636,12,MIA,Miami Heat,2022-01-14,2021-22,Pre-ASG
1610612753,9,0022100632,16,ORL,Orlando Magic,2022-01-14,2021-22,Pre-ASG
1610612766,9,0022100632,17,CHA,Charlotte Hornets,2022-01-14,2021-22,Pre-ASG
1610612738,13,0022100635,13,BOS,Boston Celtics,2022-01-14,2021-22,Pre-ASG
1610612755,11,0022100635,13,PHI,Philadelphia 76ers,2022-01-14,2021-22,Pre-ASG
1610612742,12,0022100639,13,DAL,Dallas Mavericks,2022-01-14,2021-22,Pre-ASG
1610612763,14,0022100639,16,MEM,Memphis Grizzlies,2022-01-14,2021-22,Pre-ASG
1610612761,12,0022100633,16,TOR,Toronto Raptors,2022-01-14,2021-22,Pre-ASG
1610612765,10,0022100633,14,DET,Detroit Pistons,2022-01-14,2021-22,Pre-ASG
1610612739,9,0022100638,13,CLE,Cleveland Cavaliers,2022-01-14,2021-22,Pre-ASG
1610612759,10,0022100638,16,SAS,San Antonio Spurs,2022-01-14,2021-22,Pre-ASG
1610612754,12,0022100634,17,IND,Indiana Pacers,2022-01-14,2021-22,Pre-ASG
1610612756,11,0022100634,13,PHX,Phoenix Suns,2022-01-14,2021-22,Pre-ASG
1610612744,13,0022100627,16,GSW,Golden State Warriors,2022-01-13,2021-22,Pre-ASG
1610612749,14,0022100627,22,MIL,Milwaukee Bucks,2022-01-13,2021-22,Pre-ASG
1610612743,11,0022100631,11,DEN,Denver Nuggets,2022-01-13,2021-22,Pre-ASG
1610612757,10,0022100631,13,POR,Portland Trail Blazers,2022-01-13,2021-22,Pre-ASG
1610612740,12,0022100629,13,NOP,New Orleans Pelicans,2022-01-13,2021-22,Pre-ASG
1610612746,12,0022100629,10,LAC,LA Clippers,2022-01-13,2021-22,Pre-ASG
1610612750,10,0022100628,11,MIN,Minnesota Timberwolves,2022-01-13,2021-22,Pre-ASG
1610612763,10,0022100628,16,MEM,Memphis Grizzlies,2022-01-13,2021-22,Pre-ASG
1610612751,11,0022100630,16,BKN,Brooklyn Nets,2022-01-13,2021-22,Pre-ASG
1610612760,10,0022100630,19,OKC,Oklahoma City Thunder,2022-01-13,2021-22,Pre-ASG
1610612747,10,0022100626,17,LAL,Los Angeles Lakers,2022-01-12,2021-22,Pre-ASG
1610612758,11,0022100626,19,SAC,Sacramento Kings,2022-01-12,2021-22,Pre-ASG
1610612737,12,0022100621,14,ATL,Atlanta Hawks,2022-01-12,2021-22,Pre-ASG
1610612748,11,0022100621,9,MIA,Miami Heat,2022-01-12,2021-22,Pre-ASG
1610612742,13,0022100622,15,DAL,Dallas Mavericks,2022-01-12,2021-22,Pre-ASG
1610612752,12,0022100622,14,NYK,New York Knicks,2022-01-12,2021-22,Pre-ASG
1610612738,13,0022100618,12,BOS,Boston Celtics,2022-01-12,2021-22,Pre-ASG
1610612754,14,0022100618,20,IND,Indiana Pacers,2022-01-12,2021-22,Pre-ASG
1610612741,13,0022100625,19,CHI,Chicago Bulls,2022-01-12,2021-22,Pre-ASG
1610612751,13,0022100625,15,BKN,Brooklyn Nets,2022-01-12,2021-22,Pre-ASG
1610612739,12,0022100624,14,CLE,Cleveland Cavaliers,2022-01-12,2021-22,Pre-ASG
1610612762,10,0022100624,14,UTA,Utah Jazz,2022-01-12,2021-22,Pre-ASG
1610612755,14,0022100619,17,PHI,Philadelphia 76ers,2022-01-12,2021-22,Pre-ASG
1610612766,8,0022100619,10,CHA,Charlotte Hornets,2022-01-12,2021-22,Pre-ASG
1610612745,10,0022100623,19,HOU,Houston Rockets,2022-01-12,2021-22,Pre-ASG
1610612759,10,0022100623,21,SAS,San Antonio Spurs,2022-01-12,2021-22,Pre-ASG
1610612753,9,0022100620,18,ORL,Orlando Magic,2022-01-12,2021-22,Pre-ASG
1610612764,11,0022100620,15,WAS,Washington Wizards,2022-01-12,2021-22,Pre-ASG
1610612760,10,0022100612,15,OKC,Oklahoma City Thunder,2022-01-11,2021-22,Pre-ASG
1610612764,10,0022100612,19,WAS,Washington Wizards,2022-01-11,2021-22,Pre-ASG
1610612743,11,0022100616,12,DEN,Denver Nuggets,2022-01-11,2021-22,Pre-ASG
1610612746,9,0022100616,15,LAC,LA Clippers,2022-01-11,2021-22,Pre-ASG
1610612741,13,0022100415,17,CHI,Chicago Bulls,2022-01-11,2021-22,Pre-ASG
1610612765,10,0022100415,14,DET,Detroit Pistons,2022-01-11,2021-22,Pre-ASG
1610612740,10,0022100615,18,NOP,New Orleans Pelicans,2022-01-11,2021-22,Pre-ASG
1610612750,11,0022100615,20,MIN,Minnesota Timberwolves,2022-01-11,2021-22,Pre-ASG
1610612756,10,0022100613,12,PHX,Phoenix Suns,2022-01-11,2021-22,Pre-ASG
1610612761,9,0022100613,11,TOR,Toronto Raptors,2022-01-11,2021-22,Pre-ASG
1610612744,12,0022100614,26,GSW,Golden State Warriors,2022-01-11,2021-22,Pre-ASG
1610612763,10,0022100614,18,MEM,Memphis Grizzlies,2022-01-11,2021-22,Pre-ASG
1610612751,11,0022100486,16,BKN,Brooklyn Nets,2022-01-10,2021-22,Pre-ASG
1610612757,10,0022100486,10,POR,Portland Trail Blazers,2022-01-10,2021-22,Pre-ASG
1610612739,10,0022100611,15,CLE,Cleveland Cavaliers,2022-01-10,2021-22,Pre-ASG
1610612758,10,0022100611,12,SAC,Sacramento Kings,2022-01-10,2021-22,Pre-ASG
1610612762,9,0022100608,11,UTA,Utah Jazz,2022-01-10,2021-22,Pre-ASG
1610612765,10,0022100608,10,DET,Detroit Pistons,2022-01-10,2021-22,Pre-ASG
1610612752,12,0022100610,14,NYK,New York Knicks,2022-01-10,2021-22,Pre-ASG
1610612759,12,0022100610,19,SAS,San Antonio Spurs,2022-01-10,2021-22,Pre-ASG
1610612749,10,0022100607,18,MIL,Milwaukee Bucks,2022-01-10,2021-22,Pre-ASG
1610612766,8,0022100607,12,CHA,Charlotte Hornets,2022-01-10,2021-22,Pre-ASG
1610612738,9,0022100609,13,BOS,Boston Celtics,2022-01-10,2021-22,Pre-ASG
1610612754,9,0022100609,17,IND,Indiana Pacers,2022-01-10,2021-22,Pre-ASG
1610612745,12,0022100711,11,HOU,Houston Rockets,2022-01-10,2021-22,Pre-ASG
1610612755,13,0022100711,13,PHI,Philadelphia 76ers,2022-01-10,2021-22,Pre-ASG
1610612740,10,0022100599,11,NOP,New Orleans Pelicans,2022-01-09,2021-22,Pre-ASG
1610612761,8,0022100599,9,TOR,Toronto Raptors,2022-01-09,2021-22,Pre-ASG
1610612747,13,0022100606,19,LAL,Los Angeles Lakers,2022-01-09,2021-22,Pre-ASG
1610612763,13,0022100606,14,MEM,Memphis Grizzlies,2022-01-09,2021-22,Pre-ASG
1610612743,11,0022100601,10,DEN,Denver Nuggets,2022-01-09,2021-22,Pre-ASG
1610612760,11,0022100601,12,OKC,Oklahoma City Thunder,2022-01-09,2021-22,Pre-ASG
1610612745,10,0022100600,13,HOU,Houston Rockets,2022-01-09,2021-22,Pre-ASG
1610612750,13,0022100600,14,MIN,Minnesota Timberwolves,2022-01-09,2021-22,Pre-ASG
1610612741,12,0022100603,12,CHI,Chicago Bulls,2022-01-09,2021-22,Pre-ASG
1610612742,12,0022100603,19,DAL,Dallas Mavericks,2022-01-09,2021-22,Pre-ASG
1610612753,10,0022100598,17,ORL,Orlando Magic,2022-01-09,2021-22,Pre-ASG
1610612764,11,0022100598,14,WAS,Washington Wizards,2022-01-09,2021-22,Pre-ASG
1610612739,9,0022100604,10,CLE,Cleveland Cavaliers,2022-01-09,2021-22,Pre-ASG
1610612744,11,0022100604,19,GSW,Golden State Warriors,2022-01-09,2021-22,Pre-ASG
1610612737,11,0022100597,13,ATL,Atlanta Hawks,2022-01-09,2021-22,Pre-ASG
1610612746,13,0022100597,16,LAC,LA Clippers,2022-01-09,2021-22,Pre-ASG
1610612757,11,0022100605,13,POR,Portland Trail Blazers,2022-01-09,2021-22,Pre-ASG
1610612758,12,0022100605,18,SAC,Sacramento Kings,2022-01-09,2021-22,Pre-ASG
1610612751,11,0022100602,17,BKN,Brooklyn Nets,2022-01-09,2021-22,Pre-ASG
1610612759,10,0022100602,19,SAS,San Antonio Spurs,2022-01-09,2021-22,Pre-ASG
1610612754,9,0022100594,18,IND,Indiana Pacers,2022-01-08,2021-22,Pre-ASG
1610612762,10,0022100594,15,UTA,Utah Jazz,2022-01-08,2021-22,Pre-ASG
1610612753,11,0022100593,16,ORL,Orlando Magic,2022-01-08,2021-22,Pre-ASG
1610612765,10,0022100593,9,DET,Detroit Pistons,2022-01-08,2021-22,Pre-ASG
1610612749,10,0022100592,19,MIL,Milwaukee Bucks,2022-01-08,2021-22,Pre-ASG
1610612766,9,0022100592,20,CHA,Charlotte Hornets,2022-01-08,2021-22,Pre-ASG
1610612743,10,0022100588,12,DEN,Denver Nuggets,2022-01-07,2021-22,Pre-ASG
1610612758,13,0022100588,19,SAC,Sacramento Kings,2022-01-07,2021-22,Pre-ASG
1610612761,13,0022100584,13,TOR,Toronto Raptors,2022-01-07,2021-22,Pre-ASG
1610612762,9,0022100584,18,UTA,Utah Jazz,2022-01-07,2021-22,Pre-ASG
1610612739,9,0022100590,13,CLE,Cleveland Cavaliers,2022-01-07,2021-22,Pre-ASG
1610612757,10,0022100590,8,POR,Portland Trail Blazers,2022-01-07,2021-22,Pre-ASG
1610612742,13,0022100586,20,DAL,Dallas Mavericks,2022-01-07,2021-22,Pre-ASG
1610612745,12,0022100586,13,HOU,Houston Rockets,2022-01-07,2021-22,Pre-ASG
1610612737,12,0022100589,16,ATL,Atlanta Hawks,2022-01-07,2021-22,Pre-ASG
1610612747,11,0022100589,22,LAL,Los Angeles Lakers,2022-01-07,2021-22,Pre-ASG
1610612749,13,0022100583,17,MIL,Milwaukee Bucks,2022-01-07,2021-22,Pre-ASG
1610612751,13,0022100583,13,BKN,Brooklyn Nets,2022-01-07,2021-22,Pre-ASG
1610612741,12,0022100585,15,CHI,Chicago Bulls,2022-01-07,2021-22,Pre-ASG
1610612764,11,0022100585,14,WAS,Washington Wizards,2022-01-07,2021-22,Pre-ASG
1610612750,13,0022100587,18,MIN,Minnesota Timberwolves,2022-01-07,2021-22,Pre-ASG
1610612760,13,0022100587,24,OKC,Oklahoma City Thunder,2022-01-07,2021-22,Pre-ASG
1610612755,13,0022100582,17,PHI,Philadelphia 76ers,2022-01-07,2021-22,Pre-ASG
1610612759,13,0022100582,19,SAS,San Antonio Spurs,2022-01-07,2021-22,Pre-ASG
1610612763,14,0022100579,12,MEM,Memphis Grizzlies,2022-01-06,2021-22,Pre-ASG
1610612765,11,0022100579,17,DET,Detroit Pistons,2022-01-06,2021-22,Pre-ASG
1610612746,12,0022100581,15,LAC,LA Clippers,2022-01-06,2021-22,Pre-ASG
1610612756,11,0022100581,13,PHX,Phoenix Suns,2022-01-06,2021-22,Pre-ASG
1610612740,10,0022100580,18,NOP,New Orleans Pelicans,2022-01-06,2021-22,Pre-ASG
1610612744,11,0022100580,14,GSW,Golden State Warriors,2022-01-06,2021-22,Pre-ASG
1610612738,9,0022100578,11,BOS,Boston Celtics,2022-01-06,2021-22,Pre-ASG
1610612752,9,0022100578,13,NYK,New York Knicks,2022-01-06,2021-22,Pre-ASG
1610612737,8,0022100577,13,ATL,Atlanta Hawks,2022-01-05,2021-22,Pre-ASG
1610612758,10,0022100577,16,SAC,Sacramento Kings,2022-01-05,2021-22,Pre-ASG
1610612748,10,0022100576,21,MIA,Miami Heat,2022-01-05,2021-22,Pre-ASG
1610612757,10,0022100576,14,POR,Portland Trail Blazers,2022-01-05,2021-22,Pre-ASG
1610612743,11,0022100575,17,DEN,Denver Nuggets,2022-01-05,2021-22,Pre-ASG
1610612762,9,0022100575,10,UTA,Utah Jazz,2022-01-05,2021-22,Pre-ASG
1610612749,9,0022100573,20,MIL,Milwaukee Bucks,2022-01-05,2021-22,Pre-ASG
1610612761,9,0022100573,17,TOR,Toronto Raptors,2022-01-05,2021-22,Pre-ASG
1610612751,10,0022100571,16,BKN,Brooklyn Nets,2022-01-05,2021-22,Pre-ASG
1610612754,11,0022100571,13,IND,Indiana Pacers,2022-01-05,2021-22,Pre-ASG
1610612742,12,0022100572,20,DAL,Dallas Mavericks,2022-01-05,2021-22,Pre-ASG
1610612744,13,0022100572,17,GSW,Golden State Warriors,2022-01-05,2021-22,Pre-ASG
1610612738,9,0022100570,15,BOS,Boston Celtics,2022-01-05,2021-22,Pre-ASG
1610612759,10,0022100570,15,SAS,San Antonio Spurs,2022-01-05,2021-22,Pre-ASG
1610612750,10,0022100574,13,MIN,Minnesota Timberwolves,2022-01-05,2021-22,Pre-ASG
1610612760,10,0022100574,16,OKC,Oklahoma City Thunder,2022-01-05,2021-22,Pre-ASG
1610612765,11,0022100567,11,DET,Detroit Pistons,2022-01-05,2021-22,Pre-ASG
1610612766,14,0022100567,12,CHA,Charlotte Hornets,2022-01-05,2021-22,Pre-ASG
1610612753,10,0022100568,18,ORL,Orlando Magic,2022-01-05,2021-22,Pre-ASG
1610612755,9,0022100568,14,PHI,Philadelphia 76ers,2022-01-05,2021-22,Pre-ASG
1610612745,9,0022100569,9,HOU,Houston Rockets,2022-01-05,2021-22,Pre-ASG
1610612764,9,0022100569,16,WAS,Washington Wizards,2022-01-05,2021-22,Pre-ASG
1610612739,9,0022100562,17,CLE,Cleveland Cavaliers,2022-01-04,2021-22,Pre-ASG
1610612763,10,0022100562,24,MEM,Memphis Grizzlies,2022-01-04,2021-22,Pre-ASG
1610612752,10,0022100564,11,NYK,New York Knicks,2022-01-04,2021-22,Pre-ASG
1610612754,9,0022100564,17,IND,Indiana Pacers,2022-01-04,2021-22,Pre-ASG
1610612740,10,0022100565,15,NOP,New Orleans Pelicans,2022-01-04,2021-22,Pre-ASG
1610612756,10,0022100565,17,PHX,Phoenix Suns,2022-01-04,2021-22,Pre-ASG
1610612747,9,0022100566,17,LAL,Los Angeles Lakers,2022-01-04,2021-22,Pre-ASG
1610612758,9,0022100566,12,SAC,Sacramento Kings,2022-01-04,2021-22,Pre-ASG
1610612759,12,0022100563,21,SAS,San Antonio Spurs,2022-01-04,2021-22,Pre-ASG
1610612761,12,0022100563,14,TOR,Toronto Raptors,2022-01-04,2021-22,Pre-ASG
1610612742,12,0022100558,19,DAL,Dallas Mavericks,2022-01-03,2021-22,Pre-ASG
1610612743,13,0022100558,22,DEN,Denver Nuggets,2022-01-03,2021-22,Pre-ASG
1610612745,11,0022100552,14,HOU,Houston Rockets,2022-01-03,2021-22,Pre-ASG
1610612755,12,0022100552,17,PHI,Philadelphia 76ers,2022-01-03,2021-22,Pre-ASG
1610612746,12,0022100561,14,LAC,LA Clippers,2022-01-03,2021-22,Pre-ASG
1610612750,12,0022100561,16,MIN,Minnesota Timberwolves,2022-01-03,2021-22,Pre-ASG
1610612749,10,0022100556,19,MIL,Milwaukee Bucks,2022-01-03,2021-22,Pre-ASG
1610612765,10,0022100556,15,DET,Detroit Pistons,2022-01-03,2021-22,Pre-ASG
1610612740,11,0022100557,18,NOP,New Orleans Pelicans,2022-01-03,2021-22,Pre-ASG
1610612762,9,0022100557,17,UTA,Utah Jazz,2022-01-03,2021-22,Pre-ASG
1610612764,8,0022100553,12,WAS,Washington Wizards,2022-01-03,2021-22,Pre-ASG
1610612766,9,0022100553,13,CHA,Charlotte Hornets,2022-01-03,2021-22,Pre-ASG
1610612737,9,0022100560,12,ATL,Atlanta Hawks,2022-01-03,2021-22,Pre-ASG
1610612757,9,0022100560,12,POR,Portland Trail Blazers,2022-01-03,2021-22,Pre-ASG
1610612744,12,0022100559,18,GSW,Golden State Warriors,2022-01-03,2021-22,Pre-ASG
1610612748,8,0022100559,20,MIA,Miami Heat,2022-01-03,2021-22,Pre-ASG
1610612751,12,0022100554,11,BKN,Brooklyn Nets,2022-01-03,2021-22,Pre-ASG
1610612763,14,0022100554,16,MEM,Memphis Grizzlies,2022-01-03,2021-22,Pre-ASG
1610612741,9,0022100555,15,CHI,Chicago Bulls,2022-01-03,2021-22,Pre-ASG
1610612753,10,0022100555,13,ORL,Orlando Magic,2022-01-03,2021-22,Pre-ASG
1610612739,9,0022100547,17,CLE,Cleveland Cavaliers,2022-01-02,2021-22,Pre-ASG
1610612754,9,0022100547,17,IND,Indiana Pacers,2022-01-02,2021-22,Pre-ASG
1610612738,10,0022100546,13,BOS,Boston Celtics,2022-01-02,2021-22,Pre-ASG
1610612753,11,0022100546,16,ORL,Orlando Magic,2022-01-02,2021-22,Pre-ASG
1610612747,9,0022100551,20,LAL,Los Angeles Lakers,2022-01-02,2021-22,Pre-ASG
1610612750,10,0022100551,19,MIN,Minnesota Timberwolves,2022-01-02,2021-22,Pre-ASG
1610612748,9,0022100548,13,MIA,Miami Heat,2022-01-02,2021-22,Pre-ASG
1610612758,11,0022100548,14,SAC,Sacramento Kings,2022-01-02,2021-22,Pre-ASG
1610612752,9,0022100545,13,NYK,New York Knicks,2022-01-02,2021-22,Pre-ASG
1610612761,14,0022100545,17,TOR,Toronto Raptors,2022-01-02,2021-22,Pre-ASG
1610612756,13,0022100549,18,PHX,Phoenix Suns,2022-01-02,2021-22,Pre-ASG
1610612766,13,0022100549,18,CHA,Charlotte Hornets,2022-01-02,2021-22,Pre-ASG
1610612742,12,0022100550,19,DAL,Dallas Mavericks,2022-01-02,2021-22,Pre-ASG
1610612760,10,0022100550,16,OKC,Oklahoma City Thunder,2022-01-02,2021-22,Pre-ASG
1610612746,10,0022100542,16,LAC,LA Clippers,2022-01-01,2021-22,Pre-ASG
1610612751,9,0022100542,15,BKN,Brooklyn Nets,2022-01-01,2021-22,Pre-ASG
1610612744,10,0022100544,17,GSW,Golden State Warriors,2022-01-01,2021-22,Pre-ASG
1610612762,8,0022100544,11,UTA,Utah Jazz,2022-01-01,2021-22,Pre-ASG
1610612759,10,0022100540,21,SAS,San Antonio Spurs,2022-01-01,2021-22,Pre-ASG
1610612765,10,0022100540,13,DET,Detroit Pistons,2022-01-01,2021-22,Pre-ASG
1610612740,12,0022100539,15,NOP,New Orleans Pelicans,2022-01-01,2021-22,Pre-ASG
1610612749,13,0022100539,16,MIL,Milwaukee Bucks,2022-01-01,2021-22,Pre-ASG
1610612741,9,0022100541,12,CHI,Chicago Bulls,2022-01-01,2021-22,Pre-ASG
1610612764,9,0022100541,18,WAS,Washington Wizards,2022-01-01,2021-22,Pre-ASG
1610612743,12,0022100543,25,DEN,Denver Nuggets,2022-01-01,2021-22,Pre-ASG
1610612745,12,0022100543,17,HOU,Houston Rockets,2022-01-01,2021-22,Pre-ASG
1610612745,12,0022100532,21,HOU,Houston Rockets,2021-12-31,2021-22,Pre-ASG
1610612748,9,0022100532,13,MIA,Miami Heat,2021-12-31,2021-22,Pre-ASG
1610612750,12,0022100537,22,MIN,Minnesota Timberwolves,2021-12-31,2021-22,Pre-ASG
1610612762,12,0022100537,14,UTA,Utah Jazz,2021-12-31,2021-22,Pre-ASG
1610612741,10,0022100530,16,CHI,Chicago Bulls,2021-12-31,2021-22,Pre-ASG
1610612754,10,0022100530,15,IND,Indiana Pacers,2021-12-31,2021-22,Pre-ASG
1610612742,10,0022100531,15,DAL,Dallas Mavericks,2021-12-31,2021-22,Pre-ASG
1610612758,9,0022100531,7,SAC,Sacramento Kings,2021-12-31,2021-22,Pre-ASG
1610612737,9,0022100533,12,ATL,Atlanta Hawks,2021-12-31,2021-22,Pre-ASG
1610612739,10,0022100533,16,CLE,Cleveland Cavaliers,2021-12-31,2021-22,Pre-ASG
1610612759,14,0022100535,17,SAS,San Antonio Spurs,2021-12-31,2021-22,Pre-ASG
1610612763,13,0022100535,18,MEM,Memphis Grizzlies,2021-12-31,2021-22,Pre-ASG
1610612747,11,0022100538,22,LAL,Los Angeles Lakers,2021-12-31,2021-22,Pre-ASG
1610612757,12,0022100538,19,POR,Portland Trail Blazers,2021-12-31,2021-22,Pre-ASG
1610612752,10,0022100536,14,NYK,New York Knicks,2021-12-31,2021-22,Pre-ASG
1610612760,11,0022100536,15,OKC,Oklahoma City Thunder,2021-12-31,2021-22,Pre-ASG
1610612739,12,0022100527,20,CLE,Cleveland Cavaliers,2021-12-30,2021-22,Pre-ASG
1610612764,14,0022100527,15,WAS,Washington Wizards,2021-12-30,2021-22,Pre-ASG
1610612751,10,0022100525,16,BKN,Brooklyn Nets,2021-12-30,2021-22,Pre-ASG
1610612755,9,0022100525,14,PHI,Philadelphia 76ers,2021-12-30,2021-22,Pre-ASG
1610612742,10,0022100524,20,DAL,Dallas Mavericks,2021-12-29,2021-22,Pre-ASG
1610612758,9,0022100524,14,SAC,Sacramento Kings,2021-12-29,2021-22,Pre-ASG
1610612747,9,0022100520,16,LAL,Los Angeles Lakers,2021-12-29,2021-22,Pre-ASG
1610612763,10,0022100520,17,MEM,Memphis Grizzlies,2021-12-29,2021-22,Pre-ASG
1610612757,12,0022100523,14,POR,Portland Trail Blazers,2021-12-29,2021-22,Pre-ASG
1610612762,13,0022100523,12,UTA,Utah Jazz,2021-12-29,2021-22,Pre-ASG
1610612737,10,0022100519,15,ATL,Atlanta Hawks,2021-12-29,2021-22,Pre-ASG
1610612741,12,0022100519,11,CHI,Chicago Bulls,2021-12-29,2021-22,Pre-ASG
1610612738,9,0022100518,14,BOS,Boston Celtics,2021-12-29,2021-22,Pre-ASG
1610612746,10,0022100518,13,LAC,LA Clippers,2021-12-29,2021-22,Pre-ASG
1610612752,10,0022100516,10,NYK,New York Knicks,2021-12-29,2021-22,Pre-ASG
1610612765,10,0022100516,11,DET,Detroit Pistons,2021-12-29,2021-22,Pre-ASG
1610612756,10,0022100522,15,PHX,Phoenix Suns,2021-12-29,2021-22,Pre-ASG
1610612760,13,0022100522,15,OKC,Oklahoma City Thunder,2021-12-29,2021-22,Pre-ASG
1610612754,9,0022100517,15,IND,Indiana Pacers,2021-12-29,2021-22,Pre-ASG
1610612766,9,0022100517,17,CHA,Charlotte Hornets,2021-12-29,2021-22,Pre-ASG
1610612743,9,0022100514,11,DEN,Denver Nuggets,2021-12-28,2021-22,Pre-ASG
1610612744,10,0022100514,17,GSW,Golden State Warriors,2021-12-28,2021-22,Pre-ASG
1610612750,10,0022100512,18,MIN,Minnesota Timberwolves,2021-12-28,2021-22,Pre-ASG
1610612752,10,0022100512,13,NYK,New York Knicks,2021-12-28,2021-22,Pre-ASG
1610612755,9,0022100510,18,PHI,Philadelphia 76ers,2021-12-28,2021-22,Pre-ASG
1610612761,9,0022100510,18,TOR,Toronto Raptors,2021-12-28,2021-22,Pre-ASG
1610612745,8,0022100511,10,HOU,Houston Rockets,2021-12-28,2021-22,Pre-ASG
1610612747,8,0022100511,12,LAL,Los Angeles Lakers,2021-12-28,2021-22,Pre-ASG
1610612749,11,0022100508,20,MIL,Milwaukee Bucks,2021-12-28,2021-22,Pre-ASG
1610612753,11,0022100508,12,ORL,Orlando Magic,2021-12-28,2021-22,Pre-ASG
1610612758,9,0022100515,11,SAC,Sacramento Kings,2021-12-28,2021-22,Pre-ASG
1610612760,11,0022100515,16,OKC,Oklahoma City Thunder,2021-12-28,2021-22,Pre-ASG
1610612748,8,0022100509,9,MIA,Miami Heat,2021-12-28,2021-22,Pre-ASG
1610612764,10,0022100509,16,WAS,Washington Wizards,2021-12-28,2021-22,Pre-ASG
1610612739,9,0022100513,15,CLE,Cleveland Cavaliers,2021-12-28,2021-22,Pre-ASG
1610612740,10,0022100513,16,NOP,New Orleans Pelicans,2021-12-28,2021-22,Pre-ASG
1610612746,11,0022100507,15,LAC,LA Clippers,2021-12-27,2021-22,Pre-ASG
1610612751,13,0022100507,18,BKN,Brooklyn Nets,2021-12-27,2021-22,Pre-ASG
1610612738,9,0022100503,14,BOS,Boston Celtics,2021-12-27,2021-22,Pre-ASG
1610612750,9,0022100503,14,MIN,Minnesota Timberwolves,2021-12-27,2021-22,Pre-ASG
1610612759,14,0022100504,21,SAS,San Antonio Spurs,2021-12-27,2021-22,Pre-ASG
1610612762,11,0022100504,11,UTA,Utah Jazz,2021-12-27,2021-22,Pre-ASG
1610612737,10,0022100502,11,ATL,Atlanta Hawks,2021-12-27,2021-22,Pre-ASG
1610612741,9,0022100502,12,CHI,Chicago Bulls,2021-12-27,2021-22,Pre-ASG
1610612742,15,0022100506,26,DAL,Dallas Mavericks,2021-12-27,2021-22,Pre-ASG
1610612757,11,0022100506,16,POR,Portland Trail Blazers,2021-12-27,2021-22,Pre-ASG
1610612756,9,0022100505,21,PHX,Phoenix Suns,2021-12-27,2021-22,Pre-ASG
1610612763,10,0022100505,17,MEM,Memphis Grizzlies,2021-12-27,2021-22,Pre-ASG
1610612745,10,0022100501,16,HOU,Houston Rockets,2021-12-27,2021-22,Pre-ASG
1610612766,12,0022100501,15,CHA,Charlotte Hornets,2021-12-27,2021-22,Pre-ASG
1610612748,9,0022100493,14,MIA,Miami Heat,2021-12-26,2021-22,Pre-ASG
1610612753,10,0022100493,14,ORL,Orlando Magic,2021-12-26,2021-22,Pre-ASG
1610612758,15,0022100496,23,SAC,Sacramento Kings,2021-12-26,2021-22,Pre-ASG
1610612763,12,0022100496,13,MEM,Memphis Grizzlies,2021-12-26,2021-22,Pre-ASG
1610612739,12,0022100494,18,CLE,Cleveland Cavaliers,2021-12-26,2021-22,Pre-ASG
1610612761,8,0022100494,13,TOR,Toronto Raptors,2021-12-26,2021-22,Pre-ASG
1610612743,10,0022100500,10,DEN,Denver Nuggets,2021-12-26,2021-22,Pre-ASG
1610612746,10,0022100500,17,LAC,LA Clippers,2021-12-26,2021-22,Pre-ASG
1610612741,9,0022100499,13,CHI,Chicago Bulls,2021-12-26,2021-22,Pre-ASG
1610612754,11,0022100499,14,IND,Indiana Pacers,2021-12-26,2021-22,Pre-ASG
1610612740,11,0022100497,18,NOP,New Orleans Pelicans,2021-12-26,2021-22,Pre-ASG
1610612760,11,0022100497,18,OKC,Oklahoma City Thunder,2021-12-26,2021-22,Pre-ASG
1610612759,14,0022100498,18,SAS,San Antonio Spurs,2021-12-26,2021-22,Pre-ASG
1610612765,9,0022100498,20,DET,Detroit Pistons,2021-12-26,2021-22,Pre-ASG
1610612747,9,0022100491,18,LAL,Los Angeles Lakers,2021-12-25,2021-22,Pre-ASG
1610612751,10,0022100491,22,BKN,Brooklyn Nets,2021-12-25,2021-22,Pre-ASG
1610612737,11,0022100488,9,ATL,Atlanta Hawks,2021-12-25,2021-22,Pre-ASG
1610612752,11,0022100488,13,NYK,New York Knicks,2021-12-25,2021-22,Pre-ASG
1610612742,11,0022100492,24,DAL,Dallas Mavericks,2021-12-25,2021-22,Pre-ASG
1610612762,9,0022100492,12,UTA,Utah Jazz,2021-12-25,2021-22,Pre-ASG
1610612738,8,0022100489,13,BOS,Boston Celtics,2021-12-25,2021-22,Pre-ASG
1610612749,10,0022100489,26,MIL,Milwaukee Bucks,2021-12-25,2021-22,Pre-ASG
1610612744,10,0022100490,18,GSW,Golden State Warriors,2021-12-25,2021-22,Pre-ASG
1610612756,9,0022100490,12,PHX,Phoenix Suns,2021-12-25,2021-22,Pre-ASG
1610612737,10,0022100478,20,ATL,Atlanta Hawks,2021-12-23,2021-22,Pre-ASG
1610612755,10,0022100478,13,PHI,Philadelphia 76ers,2021-12-23,2021-22,Pre-ASG
1610612756,10,0022100483,11,PHX,Phoenix Suns,2021-12-23,2021-22,Pre-ASG
1610612760,10,0022100483,17,OKC,Oklahoma City Thunder,2021-12-23,2021-22,Pre-ASG
1610612745,10,0022100476,13,HOU,Houston Rockets,2021-12-23,2021-22,Pre-ASG
1610612754,10,0022100476,16,IND,Indiana Pacers,2021-12-23,2021-22,Pre-ASG
1610612747,12,0022100487,25,LAL,Los Angeles Lakers,2021-12-23,2021-22,Pre-ASG
1610612759,11,0022100487,22,SAS,San Antonio Spurs,2021-12-23,2021-22,Pre-ASG
1610612742,11,0022100481,14,DAL,Dallas Mavericks,2021-12-23,2021-22,Pre-ASG
1610612749,10,0022100481,22,MIL,Milwaukee Bucks,2021-12-23,2021-22,Pre-ASG
1610612750,9,0022100484,13,MIN,Minnesota Timberwolves,2021-12-23,2021-22,Pre-ASG
1610612762,10,0022100484,11,UTA,Utah Jazz,2021-12-23,2021-22,Pre-ASG
1610612740,10,0022100477,16,NOP,New Orleans Pelicans,2021-12-23,2021-22,Pre-ASG
1610612753,12,0022100477,15,ORL,Orlando Magic,2021-12-23,2021-22,Pre-ASG
1610612752,10,0022100480,17,NYK,New York Knicks,2021-12-23,2021-22,Pre-ASG
1610612764,10,0022100480,16,WAS,Washington Wizards,2021-12-23,2021-22,Pre-ASG
1610612743,10,0022100482,14,DEN,Denver Nuggets,2021-12-23,2021-22,Pre-ASG
1610612766,10,0022100482,17,CHA,Charlotte Hornets,2021-12-23,2021-22,Pre-ASG
1610612748,10,0022100479,16,MIA,Miami Heat,2021-12-23,2021-22,Pre-ASG
1610612765,9,0022100479,13,DET,Detroit Pistons,2021-12-23,2021-22,Pre-ASG
1610612744,10,0022100485,19,GSW,Golden State Warriors,2021-12-23,2021-22,Pre-ASG
1610612763,10,0022100485,20,MEM,Memphis Grizzlies,2021-12-23,2021-22,Pre-ASG
1610612737,10,0022100470,13,ATL,Atlanta Hawks,2021-12-22,2021-22,Pre-ASG
1610612753,10,0022100470,15,ORL,Orlando Magic,2021-12-22,2021-22,Pre-ASG
1610612738,13,0022100471,15,BOS,Boston Celtics,2021-12-22,2021-22,Pre-ASG
1610612739,12,0022100471,14,CLE,Cleveland Cavaliers,2021-12-22,2021-22,Pre-ASG
1610612745,12,0022100473,13,HOU,Houston Rockets,2021-12-22,2021-22,Pre-ASG
1610612749,11,0022100473,30,MIL,Milwaukee Bucks,2021-12-22,2021-22,Pre-ASG
1610612743,13,0022100474,10,DEN,Denver Nuggets,2021-12-22,2021-22,Pre-ASG
1610612760,11,0022100474,11,OKC,Oklahoma City Thunder,2021-12-22,2021-22,Pre-ASG
1610612746,12,0022100475,16,LAC,LA Clippers,2021-12-22,2021-22,Pre-ASG
1610612758,12,0022100475,10,SAC,Sacramento Kings,2021-12-22,2021-22,Pre-ASG
1610612747,12,0022100469,23,LAL,Los Angeles Lakers,2021-12-21,2021-22,Pre-ASG
1610612756,11,0022100469,12,PHX,Phoenix Suns,2021-12-21,2021-22,Pre-ASG
1610612748,10,0022100465,14,MIA,Miami Heat,2021-12-21,2021-22,Pre-ASG
1610612754,13,0022100465,18,IND,Indiana Pacers,2021-12-21,2021-22,Pre-ASG
1610612752,9,0022100466,13,NYK,New York Knicks,2021-12-21,2021-22,Pre-ASG
1610612765,10,0022100466,10,DET,Detroit Pistons,2021-12-21,2021-22,Pre-ASG
1610612742,11,0022100468,20,DAL,Dallas Mavericks,2021-12-21,2021-22,Pre-ASG
1610612750,10,0022100468,18,MIN,Minnesota Timberwolves,2021-12-21,2021-22,Pre-ASG
1610612740,10,0022100467,15,NOP,New Orleans Pelicans,2021-12-21,2021-22,Pre-ASG
1610612757,9,0022100467,13,POR,Portland Trail Blazers,2021-12-21,2021-22,Pre-ASG
1610612746,10,0022100463,15,LAC,LA Clippers,2021-12-20,2021-22,Pre-ASG
1610612759,12,0022100463,18,SAS,San Antonio Spurs,2021-12-20,2021-22,Pre-ASG
1610612760,11,0022100460,21,OKC,Oklahoma City Thunder,2021-12-20,2021-22,Pre-ASG
1610612763,10,0022100460,18,MEM,Memphis Grizzlies,2021-12-20,2021-22,Pre-ASG
1610612762,10,0022100461,9,UTA,Utah Jazz,2021-12-20,2021-22,Pre-ASG
1610612766,10,0022100461,16,CHA,Charlotte Hornets,2021-12-20,2021-22,Pre-ASG
1610612741,11,0022100459,20,CHI,Chicago Bulls,2021-12-20,2021-22,Pre-ASG
1610612745,12,0022100459,14,HOU,Houston Rockets,2021-12-20,2021-22,Pre-ASG
1610612738,9,0022100457,15,BOS,Boston Celtics,2021-12-20,2021-22,Pre-ASG
1610612755,9,0022100457,12,PHI,Philadelphia 76ers,2021-12-20,2021-22,Pre-ASG
1610612744,12,0022100462,15,GSW,Golden State Warriors,2021-12-20,2021-22,Pre-ASG
1610612758,11,0022100462,12,SAC,Sacramento Kings,2021-12-20,2021-22,Pre-ASG
1610612742,10,0022100455,19,DAL,Dallas Mavericks,2021-12-19,2021-22,Pre-ASG
1610612750,9,0022100455,14,MIN,Minnesota Timberwolves,2021-12-19,2021-22,Pre-ASG
1610612748,8,0022100449,9,MIA,Miami Heat,2021-12-19,2021-22,Pre-ASG
1610612765,8,0022100449,6,DET,Detroit Pistons,2021-12-19,2021-22,Pre-ASG
1610612741,10,0022100448,12,CHI,Chicago Bulls,2021-12-19,2021-22,Pre-ASG
1610612747,9,0022100448,12,LAL,Los Angeles Lakers,2021-12-19,2021-22,Pre-ASG
1610612756,12,0022100456,10,PHX,Phoenix Suns,2021-12-19,2021-22,Pre-ASG
1610612766,11,0022100456,13,CHA,Charlotte Hornets,2021-12-19,2021-22,Pre-ASG
1610612758,9,0022100451,13,SAC,Sacramento Kings,2021-12-19,2021-22,Pre-ASG
1610612759,11,0022100451,17,SAS,San Antonio Spurs,2021-12-19,2021-22,Pre-ASG
1610612757,8,0022100450,9,POR,Portland Trail Blazers,2021-12-19,2021-22,Pre-ASG
1610612763,10,0022100450,13,MEM,Memphis Grizzlies,2021-12-19,2021-22,Pre-ASG
1610612746,10,0022100444,18,LAC,LA Clippers,2021-12-18,2021-22,Pre-ASG
1610612760,11,0022100444,19,OKC,Oklahoma City Thunder,2021-12-18,2021-22,Pre-ASG
1610612745,11,0022100441,16,HOU,Houston Rockets,2021-12-18,2021-22,Pre-ASG
1610612765,11,0022100441,16,DET,Detroit Pistons,2021-12-18,2021-22,Pre-ASG
1610612759,11,0022100437,17,SAS,San Antonio Spurs,2021-12-17,2021-22,Pre-ASG
1610612762,10,0022100437,13,UTA,Utah Jazz,2021-12-17,2021-22,Pre-ASG
1610612757,9,0022100439,11,POR,Portland Trail Blazers,2021-12-17,2021-22,Pre-ASG
1610612766,10,0022100439,14,CHA,Charlotte Hornets,2021-12-17,2021-22,Pre-ASG
1610612747,11,0022100436,20,LAL,Los Angeles Lakers,2021-12-17,2021-22,Pre-ASG
1610612750,13,0022100436,11,MIN,Minnesota Timberwolves,2021-12-17,2021-22,Pre-ASG
1610612737,12,0022100434,13,ATL,Atlanta Hawks,2021-12-17,2021-22,Pre-ASG
1610612743,11,0022100434,18,DEN,Denver Nuggets,2021-12-17,2021-22,Pre-ASG
1610612738,10,0022100435,13,BOS,Boston Celtics,2021-12-17,2021-22,Pre-ASG
1610612744,13,0022100435,24,GSW,Golden State Warriors,2021-12-17,2021-22,Pre-ASG
1610612748,9,0022100433,13,MIA,Miami Heat,2021-12-17,2021-22,Pre-ASG
1610612753,10,0022100433,17,ORL,Orlando Magic,2021-12-17,2021-22,Pre-ASG
1610612740,10,0022100438,15,NOP,New Orleans Pelicans,2021-12-17,2021-22,Pre-ASG
1610612749,9,0022100438,20,MIL,Milwaukee Bucks,2021-12-17,2021-22,Pre-ASG
1610612758,11,0022100440,15,SAC,Sacramento Kings,2021-12-17,2021-22,Pre-ASG
1610612763,12,0022100440,16,MEM,Memphis Grizzlies,2021-12-17,2021-22,Pre-ASG
1610612754,10,0022100428,20,IND,Indiana Pacers,2021-12-16,2021-22,Pre-ASG
1610612765,10,0022100428,16,DET,Detroit Pistons,2021-12-16,2021-22,Pre-ASG
1610612756,11,0022100432,11,PHX,Phoenix Suns,2021-12-16,2021-22,Pre-ASG
1610612764,11,0022100432,19,WAS,Washington Wizards,2021-12-16,2021-22,Pre-ASG
1610612739,13,0022100417,16,CLE,Cleveland Cavaliers,2021-12-15,2021-22,Pre-ASG
1610612745,10,0022100417,19,HOU,Houston Rockets,2021-12-15,2021-22,Pre-ASG
1610612742,11,0022100420,18,DAL,Dallas Mavericks,2021-12-15,2021-22,Pre-ASG
1610612747,9,0022100420,16,LAL,Los Angeles Lakers,2021-12-15,2021-22,Pre-ASG
1610612740,10,0022100422,16,NOP,New Orleans Pelicans,2021-12-15,2021-22,Pre-ASG
1610612760,11,0022100422,16,OKC,Oklahoma City Thunder,2021-12-15,2021-22,Pre-ASG
1610612749,10,0022100421,19,MIL,Milwaukee Bucks,2021-12-15,2021-22,Pre-ASG
1610612754,11,0022100421,17,IND,Indiana Pacers,2021-12-15,2021-22,Pre-ASG
1610612746,12,0022100425,17,LAC,LA Clippers,2021-12-15,2021-22,Pre-ASG
1610612762,12,0022100425,12,UTA,Utah Jazz,2021-12-15,2021-22,Pre-ASG
1610612758,10,0022100427,19,SAC,Sacramento Kings,2021-12-15,2021-22,Pre-ASG
1610612764,10,0022100427,15,WAS,Washington Wizards,2021-12-15,2021-22,Pre-ASG
1610612759,12,0022100423,15,SAS,San Antonio Spurs,2021-12-15,2021-22,Pre-ASG
1610612766,12,0022100423,12,CHA,Charlotte Hornets,2021-12-15,2021-22,Pre-ASG
1610612748,9,0022100419,12,MIA,Miami Heat,2021-12-15,2021-22,Pre-ASG
1610612755,10,0022100419,17,PHI,Philadelphia 76ers,2021-12-15,2021-22,Pre-ASG
1610612751,8,0022100413,13,BKN,Brooklyn Nets,2021-12-14,2021-22,Pre-ASG
1610612761,9,0022100413,10,TOR,Toronto Raptors,2021-12-14,2021-22,Pre-ASG
1610612744,11,0022100414,12,GSW,Golden State Warriors,2021-12-14,2021-22,Pre-ASG
1610612752,9,0022100414,10,NYK,New York Knicks,2021-12-14,2021-22,Pre-ASG
1610612756,9,0022100416,14,PHX,Phoenix Suns,2021-12-14,2021-22,Pre-ASG
1610612757,9,0022100416,10,POR,Portland Trail Blazers,2021-12-14,2021-22,Pre-ASG
1610612737,10,0022100407,20,ATL,Atlanta Hawks,2021-12-13,2021-22,Pre-ASG
1610612745,10,0022100407,15,HOU,Houston Rockets,2021-12-13,2021-22,Pre-ASG
1610612755,10,0022100409,14,PHI,Philadelphia 76ers,2021-12-13,2021-22,Pre-ASG
1610612763,13,0022100409,14,MEM,Memphis Grizzlies,2021-12-13,2021-22,Pre-ASG
1610612739,9,0022100404,16,CLE,Cleveland Cavaliers,2021-12-13,2021-22,Pre-ASG
1610612748,9,0022100404,15,MIA,Miami Heat,2021-12-13,2021-22,Pre-ASG
1610612746,10,0022100412,19,LAC,LA Clippers,2021-12-13,2021-22,Pre-ASG
1610612756,10,0022100412,19,PHX,Phoenix Suns,2021-12-13,2021-22,Pre-ASG
1610612744,12,0022100405,23,GSW,Golden State Warriors,2021-12-13,2021-22,Pre-ASG
1610612754,9,0022100405,18,IND,Indiana Pacers,2021-12-13,2021-22,Pre-ASG
1610612743,10,0022100411,17,DEN,Denver Nuggets,2021-12-13,2021-22,Pre-ASG
1610612764,10,0022100411,15,WAS,Washington Wizards,2021-12-13,2021-22,Pre-ASG
1610612758,12,0022100406,18,SAC,Sacramento Kings,2021-12-13,2021-22,Pre-ASG
1610612761,11,0022100406,12,TOR,Toronto Raptors,2021-12-13,2021-22,Pre-ASG
1610612738,14,0022100408,16,BOS,Boston Celtics,2021-12-13,2021-22,Pre-ASG
1610612749,12,0022100408,20,MIL,Milwaukee Bucks,2021-12-13,2021-22,Pre-ASG
1610612742,12,0022100410,14,DAL,Dallas Mavericks,2021-12-13,2021-22,Pre-ASG
1610612766,11,0022100410,14,CHA,Charlotte Hornets,2021-12-13,2021-22,Pre-ASG
1610612747,10,0022100403,17,LAL,Los Angeles Lakers,2021-12-12,2021-22,Pre-ASG
1610612753,9,0022100403,12,ORL,Orlando Magic,2021-12-12,2021-22,Pre-ASG
1610612740,10,0022100401,14,NOP,New Orleans Pelicans,2021-12-12,2021-22,Pre-ASG
1610612759,11,0022100401,14,SAS,San Antonio Spurs,2021-12-12,2021-22,Pre-ASG
1610612750,10,0022100402,16,MIN,Minnesota Timberwolves,2021-12-12,2021-22,Pre-ASG
1610612757,11,0022100402,16,POR,Portland Trail Blazers,2021-12-12,2021-22,Pre-ASG
1610612742,11,0022100400,14,DAL,Dallas Mavericks,2021-12-12,2021-22,Pre-ASG
1610612760,12,0022100400,23,OKC,Oklahoma City Thunder,2021-12-12,2021-22,Pre-ASG
1610612749,12,0022100398,18,MIL,Milwaukee Bucks,2021-12-12,2021-22,Pre-ASG
1610612752,9,0022100398,13,NYK,New York Knicks,2021-12-12,2021-22,Pre-ASG
1610612762,13,0022100392,10,UTA,Utah Jazz,2021-12-11,2021-22,Pre-ASG
1610612764,14,0022100392,16,WAS,Washington Wizards,2021-12-11,2021-22,Pre-ASG
1610612739,9,0022100393,14,CLE,Cleveland Cavaliers,2021-12-11,2021-22,Pre-ASG
1610612758,12,0022100393,13,SAC,Sacramento Kings,2021-12-11,2021-22,Pre-ASG
1610612741,11,0022100394,10,CHI,Chicago Bulls,2021-12-11,2021-22,Pre-ASG
1610612748,10,0022100394,10,MIA,Miami Heat,2021-12-11,2021-22,Pre-ASG
1610612746,9,0022100391,12,LAC,LA Clippers,2021-12-11,2021-22,Pre-ASG
1610612753,9,0022100391,8,ORL,Orlando Magic,2021-12-11,2021-22,Pre-ASG
1610612744,13,0022100396,14,GSW,Golden State Warriors,2021-12-11,2021-22,Pre-ASG
1610612755,10,0022100396,15,PHI,Philadelphia 76ers,2021-12-11,2021-22,Pre-ASG
1610612743,12,0022100397,18,DEN,Denver Nuggets,2021-12-11,2021-22,Pre-ASG
1610612759,12,0022100397,21,SAS,San Antonio Spurs,2021-12-11,2021-22,Pre-ASG
1610612745,10,0022100395,14,HOU,Houston Rockets,2021-12-11,2021-22,Pre-ASG
1610612763,11,0022100395,15,MEM,Memphis Grizzlies,2021-12-11,2021-22,Pre-ASG
1610612742,11,0022100383,16,DAL,Dallas Mavericks,2021-12-10,2021-22,Pre-ASG
1610612754,10,0022100383,17,IND,Indiana Pacers,2021-12-10,2021-22,Pre-ASG
1610612737,9,0022100384,7,ATL,Atlanta Hawks,2021-12-10,2021-22,Pre-ASG
1610612751,11,0022100384,20,BKN,Brooklyn Nets,2021-12-10,2021-22,Pre-ASG
1610612745,10,0022100386,13,HOU,Houston Rockets,2021-12-10,2021-22,Pre-ASG
1610612749,10,0022100386,21,MIL,Milwaukee Bucks,2021-12-10,2021-22,Pre-ASG
1610612739,13,0022100387,16,CLE,Cleveland Cavaliers,2021-12-10,2021-22,Pre-ASG
1610612750,13,0022100387,18,MIN,Minnesota Timberwolves,2021-12-10,2021-22,Pre-ASG
1610612747,11,0022100389,17,LAL,Los Angeles Lakers,2021-12-10,2021-22,Pre-ASG
1610612760,13,0022100389,16,OKC,Oklahoma City Thunder,2021-12-10,2021-22,Pre-ASG
1610612738,12,0022100390,13,BOS,Boston Celtics,2021-12-10,2021-22,Pre-ASG
1610612756,11,0022100390,12,PHX,Phoenix Suns,2021-12-10,2021-22,Pre-ASG
1610612740,14,0022100388,15,NOP,New Orleans Pelicans,2021-12-10,2021-22,Pre-ASG
1610612765,12,0022100388,14,DET,Detroit Pistons,2021-12-10,2021-22,Pre-ASG
1610612758,10,0022100382,14,SAC,Sacramento Kings,2021-12-10,2021-22,Pre-ASG
1610612766,9,0022100382,12,CHA,Charlotte Hornets,2021-12-10,2021-22,Pre-ASG
1610612752,9,0022100385,10,NYK,New York Knicks,2021-12-10,2021-22,Pre-ASG
1610612761,10,0022100385,13,TOR,Toronto Raptors,2021-12-10,2021-22,Pre-ASG
1610612747,9,0022100380,22,LAL,Los Angeles Lakers,2021-12-09,2021-22,Pre-ASG
1610612763,10,0022100380,17,MEM,Memphis Grizzlies,2021-12-09,2021-22,Pre-ASG
1610612743,12,0022100381,14,DEN,Denver Nuggets,2021-12-09,2021-22,Pre-ASG
1610612759,12,0022100381,19,SAS,San Antonio Spurs,2021-12-09,2021-22,Pre-ASG
1610612755,12,0022100379,14,PHI,Philadelphia 76ers,2021-12-09,2021-22,Pre-ASG
1610612762,13,0022100379,13,UTA,Utah Jazz,2021-12-09,2021-22,Pre-ASG
1610612760,11,0022100371,13,OKC,Oklahoma City Thunder,2021-12-08,2021-22,Pre-ASG
1610612761,10,0022100371,12,TOR,Toronto Raptors,2021-12-08,2021-22,Pre-ASG
1610612744,10,0022100376,15,GSW,Golden State Warriors,2021-12-08,2021-22,Pre-ASG
1610612757,9,0022100376,13,POR,Portland Trail Blazers,2021-12-08,2021-22,Pre-ASG
1610612738,10,0022100378,17,BOS,Boston Celtics,2021-12-08,2021-22,Pre-ASG
1610612746,10,0022100378,19,LAC,LA Clippers,2021-12-08,2021-22,Pre-ASG
1610612745,10,0022100372,14,HOU,Houston Rockets,2021-12-08,2021-22,Pre-ASG
1610612751,11,0022100372,15,BKN,Brooklyn Nets,2021-12-08,2021-22,Pre-ASG
1610612750,13,0022100374,14,MIN,Minnesota Timberwolves,2021-12-08,2021-22,Pre-ASG
1610612762,13,0022100374,15,UTA,Utah Jazz,2021-12-08,2021-22,Pre-ASG
1610612755,10,0022100366,13,PHI,Philadelphia 76ers,2021-12-08,2021-22,Pre-ASG
1610612766,8,0022100366,13,CHA,Charlotte Hornets,2021-12-08,2021-22,Pre-ASG
1610612764,11,0022100368,21,WAS,Washington Wizards,2021-12-08,2021-22,Pre-ASG
1610612765,10,0022100368,13,DET,Detroit Pistons,2021-12-08,2021-22,Pre-ASG
1610612748,10,0022100370,18,MIA,Miami Heat,2021-12-08,2021-22,Pre-ASG
1610612749,10,0022100370,21,MIL,Milwaukee Bucks,2021-12-08,2021-22,Pre-ASG
1610612740,10,0022100375,14,NOP,New Orleans Pelicans,2021-12-08,2021-22,Pre-ASG
1610612743,10,0022100375,13,DEN,Denver Nuggets,2021-12-08,2021-22,Pre-ASG
1610612752,13,0022100369,13,NYK,New York Knicks,2021-12-08,2021-22,Pre-ASG
1610612754,13,0022100369,19,IND,Indiana Pacers,2021-12-08,2021-22,Pre-ASG
1610612742,10,0022100363,15,DAL,Dallas Mavericks,2021-12-07,2021-22,Pre-ASG
1610612751,11,0022100363,15,BKN,Brooklyn Nets,2021-12-07,2021-22,Pre-ASG
1610612738,12,0022100365,14,BOS,Boston Celtics,2021-12-07,2021-22,Pre-ASG
1610612747,11,0022100365,14,LAL,Los Angeles Lakers,2021-12-07,2021-22,Pre-ASG
1610612752,10,0022100364,13,NYK,New York Knicks,2021-12-07,2021-22,Pre-ASG
1610612759,13,0022100364,18,SAS,San Antonio Spurs,2021-12-07,2021-22,Pre-ASG
1610612760,11,0022100354,16,OKC,Oklahoma City Thunder,2021-12-06,2021-22,Pre-ASG
1610612765,10,0022100354,13,DET,Detroit Pistons,2021-12-06,2021-22,Pre-ASG
1610612744,13,0022100361,13,GSW,Golden State Warriors,2021-12-06,2021-22,Pre-ASG
1610612753,11,0022100361,15,ORL,Orlando Magic,2021-12-06,2021-22,Pre-ASG
1610612756,10,0022100360,9,PHX,Phoenix Suns,2021-12-06,2021-22,Pre-ASG
1610612759,11,0022100360,20,SAS,San Antonio Spurs,2021-12-06,2021-22,Pre-ASG
1610612741,10,0022100357,12,CHI,Chicago Bulls,2021-12-06,2021-22,Pre-ASG
1610612743,12,0022100357,9,DEN,Denver Nuggets,2021-12-06,2021-22,Pre-ASG
1610612746,10,0022100362,15,LAC,LA Clippers,2021-12-06,2021-22,Pre-ASG
1610612757,9,0022100362,12,POR,Portland Trail Blazers,2021-12-06,2021-22,Pre-ASG
1610612754,9,0022100355,14,IND,Indiana Pacers,2021-12-06,2021-22,Pre-ASG
1610612764,11,0022100355,17,WAS,Washington Wizards,2021-12-06,2021-22,Pre-ASG
1610612748,11,0022100356,15,MIA,Miami Heat,2021-12-06,2021-22,Pre-ASG
1610612763,13,0022100356,17,MEM,Memphis Grizzlies,2021-12-06,2021-22,Pre-ASG
1610612737,9,0022100359,10,ATL,Atlanta Hawks,2021-12-06,2021-22,Pre-ASG
1610612750,10,0022100359,15,MIN,Minnesota Timberwolves,2021-12-06,2021-22,Pre-ASG
1610612755,10,0022100353,15,PHI,Philadelphia 76ers,2021-12-06,2021-22,Pre-ASG
1610612766,8,0022100353,15,CHA,Charlotte Hornets,2021-12-06,2021-22,Pre-ASG
1610612739,9,0022100358,18,CLE,Cleveland Cavaliers,2021-12-06,2021-22,Pre-ASG
1610612749,10,0022100358,19,MIL,Milwaukee Bucks,2021-12-06,2021-22,Pre-ASG
1610612761,13,0022100351,12,TOR,Toronto Raptors,2021-12-05,2021-22,Pre-ASG
1610612764,15,0022100351,13,WAS,Washington Wizards,2021-12-05,2021-22,Pre-ASG
1610612740,10,0022100352,19,NOP,New Orleans Pelicans,2021-12-05,2021-22,Pre-ASG
1610612745,11,0022100352,18,HOU,Houston Rockets,2021-12-05,2021-22,Pre-ASG
1610612737,9,0022100350,14,ATL,Atlanta Hawks,2021-12-05,2021-22,Pre-ASG
1610612766,9,0022100350,12,CHA,Charlotte Hornets,2021-12-05,2021-22,Pre-ASG
1610612739,9,0022100349,11,CLE,Cleveland Cavaliers,2021-12-05,2021-22,Pre-ASG
1610612762,8,0022100349,9,UTA,Utah Jazz,2021-12-05,2021-22,Pre-ASG
1610612738,12,0022100347,16,BOS,Boston Celtics,2021-12-04,2021-22,Pre-ASG
1610612757,13,0022100347,12,POR,Portland Trail Blazers,2021-12-04,2021-22,Pre-ASG
1610612746,10,0022100348,15,LAC,LA Clippers,2021-12-04,2021-22,Pre-ASG
1610612758,10,0022100348,14,SAC,Sacramento Kings,2021-12-04,2021-22,Pre-ASG
1610612741,10,0022100343,15,CHI,Chicago Bulls,2021-12-04,2021-22,Pre-ASG
1610612751,9,0022100343,18,BKN,Brooklyn Nets,2021-12-04,2021-22,Pre-ASG
1610612745,11,0022100326,19,HOU,Houston Rockets,2021-12-01,2021-22,Pre-ASG
1610612760,11,0022100326,15,OKC,Oklahoma City Thunder,2021-12-01,2021-22,Pre-ASG
1610612743,9,0022100320,8,DEN,Denver Nuggets,2021-12-01,2021-22,Pre-ASG
1610612753,10,0022100320,11,ORL,Orlando Magic,2021-12-01,2021-22,Pre-ASG
1610612749,10,0022100324,19,MIL,Milwaukee Bucks,2021-12-01,2021-22,Pre-ASG
1610612766,9,0022100324,13,CHA,Charlotte Hornets,2021-12-01,2021-22,Pre-ASG
1610612761,10,0022100315,20,TOR,Toronto Raptors,2021-11-30,2021-22,Pre-ASG
1610612763,10,0022100315,22,MEM,Memphis Grizzlies,2021-11-30,2021-22,Pre-ASG
1610612757,13,0022100317,13,POR,Portland Trail Blazers,2021-11-30,2021-22,Pre-ASG
1610612765,12,0022100317,16,DET,Detroit Pistons,2021-11-30,2021-22,Pre-ASG
1610612751,10,0022100314,17,BKN,Brooklyn Nets,2021-11-30,2021-22,Pre-ASG
1610612752,10,0022100314,14,NYK,New York Knicks,2021-11-30,2021-22,Pre-ASG
1610612747,11,0022100318,18,LAL,Los Angeles Lakers,2021-11-30,2021-22,Pre-ASG
1610612758,11,0022100318,11,SAC,Sacramento Kings,2021-11-30,2021-22,Pre-ASG
1610612744,11,0022100316,13,GSW,Golden State Warriors,2021-11-30,2021-22,Pre-ASG
1610612756,10,0022100316,18,PHX,Phoenix Suns,2021-11-30,2021-22,Pre-ASG
1610612759,14,0022100311,21,SAS,San Antonio Spurs,2021-11-29,2021-22,Pre-ASG
1610612764,12,0022100311,11,WAS,Washington Wizards,2021-11-29,2021-22,Pre-ASG
1610612757,14,0022100312,15,POR,Portland Trail Blazers,2021-11-29,2021-22,Pre-ASG
1610612762,13,0022100312,9,UTA,Utah Jazz,2021-11-29,2021-22,Pre-ASG
1610612750,9,0022100309,19,MIN,Minnesota Timberwolves,2021-11-29,2021-22,Pre-ASG
1610612754,10,0022100309,16,IND,Indiana Pacers,2021-11-29,2021-22,Pre-ASG
1610612753,9,0022100305,7,ORL,Orlando Magic,2021-11-29,2021-22,Pre-ASG
1610612755,10,0022100305,14,PHI,Philadelphia 76ers,2021-11-29,2021-22,Pre-ASG
1610612741,9,0022100307,16,CHI,Chicago Bulls,2021-11-29,2021-22,Pre-ASG
1610612766,8,0022100307,11,CHA,Charlotte Hornets,2021-11-29,2021-22,Pre-ASG
1610612745,11,0022100308,14,HOU,Houston Rockets,2021-11-29,2021-22,Pre-ASG
1610612760,12,0022100308,17,OKC,Oklahoma City Thunder,2021-11-29,2021-22,Pre-ASG
1610612743,12,0022100306,13,DEN,Denver Nuggets,2021-11-29,2021-22,Pre-ASG
1610612748,10,0022100306,11,MIA,Miami Heat,2021-11-29,2021-22,Pre-ASG
1610612739,12,0022100310,13,CLE,Cleveland Cavaliers,2021-11-29,2021-22,Pre-ASG
1610612742,13,0022100310,17,DAL,Dallas Mavericks,2021-11-29,2021-22,Pre-ASG
1610612740,12,0022100313,13,NOP,New Orleans Pelicans,2021-11-29,2021-22,Pre-ASG
1610612746,11,0022100313,15,LAC,LA Clippers,2021-11-29,2021-22,Pre-ASG
1610612738,9,0022100302,16,BOS,Boston Celtics,2021-11-28,2021-22,Pre-ASG
1610612761,10,0022100302,17,TOR,Toronto Raptors,2021-11-28,2021-22,Pre-ASG
1610612749,12,0022100301,18,MIL,Milwaukee Bucks,2021-11-28,2021-22,Pre-ASG
1610612754,14,0022100301,16,IND,Indiana Pacers,2021-11-28,2021-22,Pre-ASG
1610612758,12,0022100303,19,SAC,Sacramento Kings,2021-11-28,2021-22,Pre-ASG
1610612763,14,0022100303,17,MEM,Memphis Grizzlies,2021-11-28,2021-22,Pre-ASG
1610612744,12,0022100300,16,GSW,Golden State Warriors,2021-11-28,2021-22,Pre-ASG
1610612746,11,0022100300,20,LAC,LA Clippers,2021-11-28,2021-22,Pre-ASG
1610612745,10,0022100297,12,HOU,Houston Rockets,2021-11-27,2021-22,Pre-ASG
1610612766,9,0022100297,17,CHA,Charlotte Hornets,2021-11-27,2021-22,Pre-ASG
1610612740,14,0022100299,17,NOP,New Orleans Pelicans,2021-11-27,2021-22,Pre-ASG
1610612762,13,0022100299,9,UTA,Utah Jazz,2021-11-27,2021-22,Pre-ASG
1610612742,10,0022100298,12,DAL,Dallas Mavericks,2021-11-27,2021-22,Pre-ASG
1610612764,10,0022100298,14,WAS,Washington Wizards,2021-11-27,2021-22,Pre-ASG
1610612751,10,0022100294,13,BKN,Brooklyn Nets,2021-11-27,2021-22,Pre-ASG
1610612756,9,0022100294,14,PHX,Phoenix Suns,2021-11-27,2021-22,Pre-ASG
1610612739,9,0022100295,14,CLE,Cleveland Cavaliers,2021-11-27,2021-22,Pre-ASG
1610612753,10,0022100295,14,ORL,Orlando Magic,2021-11-27,2021-22,Pre-ASG
1610612737,11,0022100293,14,ATL,Atlanta Hawks,2021-11-27,2021-22,Pre-ASG
1610612752,9,0022100293,9,NYK,New York Knicks,2021-11-27,2021-22,Pre-ASG
1610612750,9,0022100292,21,MIN,Minnesota Timberwolves,2021-11-27,2021-22,Pre-ASG
1610612755,10,0022100292,21,PHI,Philadelphia 76ers,2021-11-27,2021-22,Pre-ASG
1610612741,9,0022100296,17,CHI,Chicago Bulls,2021-11-27,2021-22,Pre-ASG
1610612748,9,0022100296,20,MIA,Miami Heat,2021-11-27,2021-22,Pre-ASG
1610612754,9,0022100284,18,IND,Indiana Pacers,2021-11-26,2021-22,Pre-ASG
1610612761,11,0022100284,15,TOR,Toronto Raptors,2021-11-26,2021-22,Pre-ASG
1610612741,14,0022100283,19,CHI,Chicago Bulls,2021-11-26,2021-22,Pre-ASG
1610612753,11,0022100283,11,ORL,Orlando Magic,2021-11-26,2021-22,Pre-ASG
1610612746,10,0022100280,12,LAC,LA Clippers,2021-11-26,2021-22,Pre-ASG
1610612765,11,0022100280,13,DET,Detroit Pistons,2021-11-26,2021-22,Pre-ASG
1610612747,10,0022100291,18,LAL,Los Angeles Lakers,2021-11-26,2021-22,Pre-ASG
1610612758,11,0022100291,22,SAC,Sacramento Kings,2021-11-26,2021-22,Pre-ASG
1610612737,12,0022100285,11,ATL,Atlanta Hawks,2021-11-26,2021-22,Pre-ASG
1610612763,15,0022100285,18,MEM,Memphis Grizzlies,2021-11-26,2021-22,Pre-ASG
1610612760,11,0022100286,12,OKC,Oklahoma City Thunder,2021-11-26,2021-22,Pre-ASG
1610612764,10,0022100286,15,WAS,Washington Wizards,2021-11-26,2021-22,Pre-ASG
1610612738,10,0022100287,14,BOS,Boston Celtics,2021-11-26,2021-22,Pre-ASG
1610612759,11,0022100287,18,SAS,San Antonio Spurs,2021-11-26,2021-22,Pre-ASG
1610612752,13,0022100282,15,NYK,New York Knicks,2021-11-26,2021-22,Pre-ASG
1610612756,11,0022100282,14,PHX,Phoenix Suns,2021-11-26,2021-22,Pre-ASG
1610612744,10,0022100290,15,GSW,Golden State Warriors,2021-11-26,2021-22,Pre-ASG
1610612757,9,0022100290,11,POR,Portland Trail Blazers,2021-11-26,2021-22,Pre-ASG
1610612743,12,0022100288,10,DEN,Denver Nuggets,2021-11-26,2021-22,Pre-ASG
1610612749,12,0022100288,23,MIL,Milwaukee Bucks,2021-11-26,2021-22,Pre-ASG
1610612750,14,0022100281,19,MIN,Minnesota Timberwolves,2021-11-26,2021-22,Pre-ASG
1610612766,12,0022100281,16,CHA,Charlotte Hornets,2021-11-26,2021-22,Pre-ASG
1610612741,10,0022100271,16,CHI,Chicago Bulls,2021-11-24,2021-22,Pre-ASG
1610612745,11,0022100271,22,HOU,Houston Rockets,2021-11-24,2021-22,Pre-ASG
1610612748,9,0022100274,17,MIA,Miami Heat,2021-11-24,2021-22,Pre-ASG
1610612750,10,0022100274,18,MIN,Minnesota Timberwolves,2021-11-24,2021-22,Pre-ASG
1610612738,13,0022100270,16,BOS,Boston Celtics,2021-11-24,2021-22,Pre-ASG
1610612751,11,0022100270,12,BKN,Brooklyn Nets,2021-11-24,2021-22,Pre-ASG
1610612740,13,0022100275,12,NOP,New Orleans Pelicans,2021-11-24,2021-22,Pre-ASG
1610612764,12,0022100275,12,WAS,Washington Wizards,2021-11-24,2021-22,Pre-ASG
1610612744,11,0022100278,22,GSW,Golden State Warriors,2021-11-24,2021-22,Pre-ASG
1610612755,11,0022100278,25,PHI,Philadelphia 76ers,2021-11-24,2021-22,Pre-ASG
1610612760,11,0022100276,16,OKC,Oklahoma City Thunder,2021-11-24,2021-22,Pre-ASG
1610612762,11,0022100276,13,UTA,Utah Jazz,2021-11-24,2021-22,Pre-ASG
1610612753,9,0022100269,12,ORL,Orlando Magic,2021-11-24,2021-22,Pre-ASG
1610612766,10,0022100269,15,CHA,Charlotte Hornets,2021-11-24,2021-22,Pre-ASG
1610612747,9,0022100268,17,LAL,Los Angeles Lakers,2021-11-24,2021-22,Pre-ASG
1610612754,9,0022100268,22,IND,Indiana Pacers,2021-11-24,2021-22,Pre-ASG
1610612737,12,0022100277,13,ATL,Atlanta Hawks,2021-11-24,2021-22,Pre-ASG
1610612759,12,0022100277,17,SAS,San Antonio Spurs,2021-11-24,2021-22,Pre-ASG
1610612757,10,0022100279,16,POR,Portland Trail Blazers,2021-11-24,2021-22,Pre-ASG
1610612758,10,0022100279,16,SAC,Sacramento Kings,2021-11-24,2021-22,Pre-ASG
1610612749,13,0022100273,22,MIL,Milwaukee Bucks,2021-11-24,2021-22,Pre-ASG
1610612765,11,0022100273,14,DET,Detroit Pistons,2021-11-24,2021-22,Pre-ASG
1610612748,9,0022100263,11,MIA,Miami Heat,2021-11-23,2021-22,Pre-ASG
1610612765,10,0022100263,15,DET,Detroit Pistons,2021-11-23,2021-22,Pre-ASG
1610612747,9,0022100264,15,LAL,Los Angeles Lakers,2021-11-23,2021-22,Pre-ASG
1610612752,9,0022100264,13,NYK,New York Knicks,2021-11-23,2021-22,Pre-ASG
1610612742,11,0022100266,20,DAL,Dallas Mavericks,2021-11-23,2021-22,Pre-ASG
1610612746,11,0022100266,21,LAC,LA Clippers,2021-11-23,2021-22,Pre-ASG
1610612743,13,0022100265,16,DEN,Denver Nuggets,2021-11-23,2021-22,Pre-ASG
1610612757,14,0022100265,12,POR,Portland Trail Blazers,2021-11-23,2021-22,Pre-ASG
1610612737,14,0022100255,12,ATL,Atlanta Hawks,2021-11-22,2021-22,Pre-ASG
1610612760,12,0022100255,14,OKC,Oklahoma City Thunder,2021-11-22,2021-22,Pre-ASG
1610612741,13,0022100257,15,CHI,Chicago Bulls,2021-11-22,2021-22,Pre-ASG
1610612754,14,0022100257,13,IND,Indiana Pacers,2021-11-22,2021-22,Pre-ASG
1610612740,12,0022100259,17,NOP,New Orleans Pelicans,2021-11-22,2021-22,Pre-ASG
1610612750,14,0022100259,13,MIN,Minnesota Timberwolves,2021-11-22,2021-22,Pre-ASG
1610612749,12,0022100258,17,MIL,Milwaukee Bucks,2021-11-22,2021-22,Pre-ASG
1610612753,11,0022100258,14,ORL,Orlando Magic,2021-11-22,2021-22,Pre-ASG
1610612756,9,0022100260,14,PHX,Phoenix Suns,2021-11-22,2021-22,Pre-ASG
1610612759,11,0022100260,17,SAS,San Antonio Spurs,2021-11-22,2021-22,Pre-ASG
1610612762,10,0022100261,9,UTA,Utah Jazz,2021-11-22,2021-22,Pre-ASG
1610612763,9,0022100261,11,MEM,Memphis Grizzlies,2021-11-22,2021-22,Pre-ASG
1610612755,9,0022100262,17,PHI,Philadelphia 76ers,2021-11-22,2021-22,Pre-ASG
1610612758,10,0022100262,16,SAC,Sacramento Kings,2021-11-22,2021-22,Pre-ASG
1610612739,9,0022100253,17,CLE,Cleveland Cavaliers,2021-11-22,2021-22,Pre-ASG
1610612751,10,0022100253,18,BKN,Brooklyn Nets,2021-11-22,2021-22,Pre-ASG
1610612738,14,0022100256,14,BOS,Boston Celtics,2021-11-22,2021-22,Pre-ASG
1610612745,13,0022100256,11,HOU,Houston Rockets,2021-11-22,2021-22,Pre-ASG
1610612764,10,0022100254,14,WAS,Washington Wizards,2021-11-22,2021-22,Pre-ASG
1610612766,9,0022100254,16,CHA,Charlotte Hornets,2021-11-22,2021-22,Pre-ASG
1610612747,11,0022100249,15,LAL,Los Angeles Lakers,2021-11-21,2021-22,Pre-ASG
1610612765,9,0022100249,14,DET,Detroit Pistons,2021-11-21,2021-22,Pre-ASG
1610612741,10,0022100250,17,CHI,Chicago Bulls,2021-11-21,2021-22,Pre-ASG
1610612752,11,0022100250,12,NYK,New York Knicks,2021-11-21,2021-22,Pre-ASG
1610612744,12,0022100252,18,GSW,Golden State Warriors,2021-11-21,2021-22,Pre-ASG
1610612761,10,0022100252,16,TOR,Toronto Raptors,2021-11-21,2021-22,Pre-ASG
1610612742,12,0022100248,20,DAL,Dallas Mavericks,2021-11-21,2021-22,Pre-ASG
1610612746,10,0022100248,14,LAC,LA Clippers,2021-11-21,2021-22,Pre-ASG
1610612743,12,0022100251,14,DEN,Denver Nuggets,2021-11-21,2021-22,Pre-ASG
1610612756,13,0022100251,13,PHX,Phoenix Suns,2021-11-21,2021-22,Pre-ASG
1610612758,11,0022100247,13,SAC,Sacramento Kings,2021-11-20,2021-22,Pre-ASG
1610612762,12,0022100247,8,UTA,Utah Jazz,2021-11-20,2021-22,Pre-ASG
1610612755,10,0022100246,25,PHI,Philadelphia 76ers,2021-11-20,2021-22,Pre-ASG
1610612757,10,0022100246,14,POR,Portland Trail Blazers,2021-11-20,2021-22,Pre-ASG
1610612750,14,0022100245,18,MIN,Minnesota Timberwolves,2021-11-20,2021-22,Pre-ASG
1610612763,13,0022100245,15,MEM,Memphis Grizzlies,2021-11-20,2021-22,Pre-ASG
1610612738,14,0022100243,12,BOS,Boston Celtics,2021-11-20,2021-22,Pre-ASG
1610612760,11,0022100243,20,OKC,Oklahoma City Thunder,2021-11-20,2021-22,Pre-ASG
1610612749,10,0022100244,22,MIL,Milwaukee Bucks,2021-11-20,2021-22,Pre-ASG
1610612753,12,0022100244,13,ORL,Orlando Magic,2021-11-20,2021-22,Pre-ASG
1610612745,11,0022100239,16,HOU,Houston Rockets,2021-11-20,2021-22,Pre-ASG
1610612752,10,0022100239,14,NYK,New York Knicks,2021-11-20,2021-22,Pre-ASG
1610612737,11,0022100242,10,ATL,Atlanta Hawks,2021-11-20,2021-22,Pre-ASG
1610612766,9,0022100242,17,CHA,Charlotte Hornets,2021-11-20,2021-22,Pre-ASG
1610612740,13,0022100240,14,NOP,New Orleans Pelicans,2021-11-20,2021-22,Pre-ASG
1610612754,13,0022100240,12,IND,Indiana Pacers,2021-11-20,2021-22,Pre-ASG
1610612740,10,0022100235,11,NOP,New Orleans Pelicans,2021-11-19,2021-22,Pre-ASG
1610612746,11,0022100235,13,LAC,LA Clippers,2021-11-19,2021-22,Pre-ASG
1610612744,10,0022100231,15,GSW,Golden State Warriors,2021-11-19,2021-22,Pre-ASG
1610612765,10,0022100231,15,DET,Detroit Pistons,2021-11-19,2021-22,Pre-ASG
1610612742,11,0022100237,17,DAL,Dallas Mavericks,2021-11-19,2021-22,Pre-ASG
1610612756,13,0022100237,14,PHX,Phoenix Suns,2021-11-19,2021-22,Pre-ASG
1610612741,9,0022100236,16,CHI,Chicago Bulls,2021-11-19,2021-22,Pre-ASG
1610612743,9,0022100236,11,DEN,Denver Nuggets,2021-11-19,2021-22,Pre-ASG
1610612754,13,0022100230,18,IND,Indiana Pacers,2021-11-19,2021-22,Pre-ASG
1610612766,10,0022100230,21,CHA,Charlotte Hornets,2021-11-19,2021-22,Pre-ASG
1610612738,11,0022100232,16,BOS,Boston Celtics,2021-11-19,2021-22,Pre-ASG
1610612747,11,0022100232,19,LAL,Los Angeles Lakers,2021-11-19,2021-22,Pre-ASG
1610612758,13,0022100238,15,SAC,Sacramento Kings,2021-11-19,2021-22,Pre-ASG
1610612761,11,0022100238,18,TOR,Toronto Raptors,2021-11-19,2021-22,Pre-ASG
1610612749,9,0022100234,18,MIL,Milwaukee Bucks,2021-11-19,2021-22,Pre-ASG
1610612760,10,0022100234,20,OKC,Oklahoma City Thunder,2021-11-19,2021-22,Pre-ASG
1610612751,9,0022100233,16,BKN,Brooklyn Nets,2021-11-19,2021-22,Pre-ASG
1610612753,10,0022100233,18,ORL,Orlando Magic,2021-11-19,2021-22,Pre-ASG
1610612743,13,0022100228,16,DEN,Denver Nuggets,2021-11-18,2021-22,Pre-ASG
1610612755,9,0022100228,11,PHI,Philadelphia 76ers,2021-11-18,2021-22,Pre-ASG
1610612750,11,0022100227,18,MIN,Minnesota Timberwolves,2021-11-18,2021-22,Pre-ASG
1610612759,12,0022100227,19,SAS,San Antonio Spurs,2021-11-18,2021-22,Pre-ASG
1610612748,12,0022100225,14,MIA,Miami Heat,2021-11-18,2021-22,Pre-ASG
1610612764,11,0022100225,15,WAS,Washington Wizards,2021-11-18,2021-22,Pre-ASG
1610612739,11,0022100224,15,CLE,Cleveland Cavaliers,2021-11-18,2021-22,Pre-ASG
1610612744,13,0022100224,17,GSW,Golden State Warriors,2021-11-18,2021-22,Pre-ASG
1610612746,10,0022100226,15,LAC,LA Clippers,2021-11-18,2021-22,Pre-ASG
1610612763,15,0022100226,14,MEM,Memphis Grizzlies,2021-11-18,2021-22,Pre-ASG
1610612761,10,0022100229,15,TOR,Toronto Raptors,2021-11-18,2021-22,Pre-ASG
1610612762,14,0022100229,13,UTA,Utah Jazz,2021-11-18,2021-22,Pre-ASG
1610612754,10,0022100214,18,IND,Indiana Pacers,2021-11-17,2021-22,Pre-ASG
1610612765,9,0022100214,11,DET,Detroit Pistons,2021-11-17,2021-22,Pre-ASG
1610612747,11,0022100219,16,LAL,Los Angeles Lakers,2021-11-17,2021-22,Pre-ASG
1610612749,9,0022100219,16,MIL,Milwaukee Bucks,2021-11-17,2021-22,Pre-ASG
1610612752,10,0022100218,13,NYK,New York Knicks,2021-11-17,2021-22,Pre-ASG
1610612753,10,0022100218,18,ORL,Orlando Magic,2021-11-17,2021-22,Pre-ASG
1610612739,10,0022100216,16,CLE,Cleveland Cavaliers,2021-11-17,2021-22,Pre-ASG
1610612751,9,0022100216,14,BKN,Brooklyn Nets,2021-11-17,2021-22,Pre-ASG
1610612764,13,0022100213,11,WAS,Washington Wizards,2021-11-17,2021-22,Pre-ASG
1610612766,11,0022100213,19,CHA,Charlotte Hornets,2021-11-17,2021-22,Pre-ASG
1610612750,11,0022100220,19,MIN,Minnesota Timberwolves,2021-11-17,2021-22,Pre-ASG
1610612758,9,0022100220,14,SAC,Sacramento Kings,2021-11-17,2021-22,Pre-ASG
1610612742,10,0022100222,18,DAL,Dallas Mavericks,2021-11-17,2021-22,Pre-ASG
1610612756,10,0022100222,12,PHX,Phoenix Suns,2021-11-17,2021-22,Pre-ASG
1610612741,10,0022100223,13,CHI,Chicago Bulls,2021-11-17,2021-22,Pre-ASG
1610612757,10,0022100223,14,POR,Portland Trail Blazers,2021-11-17,2021-22,Pre-ASG
1610612745,12,0022100221,16,HOU,Houston Rockets,2021-11-17,2021-22,Pre-ASG
1610612760,12,0022100221,16,OKC,Oklahoma City Thunder,2021-11-17,2021-22,Pre-ASG
1610612740,10,0022100217,15,NOP,New Orleans Pelicans,2021-11-17,2021-22,Pre-ASG
1610612748,12,0022100217,16,MIA,Miami Heat,2021-11-17,2021-22,Pre-ASG
1610612737,11,0022100215,11,ATL,Atlanta Hawks,2021-11-17,2021-22,Pre-ASG
1610612738,13,0022100215,10,BOS,Boston Celtics,2021-11-17,2021-22,Pre-ASG
1610612746,10,0022100212,14,LAC,LA Clippers,2021-11-16,2021-22,Pre-ASG
1610612759,10,0022100212,17,SAS,San Antonio Spurs,2021-11-16,2021-22,Pre-ASG
1610612755,10,0022100211,13,PHI,Philadelphia 76ers,2021-11-16,2021-22,Pre-ASG
1610612762,13,0022100211,12,UTA,Utah Jazz,2021-11-16,2021-22,Pre-ASG
1610612744,13,0022100210,18,GSW,Golden State Warriors,2021-11-16,2021-22,Pre-ASG
1610612751,12,0022100210,13,BKN,Brooklyn Nets,2021-11-16,2021-22,Pre-ASG
1610612740,10,0022100201,16,NOP,New Orleans Pelicans,2021-11-15,2021-22,Pre-ASG
1610612764,10,0022100201,19,WAS,Washington Wizards,2021-11-15,2021-22,Pre-ASG
1610612737,14,0022100202,14,ATL,Atlanta Hawks,2021-11-15,2021-22,Pre-ASG
1610612753,10,0022100202,13,ORL,Orlando Magic,2021-11-15,2021-22,Pre-ASG
1610612750,8,0022100206,14,MIN,Minnesota Timberwolves,2021-11-15,2021-22,Pre-ASG
1610612756,11,0022100206,17,PHX,Phoenix Suns,2021-11-15,2021-22,Pre-ASG
1610612742,11,0022100204,15,DAL,Dallas Mavericks,2021-11-15,2021-22,Pre-ASG
1610612743,10,0022100204,8,DEN,Denver Nuggets,2021-11-15,2021-22,Pre-ASG
1610612748,10,0022100207,15,MIA,Miami Heat,2021-11-15,2021-22,Pre-ASG
1610612760,12,0022100207,15,OKC,Oklahoma City Thunder,2021-11-15,2021-22,Pre-ASG
1610612741,12,0022100209,16,CHI,Chicago Bulls,2021-11-15,2021-22,Pre-ASG
1610612747,11,0022100209,19,LAL,Los Angeles Lakers,2021-11-15,2021-22,Pre-ASG
1610612752,10,0022100203,12,NYK,New York Knicks,2021-11-15,2021-22,Pre-ASG
1610612754,10,0022100203,13,IND,Indiana Pacers,2021-11-15,2021-22,Pre-ASG
1610612758,11,0022100200,14,SAC,Sacramento Kings,2021-11-15,2021-22,Pre-ASG
1610612765,13,0022100200,18,DET,Detroit Pistons,2021-11-15,2021-22,Pre-ASG
1610612757,10,0022100208,12,POR,Portland Trail Blazers,2021-11-15,2021-22,Pre-ASG
1610612761,9,0022100208,12,TOR,Toronto Raptors,2021-11-15,2021-22,Pre-ASG
1610612738,11,0022100199,15,BOS,Boston Celtics,2021-11-15,2021-22,Pre-ASG
1610612739,9,0022100199,16,CLE,Cleveland Cavaliers,2021-11-15,2021-22,Pre-ASG
1610612745,14,0022100205,15,HOU,Houston Rockets,2021-11-15,2021-22,Pre-ASG
1610612763,15,0022100205,12,MEM,Memphis Grizzlies,2021-11-15,2021-22,Pre-ASG
1610612737,15,0022100193,17,ATL,Atlanta Hawks,2021-11-14,2021-22,Pre-ASG
1610612749,10,0022100193,23,MIL,Milwaukee Bucks,2021-11-14,2021-22,Pre-ASG
1610612743,12,0022100197,14,DEN,Denver Nuggets,2021-11-14,2021-22,Pre-ASG
1610612757,13,0022100197,11,POR,Portland Trail Blazers,2021-11-14,2021-22,Pre-ASG
1610612745,13,0022100195,17,HOU,Houston Rockets,2021-11-14,2021-22,Pre-ASG
1610612756,10,0022100195,11,PHX,Phoenix Suns,2021-11-14,2021-22,Pre-ASG
1610612747,9,0022100192,17,LAL,Los Angeles Lakers,2021-11-14,2021-22,Pre-ASG
1610612759,10,0022100192,14,SAS,San Antonio Spurs,2021-11-14,2021-22,Pre-ASG
1610612741,9,0022100198,13,CHI,Chicago Bulls,2021-11-14,2021-22,Pre-ASG
1610612746,9,0022100198,14,LAC,LA Clippers,2021-11-14,2021-22,Pre-ASG
1610612738,10,0022100190,9,BOS,Boston Celtics,2021-11-13,2021-22,Pre-ASG
1610612739,9,0022100190,14,CLE,Cleveland Cavaliers,2021-11-13,2021-22,Pre-ASG
1610612753,10,0022100187,14,ORL,Orlando Magic,2021-11-13,2021-22,Pre-ASG
1610612764,10,0022100187,13,WAS,Washington Wizards,2021-11-13,2021-22,Pre-ASG
1610612746,11,0022100191,12,LAC,LA Clippers,2021-11-13,2021-22,Pre-ASG
1610612750,13,0022100191,16,MIN,Minnesota Timberwolves,2021-11-13,2021-22,Pre-ASG
1610612748,9,0022100185,13,MIA,Miami Heat,2021-11-13,2021-22,Pre-ASG
1610612762,9,0022100185,12,UTA,Utah Jazz,2021-11-13,2021-22,Pre-ASG
1610612754,9,0022100186,15,IND,Indiana Pacers,2021-11-13,2021-22,Pre-ASG
1610612755,10,0022100186,12,PHI,Philadelphia 76ers,2021-11-13,2021-22,Pre-ASG
1610612740,10,0022100188,13,NOP,New Orleans Pelicans,2021-11-13,2021-22,Pre-ASG
1610612763,10,0022100188,10,MEM,Memphis Grizzlies,2021-11-13,2021-22,Pre-ASG
1610612761,10,0022100189,19,TOR,Toronto Raptors,2021-11-13,2021-22,Pre-ASG
1610612765,9,0022100189,18,DET,Detroit Pistons,2021-11-13,2021-22,Pre-ASG
1610612745,11,0022100177,17,HOU,Houston Rockets,2021-11-12,2021-22,Pre-ASG
1610612757,10,0022100177,14,POR,Portland Trail Blazers,2021-11-12,2021-22,Pre-ASG
1610612740,10,0022100179,14,NOP,New Orleans Pelicans,2021-11-12,2021-22,Pre-ASG
1610612751,10,0022100179,13,BKN,Brooklyn Nets,2021-11-12,2021-22,Pre-ASG
1610612756,11,0022100178,15,PHX,Phoenix Suns,2021-11-12,2021-22,Pre-ASG
1610612763,14,0022100178,15,MEM,Memphis Grizzlies,2021-11-12,2021-22,Pre-ASG
1610612758,10,0022100180,18,SAC,Sacramento Kings,2021-11-12,2021-22,Pre-ASG
1610612760,11,0022100180,19,OKC,Oklahoma City Thunder,2021-11-12,2021-22,Pre-ASG
1610612747,10,0022100184,19,LAL,Los Angeles Lakers,2021-11-12,2021-22,Pre-ASG
1610612750,15,0022100184,18,MIN,Minnesota Timberwolves,2021-11-12,2021-22,Pre-ASG
1610612738,9,0022100175,15,BOS,Boston Celtics,2021-11-12,2021-22,Pre-ASG
1610612749,9,0022100175,21,MIL,Milwaukee Bucks,2021-11-12,2021-22,Pre-ASG
1610612741,12,0022100183,18,CHI,Chicago Bulls,2021-11-12,2021-22,Pre-ASG
1610612744,12,0022100183,14,GSW,Golden State Warriors,2021-11-12,2021-22,Pre-ASG
1610612739,13,0022100176,14,CLE,Cleveland Cavaliers,2021-11-12,2021-22,Pre-ASG
1610612765,11,0022100176,19,DET,Detroit Pistons,2021-11-12,2021-22,Pre-ASG
1610612752,10,0022100174,11,NYK,New York Knicks,2021-11-12,2021-22,Pre-ASG
1610612766,10,0022100174,20,CHA,Charlotte Hornets,2021-11-12,2021-22,Pre-ASG
1610612737,10,0022100182,15,ATL,Atlanta Hawks,2021-11-12,2021-22,Pre-ASG
1610612743,9,0022100182,11,DEN,Denver Nuggets,2021-11-12,2021-22,Pre-ASG
1610612742,10,0022100181,15,DAL,Dallas Mavericks,2021-11-12,2021-22,Pre-ASG
1610612759,10,0022100181,17,SAS,San Antonio Spurs,2021-11-12,2021-22,Pre-ASG
1610612754,10,0022100172,19,IND,Indiana Pacers,2021-11-11,2021-22,Pre-ASG
1610612762,14,0022100172,16,UTA,Utah Jazz,2021-11-11,2021-22,Pre-ASG
1610612746,9,0022100173,16,LAC,LA Clippers,2021-11-11,2021-22,Pre-ASG
1610612748,9,0022100173,15,MIA,Miami Heat,2021-11-11,2021-22,Pre-ASG
1610612755,9,0022100171,15,PHI,Philadelphia 76ers,2021-11-11,2021-22,Pre-ASG
1610612761,8,0022100171,13,TOR,Toronto Raptors,2021-11-11,2021-22,Pre-ASG
1610612747,9,0022100170,18,LAL,Los Angeles Lakers,2021-11-10,2021-22,Pre-ASG
1610612748,11,0022100170,18,MIA,Miami Heat,2021-11-10,2021-22,Pre-ASG
1610612751,12,0022100159,10,BKN,Brooklyn Nets,2021-11-10,2021-22,Pre-ASG
1610612753,12,0022100159,14,ORL,Orlando Magic,2021-11-10,2021-22,Pre-ASG
1610612749,10,0022100161,19,MIL,Milwaukee Bucks,2021-11-10,2021-22,Pre-ASG
1610612752,10,0022100161,9,NYK,New York Knicks,2021-11-10,2021-22,Pre-ASG
1610612743,11,0022100167,15,DEN,Denver Nuggets,2021-11-10,2021-22,Pre-ASG
1610612754,10,0022100167,20,IND,Indiana Pacers,2021-11-10,2021-22,Pre-ASG
1610612745,10,0022100162,20,HOU,Houston Rockets,2021-11-10,2021-22,Pre-ASG
1610612765,10,0022100162,18,DET,Detroit Pistons,2021-11-10,2021-22,Pre-ASG
1610612756,9,0022100168,11,PHX,Phoenix Suns,2021-11-10,2021-22,Pre-ASG
1610612757,10,0022100168,13,POR,Portland Trail Blazers,2021-11-10,2021-22,Pre-ASG
1610612744,12,0022100169,16,GSW,Golden State Warriors,2021-11-10,2021-22,Pre-ASG
1610612750,10,0022100169,15,MIN,Minnesota Timberwolves,2021-11-10,2021-22,Pre-ASG
1610612758,11,0022100166,17,SAC,Sacramento Kings,2021-11-10,2021-22,Pre-ASG
1610612759,12,0022100166,18,SAS,San Antonio Spurs,2021-11-10,2021-22,Pre-ASG
1610612738,10,0022100160,12,BOS,Boston Celtics,2021-11-10,2021-22,Pre-ASG
1610612761,11,0022100160,16,TOR,Toronto Raptors,2021-11-10,2021-22,Pre-ASG
1610612739,10,0022100158,23,CLE,Cleveland Cavaliers,2021-11-10,2021-22,Pre-ASG
1610612764,10,0022100158,20,WAS,Washington Wizards,2021-11-10,2021-22,Pre-ASG
1610612740,10,0022100165,18,NOP,New Orleans Pelicans,2021-11-10,2021-22,Pre-ASG
1610612760,12,0022100165,16,OKC,Oklahoma City Thunder,2021-11-10,2021-22,Pre-ASG
1610612763,10,0022100164,16,MEM,Memphis Grizzlies,2021-11-10,2021-22,Pre-ASG
1610612766,9,0022100164,13,CHA,Charlotte Hornets,2021-11-10,2021-22,Pre-ASG
1610612741,12,0022100163,17,CHI,Chicago Bulls,2021-11-10,2021-22,Pre-ASG
1610612742,14,0022100163,14,DAL,Dallas Mavericks,2021-11-10,2021-22,Pre-ASG
1610612749,9,0022100155,17,MIL,Milwaukee Bucks,2021-11-09,2021-22,Pre-ASG
1610612755,8,0022100155,13,PHI,Philadelphia 76ers,2021-11-09,2021-22,Pre-ASG
1610612746,12,0022100157,15,LAC,LA Clippers,2021-11-09,2021-22,Pre-ASG
1610612757,10,0022100157,8,POR,Portland Trail Blazers,2021-11-09,2021-22,Pre-ASG
1610612737,11,0022100156,14,ATL,Atlanta Hawks,2021-11-09,2021-22,Pre-ASG
1610612762,13,0022100156,14,UTA,Utah Jazz,2021-11-09,2021-22,Pre-ASG
1610612750,10,0022100149,21,MIN,Minnesota Timberwolves,2021-11-08,2021-22,Pre-ASG
1610612763,10,0022100149,19,MEM,Memphis Grizzlies,2021-11-08,2021-22,Pre-ASG
1610612747,11,0022100154,21,LAL,Los Angeles Lakers,2021-11-08,2021-22,Pre-ASG
1610612766,9,0022100154,17,CHA,Charlotte Hornets,2021-11-08,2021-22,Pre-ASG
1610612741,12,0022100148,14,CHI,Chicago Bulls,2021-11-08,2021-22,Pre-ASG
1610612751,12,0022100148,13,BKN,Brooklyn Nets,2021-11-08,2021-22,Pre-ASG
1610612756,10,0022100153,13,PHX,Phoenix Suns,2021-11-08,2021-22,Pre-ASG
1610612758,11,0022100153,18,SAC,Sacramento Kings,2021-11-08,2021-22,Pre-ASG
1610612752,10,0022100147,16,NYK,New York Knicks,2021-11-08,2021-22,Pre-ASG
1610612755,8,0022100147,11,PHI,Philadelphia 76ers,2021-11-08,2021-22,Pre-ASG
1610612740,10,0022100150,12,NOP,New Orleans Pelicans,2021-11-08,2021-22,Pre-ASG
1610612742,13,0022100150,16,DAL,Dallas Mavericks,2021-11-08,2021-22,Pre-ASG
1610612737,12,0022100152,13,ATL,Atlanta Hawks,2021-11-08,2021-22,Pre-ASG
1610612744,13,0022100152,21,GSW,Golden State Warriors,2021-11-08,2021-22,Pre-ASG
1610612743,13,0022100151,13,DEN,Denver Nuggets,2021-11-08,2021-22,Pre-ASG
1610612748,12,0022100151,16,MIA,Miami Heat,2021-11-08,2021-22,Pre-ASG
1610612744,13,0022100145,24,GSW,Golden State Warriors,2021-11-07,2021-22,Pre-ASG
1610612745,12,0022100145,20,HOU,Houston Rockets,2021-11-07,2021-22,Pre-ASG
1610612754,11,0022100143,19,IND,Indiana Pacers,2021-11-07,2021-22,Pre-ASG
1610612758,9,0022100143,17,SAC,Sacramento Kings,2021-11-07,2021-22,Pre-ASG
1610612751,10,0022100139,11,BKN,Brooklyn Nets,2021-11-07,2021-22,Pre-ASG
1610612761,9,0022100139,11,TOR,Toronto Raptors,2021-11-07,2021-22,Pre-ASG
1610612759,11,0022100144,16,SAS,San Antonio Spurs,2021-11-07,2021-22,Pre-ASG
1610612760,12,0022100144,16,OKC,Oklahoma City Thunder,2021-11-07,2021-22,Pre-ASG
1610612749,10,0022100142,19,MIL,Milwaukee Bucks,2021-11-07,2021-22,Pre-ASG
1610612764,10,0022100142,15,WAS,Washington Wizards,2021-11-07,2021-22,Pre-ASG
1610612753,10,0022100141,17,ORL,Orlando Magic,2021-11-07,2021-22,Pre-ASG
1610612762,9,0022100141,9,UTA,Utah Jazz,2021-11-07,2021-22,Pre-ASG
1610612746,12,0022100146,20,LAC,LA Clippers,2021-11-07,2021-22,Pre-ASG
1610612766,12,0022100146,19,CHA,Charlotte Hornets,2021-11-07,2021-22,Pre-ASG
1610612739,11,0022100140,15,CLE,Cleveland Cavaliers,2021-11-07,2021-22,Pre-ASG
1610612752,13,0022100140,13,NYK,New York Knicks,2021-11-07,2021-22,Pre-ASG
1610612743,11,0022100133,12,DEN,Denver Nuggets,2021-11-06,2021-22,Pre-ASG
1610612745,11,0022100133,19,HOU,Houston Rockets,2021-11-06,2021-22,Pre-ASG
1610612741,9,0022100135,13,CHI,Chicago Bulls,2021-11-06,2021-22,Pre-ASG
1610612755,8,0022100135,11,PHI,Philadelphia 76ers,2021-11-06,2021-22,Pre-ASG
1610612748,9,0022100134,15,MIA,Miami Heat,2021-11-06,2021-22,Pre-ASG
1610612762,9,0022100134,14,UTA,Utah Jazz,2021-11-06,2021-22,Pre-ASG
1610612737,10,0022100137,10,ATL,Atlanta Hawks,2021-11-06,2021-22,Pre-ASG
1610612756,10,0022100137,17,PHX,Phoenix Suns,2021-11-06,2021-22,Pre-ASG
1610612738,9,0022100136,15,BOS,Boston Celtics,2021-11-06,2021-22,Pre-ASG
1610612742,10,0022100136,14,DAL,Dallas Mavericks,2021-11-06,2021-22,Pre-ASG
1610612747,13,0022100138,14,LAL,Los Angeles Lakers,2021-11-06,2021-22,Pre-ASG
1610612757,14,0022100138,13,POR,Portland Trail Blazers,2021-11-06,2021-22,Pre-ASG
1610612740,12,0022100130,16,NOP,New Orleans Pelicans,2021-11-05,2021-22,Pre-ASG
1610612744,13,0022100130,16,GSW,Golden State Warriors,2021-11-05,2021-22,Pre-ASG
1610612746,11,0022100129,13,LAC,LA Clippers,2021-11-05,2021-22,Pre-ASG
1610612750,13,0022100129,17,MIN,Minnesota Timberwolves,2021-11-05,2021-22,Pre-ASG
1610612751,10,0022100124,13,BKN,Brooklyn Nets,2021-11-05,2021-22,Pre-ASG
1610612765,10,0022100124,15,DET,Detroit Pistons,2021-11-05,2021-22,Pre-ASG
1610612753,9,0022100125,13,ORL,Orlando Magic,2021-11-05,2021-22,Pre-ASG
1610612759,11,0022100125,16,SAS,San Antonio Spurs,2021-11-05,2021-22,Pre-ASG
1610612739,9,0022100127,19,CLE,Cleveland Cavaliers,2021-11-05,2021-22,Pre-ASG
1610612761,10,0022100127,15,TOR,Toronto Raptors,2021-11-05,2021-22,Pre-ASG
1610612749,11,0022100128,17,MIL,Milwaukee Bucks,2021-11-05,2021-22,Pre-ASG
1610612752,14,0022100128,12,NYK,New York Knicks,2021-11-05,2021-22,Pre-ASG
1610612758,11,0022100132,17,SAC,Sacramento Kings,2021-11-05,2021-22,Pre-ASG
1610612766,12,0022100132,18,CHA,Charlotte Hornets,2021-11-05,2021-22,Pre-ASG
1610612754,10,0022100131,19,IND,Indiana Pacers,2021-11-05,2021-22,Pre-ASG
1610612757,10,0022100131,12,POR,Portland Trail Blazers,2021-11-05,2021-22,Pre-ASG
1610612763,15,0022100126,12,MEM,Memphis Grizzlies,2021-11-05,2021-22,Pre-ASG
1610612764,10,0022100126,11,WAS,Washington Wizards,2021-11-05,2021-22,Pre-ASG
1610612755,8,0022100119,11,PHI,Philadelphia 76ers,2021-11-04,2021-22,Pre-ASG
1610612765,10,0022100119,11,DET,Detroit Pistons,2021-11-04,2021-22,Pre-ASG
1610612745,10,0022100122,10,HOU,Houston Rockets,2021-11-04,2021-22,Pre-ASG
1610612756,11,0022100122,15,PHX,Phoenix Suns,2021-11-04,2021-22,Pre-ASG
1610612737,10,0022100113,13,ATL,Atlanta Hawks,2021-11-03,2021-22,Pre-ASG
1610612751,10,0022100113,13,BKN,Brooklyn Nets,2021-11-03,2021-22,Pre-ASG
1610612738,13,0022100110,17,BOS,Boston Celtics,2021-11-03,2021-22,Pre-ASG
1610612753,11,0022100110,13,ORL,Orlando Magic,2021-11-03,2021-22,Pre-ASG
1610612739,8,0022100108,13,CLE,Cleveland Cavaliers,2021-11-03,2021-22,Pre-ASG
1610612757,10,0022100108,16,POR,Portland Trail Blazers,2021-11-03,2021-22,Pre-ASG
1610612752,10,0022100109,9,NYK,New York Knicks,2021-11-03,2021-22,Pre-ASG
1610612754,10,0022100109,19,IND,Indiana Pacers,2021-11-03,2021-22,Pre-ASG
1610612743,10,0022100114,15,DEN,Denver Nuggets,2021-11-03,2021-22,Pre-ASG
1610612763,10,0022100114,13,MEM,Memphis Grizzlies,2021-11-03,2021-22,Pre-ASG
1610612740,13,0022100118,16,NOP,New Orleans Pelicans,2021-11-03,2021-22,Pre-ASG
1610612758,9,0022100118,12,SAC,Sacramento Kings,2021-11-03,2021-22,Pre-ASG
1610612746,9,0022100115,14,LAC,LA Clippers,2021-11-03,2021-22,Pre-ASG
1610612750,11,0022100115,12,MIN,Minnesota Timberwolves,2021-11-03,2021-22,Pre-ASG
1610612741,9,0022100111,13,CHI,Chicago Bulls,2021-11-03,2021-22,Pre-ASG
1610612755,9,0022100111,10,PHI,Philadelphia 76ers,2021-11-03,2021-22,Pre-ASG
1610612761,10,0022100112,12,TOR,Toronto Raptors,2021-11-03,2021-22,Pre-ASG
1610612764,10,0022100112,18,WAS,Washington Wizards,2021-11-03,2021-22,Pre-ASG
1610612742,11,0022100116,20,DAL,Dallas Mavericks,2021-11-03,2021-22,Pre-ASG
1610612759,11,0022100116,25,SAS,San Antonio Spurs,2021-11-03,2021-22,Pre-ASG
1610612744,14,0022100117,16,GSW,Golden State Warriors,2021-11-03,2021-22,Pre-ASG
1610612766,12,0022100117,12,CHA,Charlotte Hornets,2021-11-03,2021-22,Pre-ASG
1610612742,14,0022100104,16,DAL,Dallas Mavericks,2021-11-02,2021-22,Pre-ASG
1610612748,12,0022100104,17,MIA,Miami Heat,2021-11-02,2021-22,Pre-ASG
1610612749,12,0022100103,23,MIL,Milwaukee Bucks,2021-11-02,2021-22,Pre-ASG
1610612765,14,0022100103,15,DET,Detroit Pistons,2021-11-02,2021-22,Pre-ASG
1610612758,8,0022100105,11,SAC,Sacramento Kings,2021-11-02,2021-22,Pre-ASG
1610612762,10,0022100105,12,UTA,Utah Jazz,2021-11-02,2021-22,Pre-ASG
1610612740,10,0022100106,21,NOP,New Orleans Pelicans,2021-11-02,2021-22,Pre-ASG
1610612756,10,0022100106,14,PHX,Phoenix Suns,2021-11-02,2021-22,Pre-ASG
1610612745,9,0022100107,17,HOU,Houston Rockets,2021-11-02,2021-22,Pre-ASG
1610612747,9,0022100107,20,LAL,Los Angeles Lakers,2021-11-02,2021-22,Pre-ASG
1610612755,10,0022100096,14,PHI,Philadelphia 76ers,2021-11-01,2021-22,Pre-ASG
1610612757,10,0022100096,15,POR,Portland Trail Blazers,2021-11-01,2021-22,Pre-ASG
1610612743,10,0022100100,10,DEN,Denver Nuggets,2021-11-01,2021-22,Pre-ASG
1610612763,10,0022100100,15,MEM,Memphis Grizzlies,2021-11-01,2021-22,Pre-ASG
1610612752,11,0022100099,16,NYK,New York Knicks,2021-11-01,2021-22,Pre-ASG
1610612761,10,0022100099,11,TOR,Toronto Raptors,2021-11-01,2021-22,Pre-ASG
1610612738,13,0022100098,20,BOS,Boston Celtics,2021-11-01,2021-22,Pre-ASG
1610612741,9,0022100098,13,CHI,Chicago Bulls,2021-11-01,2021-22,Pre-ASG
1610612737,10,0022100097,10,ATL,Atlanta Hawks,2021-11-01,2021-22,Pre-ASG
1610612764,11,0022100097,15,WAS,Washington Wizards,2021-11-01,2021-22,Pre-ASG
1610612746,10,0022100102,18,LAC,LA Clippers,2021-11-01,2021-22,Pre-ASG
1610612760,10,0022100102,14,OKC,Oklahoma City Thunder,2021-11-01,2021-22,Pre-ASG
1610612750,12,0022100101,20,MIN,Minnesota Timberwolves,2021-11-01,2021-22,Pre-ASG
1610612753,9,0022100101,12,ORL,Orlando Magic,2021-11-01,2021-22,Pre-ASG
1610612754,12,0022100095,18,IND,Indiana Pacers,2021-11-01,2021-22,Pre-ASG
1610612759,12,0022100095,19,SAS,San Antonio Spurs,2021-11-01,2021-22,Pre-ASG
1610612739,8,0022100094,14,CLE,Cleveland Cavaliers,2021-11-01,2021-22,Pre-ASG
1610612766,10,0022100094,16,CHA,Charlotte Hornets,2021-11-01,2021-22,Pre-ASG
1610612751,12,0022100092,15,BKN,Brooklyn Nets,2021-10-31,2021-22,Pre-ASG
1610612765,14,0022100092,18,DET,Detroit Pistons,2021-10-31,2021-22,Pre-ASG
1610612749,10,0022100091,23,MIL,Milwaukee Bucks,2021-10-31,2021-22,Pre-ASG
1610612762,10,0022100091,10,UTA,Utah Jazz,2021-10-31,2021-22,Pre-ASG
1610612745,13,0022100093,13,HOU,Houston Rockets,2021-10-31,2021-22,Pre-ASG
1610612747,9,0022100093,20,LAL,Los Angeles Lakers,2021-10-31,2021-22,Pre-ASG
1610612742,11,0022100089,16,DAL,Dallas Mavericks,2021-10-31,2021-22,Pre-ASG
1610612758,9,0022100089,12,SAC,Sacramento Kings,2021-10-31,2021-22,Pre-ASG
1610612757,12,0022100090,17,POR,Portland Trail Blazers,2021-10-31,2021-22,Pre-ASG
1610612766,9,0022100090,18,CHA,Charlotte Hornets,2021-10-31,2021-22,Pre-ASG
1610612754,11,0022100081,15,IND,Indiana Pacers,2021-10-30,2021-22,Pre-ASG
1610612761,10,0022100081,16,TOR,Toronto Raptors,2021-10-30,2021-22,Pre-ASG
1610612744,13,0022100086,13,GSW,Golden State Warriors,2021-10-30,2021-22,Pre-ASG
1610612760,13,0022100086,19,OKC,Oklahoma City Thunder,2021-10-30,2021-22,Pre-ASG
1610612743,11,0022100087,16,DEN,Denver Nuggets,2021-10-30,2021-22,Pre-ASG
1610612750,11,0022100087,22,MIN,Minnesota Timberwolves,2021-10-30,2021-22,Pre-ASG
1610612749,12,0022100085,22,MIL,Milwaukee Bucks,2021-10-30,2021-22,Pre-ASG
1610612759,12,0022100085,21,SAS,San Antonio Spurs,2021-10-30,2021-22,Pre-ASG
1610612739,12,0022100088,20,CLE,Cleveland Cavaliers,2021-10-30,2021-22,Pre-ASG
1610612756,10,0022100088,12,PHX,Phoenix Suns,2021-10-30,2021-22,Pre-ASG
1610612740,10,0022100080,11,NOP,New Orleans Pelicans,2021-10-30,2021-22,Pre-ASG
1610612752,11,0022100080,10,NYK,New York Knicks,2021-10-30,2021-22,Pre-ASG
1610612748,13,0022100084,16,MIA,Miami Heat,2021-10-30,2021-22,Pre-ASG
1610612763,14,0022100084,18,MEM,Memphis Grizzlies,2021-10-30,2021-22,Pre-ASG
1610612737,14,0022100082,8,ATL,Atlanta Hawks,2021-10-30,2021-22,Pre-ASG
1610612755,13,0022100082,14,PHI,Philadelphia 76ers,2021-10-30,2021-22,Pre-ASG
1610612738,10,0022100078,14,BOS,Boston Celtics,2021-10-30,2021-22,Pre-ASG
1610612764,10,0022100078,17,WAS,Washington Wizards,2021-10-30,2021-22,Pre-ASG
1610612741,10,0022100083,16,CHI,Chicago Bulls,2021-10-30,2021-22,Pre-ASG
1610612762,10,0022100083,7,UTA,Utah Jazz,2021-10-30,2021-22,Pre-ASG
1610612753,12,0022100079,17,ORL,Orlando Magic,2021-10-30,2021-22,Pre-ASG
1610612765,10,0022100079,10,DET,Detroit Pistons,2021-10-30,2021-22,Pre-ASG
1610612753,10,0022100071,15,ORL,Orlando Magic,2021-10-29,2021-22,Pre-ASG
1610612761,9,0022100071,11,TOR,Toronto Raptors,2021-10-29,2021-22,Pre-ASG
1610612748,9,0022100073,13,MIA,Miami Heat,2021-10-29,2021-22,Pre-ASG
1610612766,9,0022100073,13,CHA,Charlotte Hornets,2021-10-29,2021-22,Pre-ASG
1610612751,10,0022100072,17,BKN,Brooklyn Nets,2021-10-29,2021-22,Pre-ASG
1610612754,12,0022100072,15,IND,Indiana Pacers,2021-10-29,2021-22,Pre-ASG
1610612740,11,0022100074,16,NOP,New Orleans Pelicans,2021-10-29,2021-22,Pre-ASG
1610612758,9,0022100074,13,SAC,Sacramento Kings,2021-10-29,2021-22,Pre-ASG
1610612742,14,0022100075,18,DAL,Dallas Mavericks,2021-10-29,2021-22,Pre-ASG
1610612743,14,0022100075,19,DEN,Denver Nuggets,2021-10-29,2021-22,Pre-ASG
1610612746,11,0022100076,16,LAC,LA Clippers,2021-10-29,2021-22,Pre-ASG
1610612757,12,0022100076,15,POR,Portland Trail Blazers,2021-10-29,2021-22,Pre-ASG
1610612739,12,0022100077,13,CLE,Cleveland Cavaliers,2021-10-29,2021-22,Pre-ASG
1610612747,10,0022100077,19,LAL,Los Angeles Lakers,2021-10-29,2021-22,Pre-ASG
1610612742,9,0022100069,11,DAL,Dallas Mavericks,2021-10-28,2021-22,Pre-ASG
1610612759,10,0022100069,16,SAS,San Antonio Spurs,2021-10-28,2021-22,Pre-ASG
1610612741,11,0022100067,20,CHI,Chicago Bulls,2021-10-28,2021-22,Pre-ASG
1610612752,10,0022100067,12,NYK,New York Knicks,2021-10-28,2021-22,Pre-ASG
1610612745,13,0022100068,17,HOU,Houston Rockets,2021-10-28,2021-22,Pre-ASG
1610612762,13,0022100068,12,UTA,Utah Jazz,2021-10-28,2021-22,Pre-ASG
1610612737,11,0022100066,12,ATL,Atlanta Hawks,2021-10-28,2021-22,Pre-ASG
1610612764,9,0022100066,12,WAS,Washington Wizards,2021-10-28,2021-22,Pre-ASG
1610612755,10,0022100065,11,PHI,Philadelphia 76ers,2021-10-28,2021-22,Pre-ASG
1610612765,11,0022100065,11,DET,Detroit Pistons,2021-10-28,2021-22,Pre-ASG
1610612744,11,0022100070,20,GSW,Golden State Warriors,2021-10-28,2021-22,Pre-ASG
1610612763,10,0022100070,17,MEM,Memphis Grizzlies,2021-10-28,2021-22,Pre-ASG
1610612737,10,0022100059,12,ATL,Atlanta Hawks,2021-10-27,2021-22,Pre-ASG
1610612740,10,0022100059,15,NOP,New Orleans Pelicans,2021-10-27,2021-22,Pre-ASG
1610612756,10,0022100062,16,PHX,Phoenix Suns,2021-10-27,2021-22,Pre-ASG
1610612758,9,0022100062,16,SAC,Sacramento Kings,2021-10-27,2021-22,Pre-ASG
1610612754,12,0022100058,18,IND,Indiana Pacers,2021-10-27,2021-22,Pre-ASG
1610612761,14,0022100058,14,TOR,Toronto Raptors,2021-10-27,2021-22,Pre-ASG
1610612738,9,0022100056,12,BOS,Boston Celtics,2021-10-27,2021-22,Pre-ASG
1610612764,10,0022100056,12,WAS,Washington Wizards,2021-10-27,2021-22,Pre-ASG
1610612753,9,0022100055,16,ORL,Orlando Magic,2021-10-27,2021-22,Pre-ASG
1610612766,9,0022100055,16,CHA,Charlotte Hornets,2021-10-27,2021-22,Pre-ASG
1610612739,13,0022100064,17,CLE,Cleveland Cavaliers,2021-10-27,2021-22,Pre-ASG
1610612746,10,0022100064,16,LAC,LA Clippers,2021-10-27,2021-22,Pre-ASG
1610612748,13,0022100057,13,MIA,Miami Heat,2021-10-27,2021-22,Pre-ASG
1610612751,12,0022100057,16,BKN,Brooklyn Nets,2021-10-27,2021-22,Pre-ASG
1610612749,11,0022100060,26,MIL,Milwaukee Bucks,2021-10-27,2021-22,Pre-ASG
1610612750,10,0022100060,14,MIN,Minnesota Timberwolves,2021-10-27,2021-22,Pre-ASG
1610612757,11,0022100063,11,POR,Portland Trail Blazers,2021-10-27,2021-22,Pre-ASG
1610612763,15,0022100063,17,MEM,Memphis Grizzlies,2021-10-27,2021-22,Pre-ASG
1610612747,10,0022100061,19,LAL,Los Angeles Lakers,2021-10-27,2021-22,Pre-ASG
1610612760,13,0022100061,21,OKC,Oklahoma City Thunder,2021-10-27,2021-22,Pre-ASG
1610612743,10,0022100054,13,DEN,Denver Nuggets,2021-10-26,2021-22,Pre-ASG
1610612762,10,0022100054,12,UTA,Utah Jazz,2021-10-26,2021-22,Pre-ASG
1610612742,15,0022100052,16,DAL,Dallas Mavericks,2021-10-26,2021-22,Pre-ASG
1610612745,11,0022100052,18,HOU,Houston Rockets,2021-10-26,2021-22,Pre-ASG
1610612744,13,0022100051,18,GSW,Golden State Warriors,2021-10-26,2021-22,Pre-ASG
1610612760,11,0022100051,17,OKC,Oklahoma City Thunder,2021-10-26,2021-22,Pre-ASG
1610612752,10,0022100050,10,NYK,New York Knicks,2021-10-26,2021-22,Pre-ASG
1610612755,12,0022100050,20,PHI,Philadelphia 76ers,2021-10-26,2021-22,Pre-ASG
1610612747,9,0022100053,18,LAL,Los Angeles Lakers,2021-10-26,2021-22,Pre-ASG
1610612759,11,0022100053,15,SAS,San Antonio Spurs,2021-10-26,2021-22,Pre-ASG
1610612751,13,0022100044,20,BKN,Brooklyn Nets,2021-10-25,2021-22,Pre-ASG
1610612764,13,0022100044,18,WAS,Washington Wizards,2021-10-25,2021-22,Pre-ASG
1610612737,14,0022100043,12,ATL,Atlanta Hawks,2021-10-25,2021-22,Pre-ASG
1610612765,13,0022100043,18,DET,Detroit Pistons,2021-10-25,2021-22,Pre-ASG
1610612741,9,0022100046,18,CHI,Chicago Bulls,2021-10-25,2021-22,Pre-ASG
1610612761,10,0022100046,17,TOR,Toronto Raptors,2021-10-25,2021-22,Pre-ASG
1610612740,10,0022100047,17,NOP,New Orleans Pelicans,2021-10-25,2021-22,Pre-ASG
1610612750,11,0022100047,15,MIN,Minnesota Timberwolves,2021-10-25,2021-22,Pre-ASG
1610612748,13,0022100045,15,MIA,Miami Heat,2021-10-25,2021-22,Pre-ASG
1610612753,11,0022100045,21,ORL,Orlando Magic,2021-10-25,2021-22,Pre-ASG
1610612738,10,0022100041,14,BOS,Boston Celtics,2021-10-25,2021-22,Pre-ASG
1610612766,9,0022100041,20,CHA,Charlotte Hornets,2021-10-25,2021-22,Pre-ASG
1610612746,12,0022100049,15,LAC,LA Clippers,2021-10-25,2021-22,Pre-ASG
1610612757,12,0022100049,18,POR,Portland Trail Blazers,2021-10-25,2021-22,Pre-ASG
1610612739,14,0022100048,24,CLE,Cleveland Cavaliers,2021-10-25,2021-22,Pre-ASG
1610612743,15,0022100048,14,DEN,Denver Nuggets,2021-10-25,2021-22,Pre-ASG
1610612751,13,0022100035,23,BKN,Brooklyn Nets,2021-10-24,2021-22,Pre-ASG
1610612766,14,0022100035,20,CHA,Charlotte Hornets,2021-10-24,2021-22,Pre-ASG
1610612752,11,0022100036,13,NYK,New York Knicks,2021-10-24,2021-22,Pre-ASG
1610612753,10,0022100036,16,ORL,Orlando Magic,2021-10-24,2021-22,Pre-ASG
1610612747,10,0022100040,15,LAL,Los Angeles Lakers,2021-10-24,2021-22,Pre-ASG
1610612763,10,0022100040,13,MEM,Memphis Grizzlies,2021-10-24,2021-22,Pre-ASG
1610612755,10,0022100038,11,PHI,Philadelphia 76ers,2021-10-24,2021-22,Pre-ASG
1610612760,11,0022100038,17,OKC,Oklahoma City Thunder,2021-10-24,2021-22,Pre-ASG
1610612738,9,0022100037,16,BOS,Boston Celtics,2021-10-24,2021-22,Pre-ASG
1610612745,11,0022100037,14,HOU,Houston Rockets,2021-10-24,2021-22,Pre-ASG
1610612742,10,0022100029,17,DAL,Dallas Mavericks,2021-10-23,2021-22,Pre-ASG
1610612761,11,0022100029,19,TOR,Toronto Raptors,2021-10-23,2021-22,Pre-ASG
1610612749,10,0022100032,18,MIL,Milwaukee Bucks,2021-10-23,2021-22,Pre-ASG
1610612759,13,0022100032,18,SAS,San Antonio Spurs,2021-10-23,2021-22,Pre-ASG
1610612746,9,0022100034,13,LAC,LA Clippers,2021-10-23,2021-22,Pre-ASG
1610612763,10,0022100034,12,MEM,Memphis Grizzlies,2021-10-23,2021-22,Pre-ASG
1610612741,10,0022100030,18,CHI,Chicago Bulls,2021-10-23,2021-22,Pre-ASG
1610612765,14,0022100030,19,DET,Detroit Pistons,2021-10-23,2021-22,Pre-ASG
1610612737,10,0022100027,14,ATL,Atlanta Hawks,2021-10-23,2021-22,Pre-ASG
1610612739,8,0022100027,12,CLE,Cleveland Cavaliers,2021-10-23,2021-22,Pre-ASG
1610612748,9,0022100028,12,MIA,Miami Heat,2021-10-23,2021-22,Pre-ASG
1610612754,10,0022100028,18,IND,Indiana Pacers,2021-10-23,2021-22,Pre-ASG
1610612756,13,0022100033,12,PHX,Phoenix Suns,2021-10-23,2021-22,Pre-ASG
1610612757,13,0022100033,18,POR,Portland Trail Blazers,2021-10-23,2021-22,Pre-ASG
1610612758,10,0022100026,20,SAC,Sacramento Kings,2021-10-22,2021-22,Pre-ASG
1610612762,12,0022100026,17,UTA,Utah Jazz,2021-10-22,2021-22,Pre-ASG
1610612745,14,0022100023,13,HOU,Houston Rockets,2021-10-22,2021-22,Pre-ASG
1610612760,15,0022100023,23,OKC,Oklahoma City Thunder,2021-10-22,2021-22,Pre-ASG
1610612739,14,0022100017,17,CLE,Cleveland Cavaliers,2021-10-22,2021-22,Pre-ASG
1610612766,14,0022100017,15,CHA,Charlotte Hornets,2021-10-22,2021-22,Pre-ASG
1610612740,11,0022100022,13,NOP,New Orleans Pelicans,2021-10-22,2021-22,Pre-ASG
1610612741,13,0022100022,15,CHI,Chicago Bulls,2021-10-22,2021-22,Pre-ASG
1610612752,14,0022100018,14,NYK,New York Knicks,2021-10-22,2021-22,Pre-ASG
1610612753,10,0022100018,17,ORL,Orlando Magic,2021-10-22,2021-22,Pre-ASG
1610612738,13,0022100020,19,BOS,Boston Celtics,2021-10-22,2021-22,Pre-ASG
1610612761,13,0022100020,13,TOR,Toronto Raptors,2021-10-22,2021-22,Pre-ASG
1610612751,10,0022100021,17,BKN,Brooklyn Nets,2021-10-22,2021-22,Pre-ASG
1610612755,10,0022100021,16,PHI,Philadelphia 76ers,2021-10-22,2021-22,Pre-ASG
1610612747,11,0022100025,19,LAL,Los Angeles Lakers,2021-10-22,2021-22,Pre-ASG
1610612756,10,0022100025,12,PHX,Phoenix Suns,2021-10-22,2021-22,Pre-ASG
1610612754,10,0022100019,14,IND,Indiana Pacers,2021-10-22,2021-22,Pre-ASG
1610612764,10,0022100019,20,WAS,Washington Wizards,2021-10-22,2021-22,Pre-ASG
1610612743,10,0022100024,9,DEN,Denver Nuggets,2021-10-22,2021-22,Pre-ASG
1610612759,11,0022100024,18,SAS,San Antonio Spurs,2021-10-22,2021-22,Pre-ASG
1610612744,12,0022100016,18,GSW,Golden State Warriors,2021-10-21,2021-22,Pre-ASG
1610612746,9,0022100016,17,LAC,LA Clippers,2021-10-21,2021-22,Pre-ASG
1610612737,14,0022100014,12,ATL,Atlanta Hawks,2021-10-21,2021-22,Pre-ASG
1610612742,13,0022100014,15,DAL,Dallas Mavericks,2021-10-21,2021-22,Pre-ASG
1610612748,14,0022100015,20,MIA,Miami Heat,2021-10-21,2021-22,Pre-ASG
1610612749,10,0022100015,18,MIL,Milwaukee Bucks,2021-10-21,2021-22,Pre-ASG
1610612757,9,0022100013,17,POR,Portland Trail Blazers,2021-10-20,2021-22,Pre-ASG
1610612758,9,0022100013,16,SAC,Sacramento Kings,2021-10-20,2021-22,Pre-ASG
1610612738,9,0022100005,18,BOS,Boston Celtics,2021-10-20,2021-22,Pre-ASG
1610612752,11,0022100005,14,NYK,New York Knicks,2021-10-20,2021-22,Pre-ASG
1610612745,13,0022100008,14,HOU,Houston Rockets,2021-10-20,2021-22,Pre-ASG
1610612750,14,0022100008,21,MIN,Minnesota Timberwolves,2021-10-20,2021-22,Pre-ASG
1610612740,12,0022100009,23,NOP,New Orleans Pelicans,2021-10-20,2021-22,Pre-ASG
1610612755,14,0022100009,12,PHI,Philadelphia 76ers,2021-10-20,2021-22,Pre-ASG
1610612739,9,0022100007,17,CLE,Cleveland Cavaliers,2021-10-20,2021-22,Pre-ASG
1610612763,10,0022100007,12,MEM,Memphis Grizzlies,2021-10-20,2021-22,Pre-ASG
1610612761,10,0022100006,17,TOR,Toronto Raptors,2021-10-20,2021-22,Pre-ASG
1610612764,10,0022100006,13,WAS,Washington Wizards,2021-10-20,2021-22,Pre-ASG
1610612753,10,0022100010,22,ORL,Orlando Magic,2021-10-20,2021-22,Pre-ASG
1610612759,13,0022100010,17,SAS,San Antonio Spurs,2021-10-20,2021-22,Pre-ASG
1610612743,10,0022100012,10,DEN,Denver Nuggets,2021-10-20,2021-22,Pre-ASG
1610612756,10,0022100012,14,PHX,Phoenix Suns,2021-10-20,2021-22,Pre-ASG
1610612754,8,0022100003,20,IND,Indiana Pacers,2021-10-20,2021-22,Pre-ASG
1610612766,9,0022100003,17,CHA,Charlotte Hornets,2021-10-20,2021-22,Pre-ASG
1610612760,12,0022100011,17,OKC,Oklahoma City Thunder,2021-10-20,2021-22,Pre-ASG
1610612762,13,0022100011,11,UTA,Utah Jazz,2021-10-20,2021-22,Pre-ASG
1610612741,10,0022100004,17,CHI,Chicago Bulls,2021-10-20,2021-22,Pre-ASG
1610612765,10,0022100004,12,DET,Detroit Pistons,2021-10-20,2021-22,Pre-ASG
1610612744,12,0022100002,16,GSW,Golden State Warriors,2021-10-19,2021-22,Pre-ASG
1610612747,10,0022100002,13,LAL,Los Angeles Lakers,2021-10-19,2021-22,Pre-ASG
1610612749,12,0022100001,27,MIL,Milwaukee Bucks,2021-10-19,2021-22,Pre-ASG
1610612751,13,0022100001,17,BKN,Brooklyn Nets,2021-10-19,2021-22,Pre-ASG
1610612739,12,0022201218,18,CLE,Cleveland Cavaliers,2023-04-09,2022-23,Post-ASG
1610612766,9,0022201218,9,CHA,Charlotte Hornets,2023-04-09,2022-23,Post-ASG
1610612760,7,0022201226,7,OKC,Oklahoma City Thunder,2023-04-09,2022-23,Post-ASG
1610612763,6,0022201226,5,MEM,Memphis Grizzlies,2023-04-09,2022-23,Post-ASG
1610612743,10,0022201227,11,DEN,Denver Nuggets,2023-04-09,2022-23,Post-ASG
1610612758,15,0022201227,15,SAC,Sacramento Kings,2023-04-09,2022-23,Post-ASG
1610612748,15,0022201219,14,MIA,Miami Heat,2023-04-09,2022-23,Post-ASG
1610612753,11,0022201219,11,ORL,Orlando Magic,2023-04-09,2022-23,Post-ASG
1610612752,9,0022201220,13,NYK,New York Knicks,2023-04-09,2022-23,Post-ASG
1610612754,10,0022201220,16,IND,Indiana Pacers,2023-04-09,2022-23,Post-ASG
1610612744,13,0022201230,15,GSW,Golden State Warriors,2023-04-09,2022-23,Post-ASG
1610612757,9,0022201230,15,POR,Portland Trail Blazers,2023-04-09,2022-23,Post-ASG
1610612741,14,0022201223,10,CHI,Chicago Bulls,2023-04-09,2022-23,Post-ASG
1610612765,9,0022201223,16,DET,Detroit Pistons,2023-04-09,2022-23,Post-ASG
1610612746,10,0022201229,14,LAC,LA Clippers,2023-04-09,2022-23,Post-ASG
1610612756,9,0022201229,10,PHX,Phoenix Suns,2023-04-09,2022-23,Post-ASG
1610612737,12,0022201216,15,ATL,Atlanta Hawks,2023-04-09,2022-23,Post-ASG
1610612738,10,0022201216,10,BOS,Boston Celtics,2023-04-09,2022-23,Post-ASG
1610612745,11,0022201222,10,HOU,Houston Rockets,2023-04-09,2022-23,Post-ASG
1610612764,8,0022201222,10,WAS,Washington Wizards,2023-04-09,2022-23,Post-ASG
1610612749,10,0022201221,16,MIL,Milwaukee Bucks,2023-04-09,2022-23,Post-ASG
1610612761,11,0022201221,12,TOR,Toronto Raptors,2023-04-09,2022-23,Post-ASG
1610612742,8,0022201224,7,DAL,Dallas Mavericks,2023-04-09,2022-23,Post-ASG
1610612759,9,0022201224,17,SAS,San Antonio Spurs,2023-04-09,2022-23,Post-ASG
1610612747,12,0022201228,15,LAL,Los Angeles Lakers,2023-04-09,2022-23,Post-ASG
1610612762,9,0022201228,8,UTA,Utah Jazz,2023-04-09,2022-23,Post-ASG
1610612751,8,0022201217,13,BKN,Brooklyn Nets,2023-04-09,2022-23,Post-ASG
1610612755,10,0022201217,17,PHI,Philadelphia 76ers,2023-04-09,2022-23,Post-ASG
1610612740,8,0022201225,12,NOP,New Orleans Pelicans,2023-04-09,2022-23,Post-ASG
1610612750,11,0022201225,17,MIN,Minnesota Timberwolves,2023-04-09,2022-23,Post-ASG
1610612743,12,0022201213,8,DEN,Denver Nuggets,2023-04-08,2022-23,Post-ASG
1610612762,9,0022201213,13,UTA,Utah Jazz,2023-04-08,2022-23,Post-ASG
1610612746,15,0022201215,8,LAC,LA Clippers,2023-04-08,2022-23,Post-ASG
1610612757,9,0022201215,14,POR,Portland Trail Blazers,2023-04-08,2022-23,Post-ASG
1610612750,14,0022201214,21,MIN,Minnesota Timberwolves,2023-04-08,2022-23,Post-ASG
1610612759,9,0022201214,16,SAS,San Antonio Spurs,2023-04-08,2022-23,Post-ASG
1610612741,10,0022201210,16,CHI,Chicago Bulls,2023-04-07,2022-23,Post-ASG
1610612742,12,0022201210,13,DAL,Dallas Mavericks,2023-04-07,2022-23,Post-ASG
1610612738,13,0022201206,14,BOS,Boston Celtics,2023-04-07,2022-23,Post-ASG
1610612761,14,0022201206,14,TOR,Toronto Raptors,2023-04-07,2022-23,Post-ASG
1610612748,10,0022201204,11,MIA,Miami Heat,2023-04-07,2022-23,Post-ASG
1610612764,10,0022201204,15,WAS,Washington Wizards,2023-04-07,2022-23,Post-ASG
1610612754,10,0022201203,18,IND,Indiana Pacers,2023-04-07,2022-23,Post-ASG
1610612765,9,0022201203,14,DET,Detroit Pistons,2023-04-07,2022-23,Post-ASG
1610612747,13,0022201212,15,LAL,Los Angeles Lakers,2023-04-07,2022-23,Post-ASG
1610612756,11,0022201212,16,PHX,Phoenix Suns,2023-04-07,2022-23,Post-ASG
1610612749,9,0022201208,17,MIL,Milwaukee Bucks,2023-04-07,2022-23,Post-ASG
1610612763,12,0022201208,12,MEM,Memphis Grizzlies,2023-04-07,2022-23,Post-ASG
1610612740,9,0022201209,13,NOP,New Orleans Pelicans,2023-04-07,2022-23,Post-ASG
1610612752,9,0022201209,13,NYK,New York Knicks,2023-04-07,2022-23,Post-ASG
1610612745,9,0022201202,10,HOU,Houston Rockets,2023-04-07,2022-23,Post-ASG
1610612766,10,0022201202,12,CHA,Charlotte Hornets,2023-04-07,2022-23,Post-ASG
1610612744,12,0022201211,20,GSW,Golden State Warriors,2023-04-07,2022-23,Post-ASG
1610612758,11,0022201211,13,SAC,Sacramento Kings,2023-04-07,2022-23,Post-ASG
1610612751,13,0022201207,12,BKN,Brooklyn Nets,2023-04-07,2022-23,Post-ASG
1610612753,11,0022201207,13,ORL,Orlando Magic,2023-04-07,2022-23,Post-ASG
1610612737,10,0022201205,13,ATL,Atlanta Hawks,2023-04-07,2022-23,Post-ASG
1610612755,10,0022201205,17,PHI,Philadelphia 76ers,2023-04-07,2022-23,Post-ASG
1610612748,12,0022201198,10,MIA,Miami Heat,2023-04-06,2022-23,Post-ASG
1610612755,12,0022201198,13,PHI,Philadelphia 76ers,2023-04-06,2022-23,Post-ASG
1610612739,10,0022201197,16,CLE,Cleveland Cavaliers,2023-04-06,2022-23,Post-ASG
1610612753,10,0022201197,14,ORL,Orlando Magic,2023-04-06,2022-23,Post-ASG
1610612737,14,0022201191,14,ATL,Atlanta Hawks,2023-04-05,2022-23,Post-ASG
1610612764,10,0022201191,17,WAS,Washington Wizards,2023-04-05,2022-23,Post-ASG
1610612740,9,0022201194,11,NOP,New Orleans Pelicans,2023-04-05,2022-23,Post-ASG
1610612763,10,0022201194,15,MEM,Memphis Grizzlies,2023-04-05,2022-23,Post-ASG
1610612746,9,0022201196,11,LAC,LA Clippers,2023-04-05,2022-23,Post-ASG
1610612747,10,0022201196,15,LAL,Los Angeles Lakers,2023-04-05,2022-23,Post-ASG
1610612751,12,0022201189,14,BKN,Brooklyn Nets,2023-04-05,2022-23,Post-ASG
1610612765,8,0022201189,14,DET,Detroit Pistons,2023-04-05,2022-23,Post-ASG
1610612752,9,0022201190,8,NYK,New York Knicks,2023-04-05,2022-23,Post-ASG
1610612754,10,0022201190,10,IND,Indiana Pacers,2023-04-05,2022-23,Post-ASG
1610612738,9,0022201192,14,BOS,Boston Celtics,2023-04-05,2022-23,Post-ASG
1610612761,10,0022201192,12,TOR,Toronto Raptors,2023-04-05,2022-23,Post-ASG
1610612742,10,0022201195,15,DAL,Dallas Mavericks,2023-04-05,2022-23,Post-ASG
1610612758,10,0022201195,11,SAC,Sacramento Kings,2023-04-05,2022-23,Post-ASG
1610612741,12,0022201193,12,CHI,Chicago Bulls,2023-04-05,2022-23,Post-ASG
1610612749,12,0022201193,21,MIL,Milwaukee Bucks,2023-04-05,2022-23,Post-ASG
1610612747,9,0022201186,17,LAL,Los Angeles Lakers,2023-04-04,2022-23,Post-ASG
1610612762,10,0022201186,10,UTA,Utah Jazz,2023-04-04,2022-23,Post-ASG
1610612761,14,0022201176,16,TOR,Toronto Raptors,2023-04-04,2022-23,Post-ASG
1610612766,9,0022201176,16,CHA,Charlotte Hornets,2023-04-04,2022-23,Post-ASG
1610612743,12,0022201183,15,DEN,Denver Nuggets,2023-04-04,2022-23,Post-ASG
1610612745,9,0022201183,12,HOU,Houston Rockets,2023-04-04,2022-23,Post-ASG
1610612740,12,0022201185,13,NOP,New Orleans Pelicans,2023-04-04,2022-23,Post-ASG
1610612758,15,0022201185,12,SAC,Sacramento Kings,2023-04-04,2022-23,Post-ASG
1610612739,9,0022201178,14,CLE,Cleveland Cavaliers,2023-04-04,2022-23,Post-ASG
1610612753,9,0022201178,10,ORL,Orlando Magic,2023-04-04,2022-23,Post-ASG
1610612738,10,0022201181,14,BOS,Boston Celtics,2023-04-04,2022-23,Post-ASG
1610612755,10,0022201181,11,PHI,Philadelphia 76ers,2023-04-04,2022-23,Post-ASG
1610612737,14,0022201182,10,ATL,Atlanta Hawks,2023-04-04,2022-23,Post-ASG
1610612741,12,0022201182,12,CHI,Chicago Bulls,2023-04-04,2022-23,Post-ASG
1610612748,8,0022201177,10,MIA,Miami Heat,2023-04-04,2022-23,Post-ASG
1610612765,9,0022201177,14,DET,Detroit Pistons,2023-04-04,2022-23,Post-ASG
1610612750,8,0022201180,14,MIN,Minnesota Timberwolves,2023-04-04,2022-23,Post-ASG
1610612751,10,0022201180,16,BKN,Brooklyn Nets,2023-04-04,2022-23,Post-ASG
1610612744,12,0022201187,17,GSW,Golden State Warriors,2023-04-04,2022-23,Post-ASG
1610612760,12,0022201187,15,OKC,Oklahoma City Thunder,2023-04-04,2022-23,Post-ASG
1610612757,9,0022201184,10,POR,Portland Trail Blazers,2023-04-04,2022-23,Post-ASG
1610612763,10,0022201184,14,MEM,Memphis Grizzlies,2023-04-04,2022-23,Post-ASG
1610612756,14,0022201188,11,PHX,Phoenix Suns,2023-04-04,2022-23,Post-ASG
1610612759,10,0022201188,21,SAS,San Antonio Spurs,2023-04-04,2022-23,Post-ASG
1610612749,11,0022201179,17,MIL,Milwaukee Bucks,2023-04-04,2022-23,Post-ASG
1610612764,9,0022201179,13,WAS,Washington Wizards,2023-04-04,2022-23,Post-ASG
1610612751,11,0022201164,11,BKN,Brooklyn Nets,2023-04-02,2022-23,Post-ASG
1610612762,10,0022201164,16,UTA,Utah Jazz,2023-04-02,2022-23,Post-ASG
1610612737,9,0022201167,11,ATL,Atlanta Hawks,2023-04-02,2022-23,Post-ASG
1610612742,11,0022201167,17,DAL,Dallas Mavericks,2023-04-02,2022-23,Post-ASG
1610612758,11,0022201170,15,SAC,Sacramento Kings,2023-04-02,2022-23,Post-ASG
1610612759,11,0022201170,20,SAS,San Antonio Spurs,2023-04-02,2022-23,Post-ASG
1610612745,11,0022201171,13,HOU,Houston Rockets,2023-04-02,2022-23,Post-ASG
1610612747,13,0022201171,18,LAL,Los Angeles Lakers,2023-04-02,2022-23,Post-ASG
1610612761,13,0022201163,13,TOR,Toronto Raptors,2023-04-02,2022-23,Post-ASG
1610612766,9,0022201163,15,CHA,Charlotte Hornets,2023-04-02,2022-23,Post-ASG
1610612752,9,0022201168,10,NYK,New York Knicks,2023-04-02,2022-23,Post-ASG
1610612764,12,0022201168,11,WAS,Washington Wizards,2023-04-02,2022-23,Post-ASG
1610612753,14,0022201169,16,ORL,Orlando Magic,2023-04-02,2022-23,Post-ASG
1610612765,11,0022201169,16,DET,Detroit Pistons,2023-04-02,2022-23,Post-ASG
1610612741,11,0022201165,15,CHI,Chicago Bulls,2023-04-02,2022-23,Post-ASG
1610612763,14,0022201165,15,MEM,Memphis Grizzlies,2023-04-02,2022-23,Post-ASG
1610612749,13,0022201174,21,MIL,Milwaukee Bucks,2023-04-02,2022-23,Post-ASG
1610612755,13,0022201174,14,PHI,Philadelphia 76ers,2023-04-02,2022-23,Post-ASG
1610612750,10,0022201166,11,MIN,Minnesota Timberwolves,2023-04-02,2022-23,Post-ASG
1610612757,10,0022201166,11,POR,Portland Trail Blazers,2023-04-02,2022-23,Post-ASG
1610612756,12,0022201172,19,PHX,Phoenix Suns,2023-04-02,2022-23,Post-ASG
1610612760,10,0022201172,17,OKC,Oklahoma City Thunder,2023-04-02,2022-23,Post-ASG
1610612743,10,0022201175,14,DEN,Denver Nuggets,2023-04-02,2022-23,Post-ASG
1610612744,9,0022201175,19,GSW,Golden State Warriors,2023-04-02,2022-23,Post-ASG
1610612739,9,0022201173,13,CLE,Cleveland Cavaliers,2023-04-02,2022-23,Post-ASG
1610612754,9,0022201173,13,IND,Indiana Pacers,2023-04-02,2022-23,Post-ASG
1610612740,9,0022201162,14,NOP,New Orleans Pelicans,2023-04-01,2022-23,Post-ASG
1610612746,9,0022201162,15,LAC,LA Clippers,2023-04-01,2022-23,Post-ASG
1610612742,10,0022201161,13,DAL,Dallas Mavericks,2023-04-01,2022-23,Post-ASG
1610612748,9,0022201161,13,MIA,Miami Heat,2023-04-01,2022-23,Post-ASG
1610612753,10,0022201151,12,ORL,Orlando Magic,2023-03-31,2022-23,Post-ASG
1610612764,11,0022201151,17,WAS,Washington Wizards,2023-03-31,2022-23,Post-ASG
1610612754,9,0022201149,16,IND,Indiana Pacers,2023-03-31,2022-23,Post-ASG
1610612760,10,0022201149,24,OKC,Oklahoma City Thunder,2023-03-31,2022-23,Post-ASG
1610612746,13,0022201156,11,LAC,LA Clippers,2023-03-31,2022-23,Post-ASG
1610612763,9,0022201156,13,MEM,Memphis Grizzlies,2023-03-31,2022-23,Post-ASG
1610612757,10,0022201159,15,POR,Portland Trail Blazers,2023-03-31,2022-23,Post-ASG
1610612758,14,0022201159,15,SAC,Sacramento Kings,2023-03-31,2022-23,Post-ASG
1610612741,13,0022201148,11,CHI,Chicago Bulls,2023-03-31,2022-23,Post-ASG
1610612766,11,0022201148,14,CHA,Charlotte Hornets,2023-03-31,2022-23,Post-ASG
1610612738,10,0022201152,17,BOS,Boston Celtics,2023-03-31,2022-23,Post-ASG
1610612762,10,0022201152,8,UTA,Utah Jazz,2023-03-31,2022-23,Post-ASG
1610612747,10,0022201157,20,LAL,Los Angeles Lakers,2023-03-31,2022-23,Post-ASG
1610612750,9,0022201157,13,MIN,Minnesota Timberwolves,2023-03-31,2022-23,Post-ASG
1610612744,12,0022201158,20,GSW,Golden State Warriors,2023-03-31,2022-23,Post-ASG
1610612759,10,0022201158,24,SAS,San Antonio Spurs,2023-03-31,2022-23,Post-ASG
1610612743,9,0022201160,10,DEN,Denver Nuggets,2023-03-31,2022-23,Post-ASG
1610612756,10,0022201160,13,PHX,Phoenix Suns,2023-03-31,2022-23,Post-ASG
1610612737,14,0022201153,14,ATL,Atlanta Hawks,2023-03-31,2022-23,Post-ASG
1610612751,13,0022201153,15,BKN,Brooklyn Nets,2023-03-31,2022-23,Post-ASG
1610612745,10,0022201155,14,HOU,Houston Rockets,2023-03-31,2022-23,Post-ASG
1610612765,10,0022201155,15,DET,Detroit Pistons,2023-03-31,2022-23,Post-ASG
1610612739,10,0022201154,14,CLE,Cleveland Cavaliers,2023-03-31,2022-23,Post-ASG
1610612752,9,0022201154,9,NYK,New York Knicks,2023-03-31,2022-23,Post-ASG
1610612755,10,0022201150,13,PHI,Philadelphia 76ers,2023-03-31,2022-23,Post-ASG
1610612761,9,0022201150,12,TOR,Toronto Raptors,2023-03-31,2022-23,Post-ASG
1610612740,9,0022201147,12,NOP,New Orleans Pelicans,2023-03-30,2022-23,Post-ASG
1610612743,12,0022201147,9,DEN,Denver Nuggets,2023-03-30,2022-23,Post-ASG
1610612738,12,0022201146,18,BOS,Boston Celtics,2023-03-30,2022-23,Post-ASG
1610612749,14,0022201146,18,MIL,Milwaukee Bucks,2023-03-30,2022-23,Post-ASG
1610612749,12,0022201136,25,MIL,Milwaukee Bucks,2023-03-29,2022-23,Post-ASG
1610612754,10,0022201136,17,IND,Indiana Pacers,2023-03-29,2022-23,Post-ASG
1610612750,9,0022201144,13,MIN,Minnesota Timberwolves,2023-03-29,2022-23,Post-ASG
1610612756,10,0022201144,15,PHX,Phoenix Suns,2023-03-29,2022-23,Post-ASG
1610612742,10,0022201139,15,DAL,Dallas Mavericks,2023-03-29,2022-23,Post-ASG
1610612755,10,0022201139,11,PHI,Philadelphia 76ers,2023-03-29,2022-23,Post-ASG
1610612757,7,0022201145,13,POR,Portland Trail Blazers,2023-03-29,2022-23,Post-ASG
1610612758,15,0022201145,12,SAC,Sacramento Kings,2023-03-29,2022-23,Post-ASG
1610612759,10,0022201143,16,SAS,San Antonio Spurs,2023-03-29,2022-23,Post-ASG
1610612762,11,0022201143,18,UTA,Utah Jazz,2023-03-29,2022-23,Post-ASG
1610612760,11,0022201142,19,OKC,Oklahoma City Thunder,2023-03-29,2022-23,Post-ASG
1610612765,9,0022201142,14,DET,Detroit Pistons,2023-03-29,2022-23,Post-ASG
1610612741,12,0022201140,14,CHI,Chicago Bulls,2023-03-29,2022-23,Post-ASG
1610612747,12,0022201140,17,LAL,Los Angeles Lakers,2023-03-29,2022-23,Post-ASG
1610612748,11,0022201132,13,MIA,Miami Heat,2023-03-28,2022-23,Post-ASG
1610612761,8,0022201132,10,TOR,Toronto Raptors,2023-03-28,2022-23,Post-ASG
1610612740,9,0022201135,12,NOP,New Orleans Pelicans,2023-03-28,2022-23,Post-ASG
1610612744,11,0022201135,20,GSW,Golden State Warriors,2023-03-28,2022-23,Post-ASG
1610612738,12,0022201130,10,BOS,Boston Celtics,2023-03-28,2022-23,Post-ASG
1610612764,11,0022201130,11,WAS,Washington Wizards,2023-03-28,2022-23,Post-ASG
1610612737,9,0022201131,9,ATL,Atlanta Hawks,2023-03-28,2022-23,Post-ASG
1610612739,8,0022201131,15,CLE,Cleveland Cavaliers,2023-03-28,2022-23,Post-ASG
1610612760,12,0022201134,16,OKC,Oklahoma City Thunder,2023-03-28,2022-23,Post-ASG
1610612766,8,0022201134,11,CHA,Charlotte Hornets,2023-03-28,2022-23,Post-ASG
1610612742,15,0022201123,14,DAL,Dallas Mavericks,2023-03-27,2022-23,Post-ASG
1610612754,9,0022201123,13,IND,Indiana Pacers,2023-03-27,2022-23,Post-ASG
1610612741,10,0022201129,12,CHI,Chicago Bulls,2023-03-27,2022-23,Post-ASG
1610612746,12,0022201129,10,LAC,LA Clippers,2023-03-27,2022-23,Post-ASG
1610612743,9,0022201126,9,DEN,Denver Nuggets,2023-03-27,2022-23,Post-ASG
1610612755,13,0022201126,16,PHI,Philadelphia 76ers,2023-03-27,2022-23,Post-ASG
1610612750,9,0022201128,13,MIN,Minnesota Timberwolves,2023-03-27,2022-23,Post-ASG
1610612758,10,0022201128,17,SAC,Sacramento Kings,2023-03-27,2022-23,Post-ASG
1610612745,10,0022201124,13,HOU,Houston Rockets,2023-03-27,2022-23,Post-ASG
1610612752,11,0022201124,12,NYK,New York Knicks,2023-03-27,2022-23,Post-ASG
1610612749,12,0022201122,26,MIL,Milwaukee Bucks,2023-03-27,2022-23,Post-ASG
1610612765,9,0022201122,14,DET,Detroit Pistons,2023-03-27,2022-23,Post-ASG
1610612740,13,0022201127,15,NOP,New Orleans Pelicans,2023-03-27,2022-23,Post-ASG
1610612757,10,0022201127,13,POR,Portland Trail Blazers,2023-03-27,2022-23,Post-ASG
1610612756,12,0022201125,15,PHX,Phoenix Suns,2023-03-27,2022-23,Post-ASG
1610612762,10,0022201125,18,UTA,Utah Jazz,2023-03-27,2022-23,Post-ASG
1610612739,13,0022201117,14,CLE,Cleveland Cavaliers,2023-03-26,2022-23,Post-ASG
1610612745,10,0022201117,12,HOU,Houston Rockets,2023-03-26,2022-23,Post-ASG
1610612741,10,0022201114,15,CHI,Chicago Bulls,2023-03-26,2022-23,Post-ASG
1610612747,9,0022201114,18,LAL,Los Angeles Lakers,2023-03-26,2022-23,Post-ASG
1610612757,10,0022201120,15,POR,Portland Trail Blazers,2023-03-26,2022-23,Post-ASG
1610612760,10,0022201120,18,OKC,Oklahoma City Thunder,2023-03-26,2022-23,Post-ASG
1610612737,10,0022201115,11,ATL,Atlanta Hawks,2023-03-26,2022-23,Post-ASG
1610612763,10,0022201115,19,MEM,Memphis Grizzlies,2023-03-26,2022-23,Post-ASG
1610612761,12,0022201119,14,TOR,Toronto Raptors,2023-03-26,2022-23,Post-ASG
1610612764,10,0022201119,12,WAS,Washington Wizards,2023-03-26,2022-23,Post-ASG
1610612744,10,0022201121,22,GSW,Golden State Warriors,2023-03-26,2022-23,Post-ASG
1610612750,10,0022201121,21,MIN,Minnesota Timberwolves,2023-03-26,2022-23,Post-ASG
1610612742,10,0022201113,14,DAL,Dallas Mavericks,2023-03-26,2022-23,Post-ASG
1610612766,10,0022201113,16,CHA,Charlotte Hornets,2023-03-26,2022-23,Post-ASG
1610612751,13,0022201118,21,BKN,Brooklyn Nets,2023-03-26,2022-23,Post-ASG
1610612753,12,0022201118,13,ORL,Orlando Magic,2023-03-26,2022-23,Post-ASG
1610612738,12,0022201116,14,BOS,Boston Celtics,2023-03-26,2022-23,Post-ASG
1610612759,13,0022201116,18,SAS,San Antonio Spurs,2023-03-26,2022-23,Post-ASG
1610612740,11,0022201112,14,NOP,New Orleans Pelicans,2023-03-25,2022-23,Post-ASG
1610612746,13,0022201112,12,LAC,LA Clippers,2023-03-25,2022-23,Post-ASG
1610612748,11,0022201108,14,MIA,Miami Heat,2023-03-25,2022-23,Post-ASG
1610612751,12,0022201108,18,BKN,Brooklyn Nets,2023-03-25,2022-23,Post-ASG
1610612755,12,0022201110,20,PHI,Philadelphia 76ers,2023-03-25,2022-23,Post-ASG
1610612756,12,0022201110,14,PHX,Phoenix Suns,2023-03-25,2022-23,Post-ASG
1610612758,11,0022201111,12,SAC,Sacramento Kings,2023-03-25,2022-23,Post-ASG
1610612762,11,0022201111,10,UTA,Utah Jazz,2023-03-25,2022-23,Post-ASG
1610612743,13,0022201109,10,DEN,Denver Nuggets,2023-03-25,2022-23,Post-ASG
1610612749,12,0022201109,22,MIL,Milwaukee Bucks,2023-03-25,2022-23,Post-ASG
1610612737,10,0022201107,14,ATL,Atlanta Hawks,2023-03-25,2022-23,Post-ASG
1610612754,10,0022201107,17,IND,Indiana Pacers,2023-03-25,2022-23,Post-ASG
1610612745,10,0022201100,12,HOU,Houston Rockets,2023-03-24,2022-23,Post-ASG
1610612763,12,0022201100,13,MEM,Memphis Grizzlies,2023-03-24,2022-23,Post-ASG
1610612747,9,0022201106,13,LAL,Los Angeles Lakers,2023-03-24,2022-23,Post-ASG
1610612760,10,0022201106,17,OKC,Oklahoma City Thunder,2023-03-24,2022-23,Post-ASG
1610612756,10,0022201105,19,PHX,Phoenix Suns,2023-03-24,2022-23,Post-ASG
1610612758,11,0022201105,13,SAC,Sacramento Kings,2023-03-24,2022-23,Post-ASG
1610612741,10,0022201104,13,CHI,Chicago Bulls,2023-03-24,2022-23,Post-ASG
1610612757,11,0022201104,11,POR,Portland Trail Blazers,2023-03-24,2022-23,Post-ASG
1610612759,10,0022201098,17,SAS,San Antonio Spurs,2023-03-24,2022-23,Post-ASG
1610612764,9,0022201098,14,WAS,Washington Wizards,2023-03-24,2022-23,Post-ASG
1610612744,10,0022201103,18,GSW,Golden State Warriors,2023-03-24,2022-23,Post-ASG
1610612755,10,0022201103,19,PHI,Philadelphia 76ers,2023-03-24,2022-23,Post-ASG
1610612738,11,0022201097,15,BOS,Boston Celtics,2023-03-24,2022-23,Post-ASG
1610612754,13,0022201097,14,IND,Indiana Pacers,2023-03-24,2022-23,Post-ASG
1610612761,9,0022201099,10,TOR,Toronto Raptors,2023-03-24,2022-23,Post-ASG
1610612765,9,0022201099,12,DET,Detroit Pistons,2023-03-24,2022-23,Post-ASG
1610612749,12,0022201102,23,MIL,Milwaukee Bucks,2023-03-24,2022-23,Post-ASG
1610612762,12,0022201102,13,UTA,Utah Jazz,2023-03-24,2022-23,Post-ASG
1610612742,10,0022201101,18,DAL,Dallas Mavericks,2023-03-24,2022-23,Post-ASG
1610612766,10,0022201101,17,CHA,Charlotte Hornets,2023-03-24,2022-23,Post-ASG
1610612752,9,0022201093,11,NYK,New York Knicks,2023-03-23,2022-23,Post-ASG
1610612753,9,0022201093,9,ORL,Orlando Magic,2023-03-23,2022-23,Post-ASG
1610612746,11,0022201096,7,LAC,LA Clippers,2023-03-23,2022-23,Post-ASG
1610612760,13,0022201096,22,OKC,Oklahoma City Thunder,2023-03-23,2022-23,Post-ASG
1610612739,9,0022201094,14,CLE,Cleveland Cavaliers,2023-03-23,2022-23,Post-ASG
1610612751,10,0022201094,12,BKN,Brooklyn Nets,2023-03-23,2022-23,Post-ASG
1610612740,13,0022201095,14,NOP,New Orleans Pelicans,2023-03-23,2022-23,Post-ASG
1610612766,10,0022201095,16,CHA,Charlotte Hornets,2023-03-23,2022-23,Post-ASG
1610612748,9,0022201084,12,MIA,Miami Heat,2023-03-22,2022-23,Post-ASG
1610612752,10,0022201084,15,NYK,New York Knicks,2023-03-22,2022-23,Post-ASG
1610612737,10,0022201090,14,ATL,Atlanta Hawks,2023-03-22,2022-23,Post-ASG
1610612750,9,0022201090,18,MIN,Minnesota Timberwolves,2023-03-22,2022-23,Post-ASG
1610612746,10,0022201082,11,LAC,LA Clippers,2023-03-21,2022-23,Post-ASG
1610612760,10,0022201082,17,OKC,Oklahoma City Thunder,2023-03-21,2022-23,Post-ASG
1610612742,10,0022201075,18,DAL,Dallas Mavericks,2023-03-20,2022-23,Post-ASG
1610612763,9,0022201075,17,MEM,Memphis Grizzlies,2023-03-20,2022-23,Post-ASG
1610612764,10,0022200769,17,WAS,Washington Wizards,2023-03-07,2022-23,Post-ASG
1610612765,9,0022200769,11,DET,Detroit Pistons,2023-03-07,2022-23,Post-ASG
1610612753,11,0022200946,16,ORL,Orlando Magic,2023-03-03,2022-23,Post-ASG
1610612766,10,0022200946,15,CHA,Charlotte Hornets,2023-03-03,2022-23,Post-ASG
1610612741,9,0022200934,10,CHI,Chicago Bulls,2023-03-01,2022-23,Post-ASG
1610612765,10,0022200934,10,DET,Detroit Pistons,2023-03-01,2022-23,Post-ASG
1610612746,10,0022200932,15,LAC,LA Clippers,2023-02-28,2022-23,Post-ASG
1610612750,10,0022200932,11,MIN,Minnesota Timberwolves,2023-02-28,2022-23,Post-ASG
1610612739,9,0022200858,11,CLE,Cleveland Cavaliers,2023-02-13,2022-23,Pre-ASG
1610612759,10,0022200858,19,SAS,San Antonio Spurs,2023-02-13,2022-23,Pre-ASG
1610612745,13,0022200860,13,HOU,Houston Rockets,2023-02-13,2022-23,Pre-ASG
1610612755,12,0022200860,16,PHI,Philadelphia 76ers,2023-02-13,2022-23,Pre-ASG
1610612743,9,0022200861,8,DEN,Denver Nuggets,2023-02-13,2022-23,Pre-ASG
1610612748,8,0022200861,12,MIA,Miami Heat,2023-02-13,2022-23,Pre-ASG
1610612737,9,0022200857,8,ATL,Atlanta Hawks,2023-02-13,2022-23,Pre-ASG
1610612766,9,0022200857,10,CHA,Charlotte Hornets,2023-02-13,2022-23,Pre-ASG
1610612754,10,0022200859,16,IND,Indiana Pacers,2023-02-13,2022-23,Pre-ASG
1610612762,10,0022200859,13,UTA,Utah Jazz,2023-02-13,2022-23,Pre-ASG
1610612761,9,0022200856,13,TOR,Toronto Raptors,2023-02-12,2022-23,Pre-ASG
1610612765,9,0022200856,15,DET,Detroit Pistons,2023-02-12,2022-23,Pre-ASG
1610612738,9,0022200855,11,BOS,Boston Celtics,2023-02-12,2022-23,Pre-ASG
1610612763,10,0022200855,13,MEM,Memphis Grizzlies,2023-02-12,2022-23,Pre-ASG
1610612739,9,0022200852,18,CLE,Cleveland Cavaliers,2023-02-11,2022-23,Pre-ASG
1610612741,10,0022200852,12,CHI,Chicago Bulls,2023-02-11,2022-23,Pre-ASG
1610612752,9,0022200851,6,NYK,New York Knicks,2023-02-11,2022-23,Pre-ASG
1610612762,10,0022200851,14,UTA,Utah Jazz,2023-02-11,2022-23,Pre-ASG
1610612743,12,0022200847,12,DEN,Denver Nuggets,2023-02-11,2022-23,Pre-ASG
1610612766,9,0022200847,17,CHA,Charlotte Hornets,2023-02-11,2022-23,Pre-ASG
1610612754,11,0022200849,16,IND,Indiana Pacers,2023-02-11,2022-23,Pre-ASG
1610612764,13,0022200849,13,WAS,Washington Wizards,2023-02-11,2022-23,Pre-ASG
1610612751,12,0022200846,14,BKN,Brooklyn Nets,2023-02-11,2022-23,Pre-ASG
1610612755,10,0022200846,13,PHI,Philadelphia 76ers,2023-02-11,2022-23,Pre-ASG
1610612742,11,0022200854,17,DAL,Dallas Mavericks,2023-02-11,2022-23,Pre-ASG
1610612758,9,0022200854,14,SAC,Sacramento Kings,2023-02-11,2022-23,Pre-ASG
1610612737,11,0022200850,8,ATL,Atlanta Hawks,2023-02-11,2022-23,Pre-ASG
1610612759,12,0022200850,28,SAS,San Antonio Spurs,2023-02-11,2022-23,Pre-ASG
1610612748,9,0022200848,13,MIA,Miami Heat,2023-02-11,2022-23,Pre-ASG
1610612753,10,0022200848,13,ORL,Orlando Magic,2023-02-11,2022-23,Pre-ASG
1610612744,10,0022200853,20,GSW,Golden State Warriors,2023-02-11,2022-23,Pre-ASG
1610612747,10,0022200853,12,LAL,Los Angeles Lakers,2023-02-11,2022-23,Pre-ASG
1610612738,10,0022200838,15,BOS,Boston Celtics,2023-02-10,2022-23,Pre-ASG
1610612766,9,0022200838,10,CHA,Charlotte Hornets,2023-02-10,2022-23,Pre-ASG
1610612752,9,0022200837,9,NYK,New York Knicks,2023-02-10,2022-23,Pre-ASG
1610612755,10,0022200837,11,PHI,Philadelphia 76ers,2023-02-10,2022-23,Pre-ASG
1610612739,11,0022200842,17,CLE,Cleveland Cavaliers,2023-02-10,2022-23,Pre-ASG
1610612740,11,0022200842,18,NOP,New Orleans Pelicans,2023-02-10,2022-23,Pre-ASG
1610612745,10,0022200840,18,HOU,Houston Rockets,2023-02-10,2022-23,Pre-ASG
1610612748,9,0022200840,18,MIA,Miami Heat,2023-02-10,2022-23,Pre-ASG
1610612754,11,0022200836,11,IND,Indiana Pacers,2023-02-10,2022-23,Pre-ASG
1610612756,10,0022200836,15,PHX,Phoenix Suns,2023-02-10,2022-23,Pre-ASG
1610612761,9,0022200839,16,TOR,Toronto Raptors,2023-02-10,2022-23,Pre-ASG
1610612762,9,0022200839,18,UTA,Utah Jazz,2023-02-10,2022-23,Pre-ASG
1610612746,10,0022200845,13,LAC,LA Clippers,2023-02-10,2022-23,Pre-ASG
1610612749,12,0022200845,18,MIL,Milwaukee Bucks,2023-02-10,2022-23,Pre-ASG
1610612742,10,0022200844,14,DAL,Dallas Mavericks,2023-02-10,2022-23,Pre-ASG
1610612758,11,0022200844,13,SAC,Sacramento Kings,2023-02-10,2022-23,Pre-ASG
1610612750,15,0022200841,16,MIN,Minnesota Timberwolves,2023-02-10,2022-23,Pre-ASG
1610612763,14,0022200841,16,MEM,Memphis Grizzlies,2023-02-10,2022-23,Pre-ASG
1610612759,10,0022200835,20,SAS,San Antonio Spurs,2023-02-10,2022-23,Pre-ASG
1610612765,10,0022200835,16,DET,Detroit Pistons,2023-02-10,2022-23,Pre-ASG
1610612757,10,0022200843,19,POR,Portland Trail Blazers,2023-02-10,2022-23,Pre-ASG
1610612760,11,0022200843,26,OKC,Oklahoma City Thunder,2023-02-10,2022-23,Pre-ASG
1610612743,9,0022200831,10,DEN,Denver Nuggets,2023-02-09,2022-23,Pre-ASG
1610612753,10,0022200831,8,ORL,Orlando Magic,2023-02-09,2022-23,Pre-ASG
1610612737,9,0022200832,11,ATL,Atlanta Hawks,2023-02-09,2022-23,Pre-ASG
1610612756,9,0022200832,14,PHX,Phoenix Suns,2023-02-09,2022-23,Pre-ASG
1610612747,9,0022200834,14,LAL,Los Angeles Lakers,2023-02-09,2022-23,Pre-ASG
1610612749,10,0022200834,21,MIL,Milwaukee Bucks,2023-02-09,2022-23,Pre-ASG
1610612741,10,0022200833,13,CHI,Chicago Bulls,2023-02-09,2022-23,Pre-ASG
1610612751,9,0022200833,12,BKN,Brooklyn Nets,2023-02-09,2022-23,Pre-ASG
1610612759,10,0022200826,17,SAS,San Antonio Spurs,2023-02-08,2022-23,Pre-ASG
1610612761,10,0022200826,12,TOR,Toronto Raptors,2023-02-08,2022-23,Pre-ASG
1610612744,9,0022200830,13,GSW,Golden State Warriors,2023-02-08,2022-23,Pre-ASG
1610612757,9,0022200830,8,POR,Portland Trail Blazers,2023-02-08,2022-23,Pre-ASG
1610612745,9,0022200827,15,HOU,Houston Rockets,2023-02-08,2022-23,Pre-ASG
1610612758,10,0022200827,14,SAC,Sacramento Kings,2023-02-08,2022-23,Pre-ASG
1610612750,12,0022200828,15,MIN,Minnesota Timberwolves,2023-02-08,2022-23,Pre-ASG
1610612762,11,0022200828,15,UTA,Utah Jazz,2023-02-08,2022-23,Pre-ASG
1610612738,9,0022200824,13,BOS,Boston Celtics,2023-02-08,2022-23,Pre-ASG
1610612755,10,0022200824,16,PHI,Philadelphia 76ers,2023-02-08,2022-23,Pre-ASG
1610612742,10,0022200829,12,DAL,Dallas Mavericks,2023-02-08,2022-23,Pre-ASG
1610612746,11,0022200829,15,LAC,LA Clippers,2023-02-08,2022-23,Pre-ASG
1610612739,10,0022200822,16,CLE,Cleveland Cavaliers,2023-02-08,2022-23,Pre-ASG
1610612765,12,0022200822,20,DET,Detroit Pistons,2023-02-08,2022-23,Pre-ASG
1610612748,8,0022200825,12,MIA,Miami Heat,2023-02-08,2022-23,Pre-ASG
1610612754,9,0022200825,17,IND,Indiana Pacers,2023-02-08,2022-23,Pre-ASG
1610612764,11,0022200823,15,WAS,Washington Wizards,2023-02-08,2022-23,Pre-ASG
1610612766,9,0022200823,16,CHA,Charlotte Hornets,2023-02-08,2022-23,Pre-ASG
1610612741,9,0022200819,11,CHI,Chicago Bulls,2023-02-07,2022-23,Pre-ASG
1610612763,10,0022200819,16,MEM,Memphis Grizzlies,2023-02-07,2022-23,Pre-ASG
1610612751,11,0022200817,22,BKN,Brooklyn Nets,2023-02-07,2022-23,Pre-ASG
1610612756,11,0022200817,21,PHX,Phoenix Suns,2023-02-07,2022-23,Pre-ASG
1610612743,12,0022200820,15,DEN,Denver Nuggets,2023-02-07,2022-23,Pre-ASG
1610612750,14,0022200820,13,MIN,Minnesota Timberwolves,2023-02-07,2022-23,Pre-ASG
1610612747,10,0022200821,19,LAL,Los Angeles Lakers,2023-02-07,2022-23,Pre-ASG
1610612760,9,0022200821,14,OKC,Oklahoma City Thunder,2023-02-07,2022-23,Pre-ASG
1610612752,9,0022200816,11,NYK,New York Knicks,2023-02-07,2022-23,Pre-ASG
1610612753,10,0022200816,13,ORL,Orlando Magic,2023-02-07,2022-23,Pre-ASG
1610612737,9,0022200818,13,ATL,Atlanta Hawks,2023-02-07,2022-23,Pre-ASG
1610612740,9,0022200818,13,NOP,New Orleans Pelicans,2023-02-07,2022-23,Pre-ASG
1610612745,12,0022200812,14,HOU,Houston Rockets,2023-02-06,2022-23,Pre-ASG
1610612758,14,0022200812,15,SAC,Sacramento Kings,2023-02-06,2022-23,Pre-ASG
1610612749,12,0022200815,26,MIL,Milwaukee Bucks,2023-02-06,2022-23,Pre-ASG
1610612757,12,0022200815,8,POR,Portland Trail Blazers,2023-02-06,2022-23,Pre-ASG
1610612746,9,0022200810,16,LAC,LA Clippers,2023-02-06,2022-23,Pre-ASG
1610612751,11,0022200810,16,BKN,Brooklyn Nets,2023-02-06,2022-23,Pre-ASG
1610612738,9,0022200808,13,BOS,Boston Celtics,2023-02-06,2022-23,Pre-ASG
1610612765,9,0022200808,12,DET,Detroit Pistons,2023-02-06,2022-23,Pre-ASG
1610612744,11,0022200814,17,GSW,Golden State Warriors,2023-02-06,2022-23,Pre-ASG
1610612760,12,0022200814,16,OKC,Oklahoma City Thunder,2023-02-06,2022-23,Pre-ASG
1610612739,12,0022200809,18,CLE,Cleveland Cavaliers,2023-02-06,2022-23,Pre-ASG
1610612764,12,0022200809,16,WAS,Washington Wizards,2023-02-06,2022-23,Pre-ASG
1610612742,12,0022200813,17,DAL,Dallas Mavericks,2023-02-06,2022-23,Pre-ASG
1610612762,10,0022200813,17,UTA,Utah Jazz,2023-02-06,2022-23,Pre-ASG
1610612741,11,0022200811,13,CHI,Chicago Bulls,2023-02-06,2022-23,Pre-ASG
1610612759,11,0022200811,14,SAS,San Antonio Spurs,2023-02-06,2022-23,Pre-ASG
1610612753,10,0022200802,9,ORL,Orlando Magic,2023-02-05,2022-23,Pre-ASG
1610612766,9,0022200802,10,CHA,Charlotte Hornets,2023-02-05,2022-23,Pre-ASG
1610612761,8,0022200805,12,TOR,Toronto Raptors,2023-02-05,2022-23,Pre-ASG
1610612763,10,0022200805,17,MEM,Memphis Grizzlies,2023-02-05,2022-23,Pre-ASG
1610612740,11,0022200807,15,NOP,New Orleans Pelicans,2023-02-05,2022-23,Pre-ASG
1610612758,13,0022200807,19,SAC,Sacramento Kings,2023-02-05,2022-23,Pre-ASG
1610612752,9,0022200804,14,NYK,New York Knicks,2023-02-05,2022-23,Pre-ASG
1610612755,11,0022200804,18,PHI,Philadelphia 76ers,2023-02-05,2022-23,Pre-ASG
1610612739,12,0022200803,15,CLE,Cleveland Cavaliers,2023-02-05,2022-23,Pre-ASG
1610612754,12,0022200803,15,IND,Indiana Pacers,2023-02-05,2022-23,Pre-ASG
1610612743,10,0022200806,13,DEN,Denver Nuggets,2023-02-05,2022-23,Pre-ASG
1610612750,13,0022200806,22,MIN,Minnesota Timberwolves,2023-02-05,2022-23,Pre-ASG
1610612748,8,0022200797,9,MIA,Miami Heat,2023-02-04,2022-23,Pre-ASG
1610612749,9,0022200797,16,MIL,Milwaukee Bucks,2023-02-04,2022-23,Pre-ASG
1610612742,11,0022200800,15,DAL,Dallas Mavericks,2023-02-04,2022-23,Pre-ASG
1610612744,10,0022200800,17,GSW,Golden State Warriors,2023-02-04,2022-23,Pre-ASG
1610612737,12,0022200801,13,ATL,Atlanta Hawks,2023-02-04,2022-23,Pre-ASG
1610612743,12,0022200801,13,DEN,Denver Nuggets,2023-02-04,2022-23,Pre-ASG
1610612756,10,0022200794,11,PHX,Phoenix Suns,2023-02-04,2022-23,Pre-ASG
1610612765,10,0022200794,13,DET,Detroit Pistons,2023-02-04,2022-23,Pre-ASG
1610612751,10,0022200793,16,BKN,Brooklyn Nets,2023-02-04,2022-23,Pre-ASG
1610612764,10,0022200793,19,WAS,Washington Wizards,2023-02-04,2022-23,Pre-ASG
1610612745,12,0022200799,18,HOU,Houston Rockets,2023-02-04,2022-23,Pre-ASG
1610612760,11,0022200799,17,OKC,Oklahoma City Thunder,2023-02-04,2022-23,Pre-ASG
1610612746,8,0022200795,15,LAC,LA Clippers,2023-02-04,2022-23,Pre-ASG
1610612752,9,0022200795,13,NYK,New York Knicks,2023-02-04,2022-23,Pre-ASG
1610612740,10,0022200798,16,NOP,New Orleans Pelicans,2023-02-04,2022-23,Pre-ASG
1610612747,10,0022200798,13,LAL,Los Angeles Lakers,2023-02-04,2022-23,Pre-ASG
1610612741,10,0022200796,12,CHI,Chicago Bulls,2023-02-04,2022-23,Pre-ASG
1610612757,9,0022200796,13,POR,Portland Trail Blazers,2023-02-04,2022-23,Pre-ASG
1610612755,13,0022200791,14,PHI,Philadelphia 76ers,2023-02-03,2022-23,Pre-ASG
1610612759,11,0022200791,17,SAS,San Antonio Spurs,2023-02-03,2022-23,Pre-ASG
1610612745,11,0022200789,16,HOU,Houston Rockets,2023-02-03,2022-23,Pre-ASG
1610612761,10,0022200789,15,TOR,Toronto Raptors,2023-02-03,2022-23,Pre-ASG
1610612737,9,0022200792,11,ATL,Atlanta Hawks,2023-02-03,2022-23,Pre-ASG
1610612762,11,0022200792,15,UTA,Utah Jazz,2023-02-03,2022-23,Pre-ASG
1610612754,9,0022200786,14,IND,Indiana Pacers,2023-02-03,2022-23,Pre-ASG
1610612758,10,0022200786,13,SAC,Sacramento Kings,2023-02-03,2022-23,Pre-ASG
1610612750,13,0022200790,23,MIN,Minnesota Timberwolves,2023-02-03,2022-23,Pre-ASG
1610612753,11,0022200790,13,ORL,Orlando Magic,2023-02-03,2022-23,Pre-ASG
1610612738,11,0022200788,14,BOS,Boston Celtics,2023-02-03,2022-23,Pre-ASG
1610612756,9,0022200788,14,PHX,Phoenix Suns,2023-02-03,2022-23,Pre-ASG
1610612765,9,0022200785,12,DET,Detroit Pistons,2023-02-03,2022-23,Pre-ASG
1610612766,10,0022200785,10,CHA,Charlotte Hornets,2023-02-03,2022-23,Pre-ASG
1610612757,9,0022200787,10,POR,Portland Trail Blazers,2023-02-03,2022-23,Pre-ASG
1610612764,9,0022200787,15,WAS,Washington Wizards,2023-02-03,2022-23,Pre-ASG
1610612739,10,0022200779,19,CLE,Cleveland Cavaliers,2023-02-02,2022-23,Pre-ASG
1610612763,11,0022200779,21,MEM,Memphis Grizzlies,2023-02-02,2022-23,Pre-ASG
1610612748,9,0022200780,13,MIA,Miami Heat,2023-02-02,2022-23,Pre-ASG
1610612752,9,0022200780,10,NYK,New York Knicks,2023-02-02,2022-23,Pre-ASG
1610612746,9,0022200784,13,LAC,LA Clippers,2023-02-02,2022-23,Pre-ASG
1610612749,10,0022200784,25,MIL,Milwaukee Bucks,2023-02-02,2022-23,Pre-ASG
1610612740,9,0022200782,14,NOP,New Orleans Pelicans,2023-02-02,2022-23,Pre-ASG
1610612742,10,0022200782,16,DAL,Dallas Mavericks,2023-02-02,2022-23,Pre-ASG
1610612747,9,0022200778,15,LAL,Los Angeles Lakers,2023-02-02,2022-23,Pre-ASG
1610612754,11,0022200778,16,IND,Indiana Pacers,2023-02-02,2022-23,Pre-ASG
1610612741,10,0022200781,18,CHI,Chicago Bulls,2023-02-02,2022-23,Pre-ASG
1610612766,9,0022200781,10,CHA,Charlotte Hornets,2023-02-02,2022-23,Pre-ASG
1610612743,12,0022200783,12,DEN,Denver Nuggets,2023-02-02,2022-23,Pre-ASG
1610612744,10,0022200783,17,GSW,Golden State Warriors,2023-02-02,2022-23,Pre-ASG
1610612761,10,0022200776,13,TOR,Toronto Raptors,2023-02-01,2022-23,Pre-ASG
1610612762,10,0022200776,15,UTA,Utah Jazz,2023-02-01,2022-23,Pre-ASG
1610612745,10,0022200773,24,HOU,Houston Rockets,2023-02-01,2022-23,Pre-ASG
1610612760,11,0022200773,22,OKC,Oklahoma City Thunder,2023-02-01,2022-23,Pre-ASG
1610612737,14,0022200777,12,ATL,Atlanta Hawks,2023-02-01,2022-23,Pre-ASG
1610612756,12,0022200777,18,PHX,Phoenix Suns,2023-02-01,2022-23,Pre-ASG
1610612738,12,0022200772,13,BOS,Boston Celtics,2023-02-01,2022-23,Pre-ASG
1610612751,11,0022200772,11,BKN,Brooklyn Nets,2023-02-01,2022-23,Pre-ASG
1610612757,11,0022200771,17,POR,Portland Trail Blazers,2023-02-01,2022-23,Pre-ASG
1610612763,10,0022200771,17,MEM,Memphis Grizzlies,2023-02-01,2022-23,Pre-ASG
1610612753,9,0022200770,10,ORL,Orlando Magic,2023-02-01,2022-23,Pre-ASG
1610612755,11,0022200770,14,PHI,Philadelphia 76ers,2023-02-01,2022-23,Pre-ASG
1610612744,9,0022200774,17,GSW,Golden State Warriors,2023-02-01,2022-23,Pre-ASG
1610612750,9,0022200774,18,MIN,Minnesota Timberwolves,2023-02-01,2022-23,Pre-ASG
1610612758,10,0022200775,11,SAC,Sacramento Kings,2023-02-01,2022-23,Pre-ASG
1610612759,12,0022200775,22,SAS,San Antonio Spurs,2023-02-01,2022-23,Pre-ASG
1610612739,9,0022200764,19,CLE,Cleveland Cavaliers,2023-01-31,2022-23,Pre-ASG
1610612748,9,0022200764,13,MIA,Miami Heat,2023-01-31,2022-23,Pre-ASG
1610612741,10,0022200766,18,CHI,Chicago Bulls,2023-01-31,2022-23,Pre-ASG
1610612746,9,0022200766,14,LAC,LA Clippers,2023-01-31,2022-23,Pre-ASG
1610612740,10,0022200768,16,NOP,New Orleans Pelicans,2023-01-31,2022-23,Pre-ASG
1610612743,10,0022200768,13,DEN,Denver Nuggets,2023-01-31,2022-23,Pre-ASG
1610612747,9,0022200765,17,LAL,Los Angeles Lakers,2023-01-31,2022-23,Pre-ASG
1610612752,9,0022200765,9,NYK,New York Knicks,2023-01-31,2022-23,Pre-ASG
1610612749,10,0022200767,23,MIL,Milwaukee Bucks,2023-01-31,2022-23,Pre-ASG
1610612766,9,0022200767,11,CHA,Charlotte Hornets,2023-01-31,2022-23,Pre-ASG
1610612747,11,0022200757,12,LAL,Los Angeles Lakers,2023-01-30,2022-23,Pre-ASG
1610612751,11,0022200757,17,BKN,Brooklyn Nets,2023-01-30,2022-23,Pre-ASG
1610612753,11,0022200756,13,ORL,Orlando Magic,2023-01-30,2022-23,Pre-ASG
1610612755,11,0022200756,12,PHI,Philadelphia 76ers,2023-01-30,2022-23,Pre-ASG
1610612759,11,0022200760,19,SAS,San Antonio Spurs,2023-01-30,2022-23,Pre-ASG
1610612764,10,0022200760,14,WAS,Washington Wizards,2023-01-30,2022-23,Pre-ASG
1610612750,10,0022200758,14,MIN,Minnesota Timberwolves,2023-01-30,2022-23,Pre-ASG
1610612758,10,0022200758,17,SAC,Sacramento Kings,2023-01-30,2022-23,Pre-ASG
1610612737,9,0022200763,9,ATL,Atlanta Hawks,2023-01-30,2022-23,Pre-ASG
1610612757,9,0022200763,13,POR,Portland Trail Blazers,2023-01-30,2022-23,Pre-ASG
1610612742,10,0022200761,14,DAL,Dallas Mavericks,2023-01-30,2022-23,Pre-ASG
1610612765,9,0022200761,16,DET,Detroit Pistons,2023-01-30,2022-23,Pre-ASG
1610612756,12,0022200762,16,PHX,Phoenix Suns,2023-01-30,2022-23,Pre-ASG
1610612761,10,0022200762,14,TOR,Toronto Raptors,2023-01-30,2022-23,Pre-ASG
1610612744,9,0022200759,15,GSW,Golden State Warriors,2023-01-30,2022-23,Pre-ASG
1610612760,11,0022200759,16,OKC,Oklahoma City Thunder,2023-01-30,2022-23,Pre-ASG
1610612740,9,0022200755,14,NOP,New Orleans Pelicans,2023-01-29,2022-23,Pre-ASG
1610612749,13,0022200755,19,MIL,Milwaukee Bucks,2023-01-29,2022-23,Pre-ASG
1610612748,9,0022200752,10,MIA,Miami Heat,2023-01-29,2022-23,Pre-ASG
1610612766,9,0022200752,13,CHA,Charlotte Hornets,2023-01-29,2022-23,Pre-ASG
1610612754,9,0022200753,15,IND,Indiana Pacers,2023-01-29,2022-23,Pre-ASG
1610612763,10,0022200753,16,MEM,Memphis Grizzlies,2023-01-29,2022-23,Pre-ASG
1610612739,12,0022200754,15,CLE,Cleveland Cavaliers,2023-01-29,2022-23,Pre-ASG
1610612746,10,0022200754,12,LAC,LA Clippers,2023-01-29,2022-23,Pre-ASG
1610612750,11,0022200746,16,MIN,Minnesota Timberwolves,2023-01-28,2022-23,Pre-ASG
1610612758,11,0022200746,15,SAC,Sacramento Kings,2023-01-28,2022-23,Pre-ASG
1610612742,12,0022200750,12,DAL,Dallas Mavericks,2023-01-28,2022-23,Pre-ASG
1610612762,10,0022200750,16,UTA,Utah Jazz,2023-01-28,2022-23,Pre-ASG
1610612751,10,0022200742,14,BKN,Brooklyn Nets,2023-01-28,2022-23,Pre-ASG
1610612752,9,0022200742,7,NYK,New York Knicks,2023-01-28,2022-23,Pre-ASG
1610612745,11,0022200743,22,HOU,Houston Rockets,2023-01-28,2022-23,Pre-ASG
1610612765,10,0022200743,13,DET,Detroit Pistons,2023-01-28,2022-23,Pre-ASG
1610612757,11,0022200751,10,POR,Portland Trail Blazers,2023-01-28,2022-23,Pre-ASG
1610612761,12,0022200751,14,TOR,Toronto Raptors,2023-01-28,2022-23,Pre-ASG
1610612743,9,0022200741,8,DEN,Denver Nuggets,2023-01-28,2022-23,Pre-ASG
1610612755,10,0022200741,11,PHI,Philadelphia 76ers,2023-01-28,2022-23,Pre-ASG
1610612737,10,0022200745,12,ATL,Atlanta Hawks,2023-01-28,2022-23,Pre-ASG
1610612746,9,0022200745,15,LAC,LA Clippers,2023-01-28,2022-23,Pre-ASG
1610612738,9,0022200749,12,BOS,Boston Celtics,2023-01-28,2022-23,Pre-ASG
1610612747,9,0022200749,17,LAL,Los Angeles Lakers,2023-01-28,2022-23,Pre-ASG
1610612741,9,0022200744,17,CHI,Chicago Bulls,2023-01-28,2022-23,Pre-ASG
1610612753,11,0022200744,10,ORL,Orlando Magic,2023-01-28,2022-23,Pre-ASG
1610612740,10,0022200747,17,NOP,New Orleans Pelicans,2023-01-28,2022-23,Pre-ASG
1610612764,9,0022200747,14,WAS,Washington Wizards,2023-01-28,2022-23,Pre-ASG
1610612756,10,0022200748,13,PHX,Phoenix Suns,2023-01-28,2022-23,Pre-ASG
1610612759,10,0022200748,12,SAS,San Antonio Spurs,2023-01-28,2022-23,Pre-ASG
1610612750,9,0022200737,15,MIN,Minnesota Timberwolves,2023-01-27,2022-23,Pre-ASG
1610612763,10,0022200737,14,MEM,Memphis Grizzlies,2023-01-27,2022-23,Pre-ASG
1610612744,9,0022200740,15,GSW,Golden State Warriors,2023-01-27,2022-23,Pre-ASG
1610612761,9,0022200740,13,TOR,Toronto Raptors,2023-01-27,2022-23,Pre-ASG
1610612749,10,0022200736,17,MIL,Milwaukee Bucks,2023-01-27,2022-23,Pre-ASG
1610612754,10,0022200736,14,IND,Indiana Pacers,2023-01-27,2022-23,Pre-ASG
1610612739,9,0022200739,17,CLE,Cleveland Cavaliers,2023-01-27,2022-23,Pre-ASG
1610612760,11,0022200739,20,OKC,Oklahoma City Thunder,2023-01-27,2022-23,Pre-ASG
1610612748,10,0022200738,14,MIA,Miami Heat,2023-01-27,2022-23,Pre-ASG
1610612753,9,0022200738,10,ORL,Orlando Magic,2023-01-27,2022-23,Pre-ASG
1610612738,10,0022200730,17,BOS,Boston Celtics,2023-01-26,2022-23,Pre-ASG
1610612752,9,0022200730,12,NYK,New York Knicks,2023-01-26,2022-23,Pre-ASG
1610612742,10,0022200734,15,DAL,Dallas Mavericks,2023-01-26,2022-23,Pre-ASG
1610612756,13,0022200734,20,PHX,Phoenix Suns,2023-01-26,2022-23,Pre-ASG
1610612746,13,0022200735,12,LAC,LA Clippers,2023-01-26,2022-23,Pre-ASG
1610612759,11,0022200735,15,SAS,San Antonio Spurs,2023-01-26,2022-23,Pre-ASG
1610612751,11,0022200731,19,BKN,Brooklyn Nets,2023-01-26,2022-23,Pre-ASG
1610612765,9,0022200731,12,DET,Detroit Pistons,2023-01-26,2022-23,Pre-ASG
1610612739,11,0022200733,19,CLE,Cleveland Cavaliers,2023-01-26,2022-23,Pre-ASG
1610612745,11,0022200733,14,HOU,Houston Rockets,2023-01-26,2022-23,Pre-ASG
1610612741,9,0022200732,13,CHI,Chicago Bulls,2023-01-26,2022-23,Pre-ASG
1610612766,9,0022200732,11,CHA,Charlotte Hornets,2023-01-26,2022-23,Pre-ASG
1610612751,10,0022200721,14,BKN,Brooklyn Nets,2023-01-25,2022-23,Pre-ASG
1610612755,10,0022200721,10,PHI,Philadelphia 76ers,2023-01-25,2022-23,Pre-ASG
1610612737,9,0022200725,14,ATL,Atlanta Hawks,2023-01-25,2022-23,Pre-ASG
1610612760,11,0022200725,20,OKC,Oklahoma City Thunder,2023-01-25,2022-23,Pre-ASG
1610612743,10,0022200723,11,DEN,Denver Nuggets,2023-01-25,2022-23,Pre-ASG
1610612749,10,0022200723,21,MIL,Milwaukee Bucks,2023-01-25,2022-23,Pre-ASG
1610612745,10,0022200722,12,HOU,Houston Rockets,2023-01-25,2022-23,Pre-ASG
1610612764,11,0022200722,19,WAS,Washington Wizards,2023-01-25,2022-23,Pre-ASG
1610612740,10,0022200724,17,NOP,New Orleans Pelicans,2023-01-25,2022-23,Pre-ASG
1610612750,10,0022200724,14,MIN,Minnesota Timberwolves,2023-01-25,2022-23,Pre-ASG
1610612753,11,0022200720,15,ORL,Orlando Magic,2023-01-25,2022-23,Pre-ASG
1610612754,10,0022200720,16,IND,Indiana Pacers,2023-01-25,2022-23,Pre-ASG
1610612757,10,0022200727,12,POR,Portland Trail Blazers,2023-01-25,2022-23,Pre-ASG
1610612762,14,0022200727,17,UTA,Utah Jazz,2023-01-25,2022-23,Pre-ASG
1610612744,9,0022200726,18,GSW,Golden State Warriors,2023-01-25,2022-23,Pre-ASG
1610612763,10,0022200726,17,MEM,Memphis Grizzlies,2023-01-25,2022-23,Pre-ASG
1610612758,10,0022200728,14,SAC,Sacramento Kings,2023-01-25,2022-23,Pre-ASG
1610612761,8,0022200728,10,TOR,Toronto Raptors,2023-01-25,2022-23,Pre-ASG
1610612747,12,0022200729,15,LAL,Los Angeles Lakers,2023-01-25,2022-23,Pre-ASG
1610612759,11,0022200729,23,SAS,San Antonio Spurs,2023-01-25,2022-23,Pre-ASG
1610612756,12,0022200718,14,PHX,Phoenix Suns,2023-01-24,2022-23,Pre-ASG
1610612766,12,0022200718,12,CHA,Charlotte Hornets,2023-01-24,2022-23,Pre-ASG
1610612742,8,0022200717,12,DAL,Dallas Mavericks,2023-01-24,2022-23,Pre-ASG
1610612764,10,0022200717,18,WAS,Washington Wizards,2023-01-24,2022-23,Pre-ASG
1610612740,11,0022200716,18,NOP,New Orleans Pelicans,2023-01-24,2022-23,Pre-ASG
1610612743,9,0022200716,10,DEN,Denver Nuggets,2023-01-24,2022-23,Pre-ASG
1610612738,9,0022200714,16,BOS,Boston Celtics,2023-01-24,2022-23,Pre-ASG
1610612748,9,0022200714,15,MIA,Miami Heat,2023-01-24,2022-23,Pre-ASG
1610612741,9,0022200713,16,CHI,Chicago Bulls,2023-01-24,2022-23,Pre-ASG
1610612754,10,0022200713,15,IND,Indiana Pacers,2023-01-24,2022-23,Pre-ASG
1610612746,11,0022200719,17,LAC,LA Clippers,2023-01-24,2022-23,Pre-ASG
1610612747,12,0022200719,14,LAL,Los Angeles Lakers,2023-01-24,2022-23,Pre-ASG
1610612739,11,0022200715,17,CLE,Cleveland Cavaliers,2023-01-24,2022-23,Pre-ASG
1610612752,9,0022200715,11,NYK,New York Knicks,2023-01-24,2022-23,Pre-ASG
1610612737,9,0022200708,14,ATL,Atlanta Hawks,2023-01-23,2022-23,Pre-ASG
1610612741,9,0022200708,16,CHI,Chicago Bulls,2023-01-23,2022-23,Pre-ASG
1610612762,14,0022200710,17,UTA,Utah Jazz,2023-01-23,2022-23,Pre-ASG
1610612766,11,0022200710,18,CHA,Charlotte Hornets,2023-01-23,2022-23,Pre-ASG
1610612757,14,0022200711,12,POR,Portland Trail Blazers,2023-01-23,2022-23,Pre-ASG
1610612759,13,0022200711,20,SAS,San Antonio Spurs,2023-01-23,2022-23,Pre-ASG
1610612758,14,0022200712,10,SAC,Sacramento Kings,2023-01-23,2022-23,Pre-ASG
1610612763,14,0022200712,17,MEM,Memphis Grizzlies,2023-01-23,2022-23,Pre-ASG
1610612745,11,0022200709,16,HOU,Houston Rockets,2023-01-23,2022-23,Pre-ASG
1610612750,10,0022200709,14,MIN,Minnesota Timberwolves,2023-01-23,2022-23,Pre-ASG
1610612738,12,0022200707,15,BOS,Boston Celtics,2023-01-23,2022-23,Pre-ASG
1610612753,10,0022200707,9,ORL,Orlando Magic,2023-01-23,2022-23,Pre-ASG
1610612749,14,0022200706,25,MIL,Milwaukee Bucks,2023-01-23,2022-23,Pre-ASG
1610612765,11,0022200706,15,DET,Detroit Pistons,2023-01-23,2022-23,Pre-ASG
1610612747,10,0022200705,17,LAL,Los Angeles Lakers,2023-01-22,2022-23,Pre-ASG
1610612757,9,0022200705,15,POR,Portland Trail Blazers,2023-01-22,2022-23,Pre-ASG
1610612752,9,0022200700,9,NYK,New York Knicks,2023-01-22,2022-23,Pre-ASG
1610612761,10,0022200700,11,TOR,Toronto Raptors,2023-01-22,2022-23,Pre-ASG
1610612742,9,0022200701,16,DAL,Dallas Mavericks,2023-01-22,2022-23,Pre-ASG
1610612746,9,0022200701,14,LAC,LA Clippers,2023-01-22,2022-23,Pre-ASG
1610612756,11,0022200703,16,PHX,Phoenix Suns,2023-01-22,2022-23,Pre-ASG
1610612763,10,0022200703,15,MEM,Memphis Grizzlies,2023-01-22,2022-23,Pre-ASG
1610612740,9,0022200699,16,NOP,New Orleans Pelicans,2023-01-22,2022-23,Pre-ASG
1610612748,9,0022200699,11,MIA,Miami Heat,2023-01-22,2022-23,Pre-ASG
1610612743,9,0022200702,10,DEN,Denver Nuggets,2023-01-22,2022-23,Pre-ASG
1610612760,11,0022200702,18,OKC,Oklahoma City Thunder,2023-01-22,2022-23,Pre-ASG
1610612744,9,0022200704,19,GSW,Golden State Warriors,2023-01-22,2022-23,Pre-ASG
1610612751,9,0022200704,21,BKN,Brooklyn Nets,2023-01-22,2022-23,Pre-ASG
1610612745,10,0022200696,12,HOU,Houston Rockets,2023-01-21,2022-23,Pre-ASG
1610612750,10,0022200696,19,MIN,Minnesota Timberwolves,2023-01-21,2022-23,Pre-ASG
1610612755,10,0022200698,22,PHI,Philadelphia 76ers,2023-01-21,2022-23,Pre-ASG
1610612758,12,0022200698,14,SAC,Sacramento Kings,2023-01-21,2022-23,Pre-ASG
1610612739,10,0022200695,15,CLE,Cleveland Cavaliers,2023-01-21,2022-23,Pre-ASG
1610612749,10,0022200695,18,MIL,Milwaukee Bucks,2023-01-21,2022-23,Pre-ASG
1610612754,9,0022200697,13,IND,Indiana Pacers,2023-01-21,2022-23,Pre-ASG
1610612756,10,0022200697,20,PHX,Phoenix Suns,2023-01-21,2022-23,Pre-ASG
1610612753,12,0022200693,18,ORL,Orlando Magic,2023-01-21,2022-23,Pre-ASG
1610612764,11,0022200693,20,WAS,Washington Wizards,2023-01-21,2022-23,Pre-ASG
1610612738,10,0022200692,15,BOS,Boston Celtics,2023-01-21,2022-23,Pre-ASG
1610612761,9,0022200692,12,TOR,Toronto Raptors,2023-01-21,2022-23,Pre-ASG
1610612737,9,0022200694,17,ATL,Atlanta Hawks,2023-01-21,2022-23,Pre-ASG
1610612766,9,0022200694,13,CHA,Charlotte Hornets,2023-01-21,2022-23,Pre-ASG
1610612742,12,0022200686,14,DAL,Dallas Mavericks,2023-01-20,2022-23,Pre-ASG
1610612748,10,0022200686,12,MIA,Miami Heat,2023-01-20,2022-23,Pre-ASG
1610612743,12,0022200688,18,DEN,Denver Nuggets,2023-01-20,2022-23,Pre-ASG
1610612754,14,0022200688,18,IND,Indiana Pacers,2023-01-20,2022-23,Pre-ASG
1610612746,10,0022200687,17,LAC,LA Clippers,2023-01-20,2022-23,Pre-ASG
1610612759,10,0022200687,12,SAS,San Antonio Spurs,2023-01-20,2022-23,Pre-ASG
1610612747,10,0022200690,27,LAL,Los Angeles Lakers,2023-01-20,2022-23,Pre-ASG
1610612763,10,0022200690,19,MEM,Memphis Grizzlies,2023-01-20,2022-23,Pre-ASG
1610612739,9,0022200685,17,CLE,Cleveland Cavaliers,2023-01-20,2022-23,Pre-ASG
1610612744,9,0022200685,14,GSW,Golden State Warriors,2023-01-20,2022-23,Pre-ASG
1610612758,10,0022200691,13,SAC,Sacramento Kings,2023-01-20,2022-23,Pre-ASG
1610612760,10,0022200691,17,OKC,Oklahoma City Thunder,2023-01-20,2022-23,Pre-ASG
1610612751,10,0022200689,20,BKN,Brooklyn Nets,2023-01-20,2022-23,Pre-ASG
1610612762,10,0022200689,12,UTA,Utah Jazz,2023-01-20,2022-23,Pre-ASG
1610612737,13,0022200684,15,ATL,Atlanta Hawks,2023-01-20,2022-23,Pre-ASG
1610612752,11,0022200684,13,NYK,New York Knicks,2023-01-20,2022-23,Pre-ASG
1610612740,9,0022200683,17,NOP,New Orleans Pelicans,2023-01-20,2022-23,Pre-ASG
1610612753,12,0022200683,13,ORL,Orlando Magic,2023-01-20,2022-23,Pre-ASG
1610612741,14,0022200678,21,CHI,Chicago Bulls,2023-01-19,2022-23,Pre-ASG
1610612765,9,0022200678,12,DET,Detroit Pistons,2023-01-19,2022-23,Pre-ASG
1610612750,11,0022200680,14,MIN,Minnesota Timberwolves,2023-01-19,2022-23,Pre-ASG
1610612761,9,0022200680,11,TOR,Toronto Raptors,2023-01-19,2022-23,Pre-ASG
1610612751,11,0022200681,18,BKN,Brooklyn Nets,2023-01-19,2022-23,Pre-ASG
1610612756,10,0022200681,20,PHX,Phoenix Suns,2023-01-19,2022-23,Pre-ASG
1610612755,10,0022200682,11,PHI,Philadelphia 76ers,2023-01-19,2022-23,Pre-ASG
1610612757,9,0022200682,9,POR,Portland Trail Blazers,2023-01-19,2022-23,Pre-ASG
1610612738,9,0022200679,12,BOS,Boston Celtics,2023-01-19,2022-23,Pre-ASG
1610612744,8,0022200679,13,GSW,Golden State Warriors,2023-01-19,2022-23,Pre-ASG
1610612745,10,0022200671,15,HOU,Houston Rockets,2023-01-18,2022-23,Pre-ASG
1610612766,9,0022200671,14,CHA,Charlotte Hornets,2023-01-18,2022-23,Pre-ASG
1610612740,12,0022200673,15,NOP,New Orleans Pelicans,2023-01-18,2022-23,Pre-ASG
1610612748,10,0022200673,9,MIA,Miami Heat,2023-01-18,2022-23,Pre-ASG
1610612739,10,0022200672,13,CLE,Cleveland Cavaliers,2023-01-18,2022-23,Pre-ASG
1610612763,10,0022200672,13,MEM,Memphis Grizzlies,2023-01-18,2022-23,Pre-ASG
1610612737,9,0022200670,17,ATL,Atlanta Hawks,2023-01-18,2022-23,Pre-ASG
1610612742,10,0022200670,16,DAL,Dallas Mavericks,2023-01-18,2022-23,Pre-ASG
1610612747,10,0022200677,21,LAL,Los Angeles Lakers,2023-01-18,2022-23,Pre-ASG
1610612758,10,0022200677,18,SAC,Sacramento Kings,2023-01-18,2022-23,Pre-ASG
1610612743,10,0022200676,17,DEN,Denver Nuggets,2023-01-18,2022-23,Pre-ASG
1610612750,10,0022200676,19,MIN,Minnesota Timberwolves,2023-01-18,2022-23,Pre-ASG
1610612752,10,0022200669,14,NYK,New York Knicks,2023-01-18,2022-23,Pre-ASG
1610612764,10,0022200669,16,WAS,Washington Wizards,2023-01-18,2022-23,Pre-ASG
1610612754,12,0022200674,17,IND,Indiana Pacers,2023-01-18,2022-23,Pre-ASG
1610612760,11,0022200674,17,OKC,Oklahoma City Thunder,2023-01-18,2022-23,Pre-ASG
1610612746,11,0022200675,12,LAC,LA Clippers,2023-01-18,2022-23,Pre-ASG
1610612762,14,0022200675,16,UTA,Utah Jazz,2023-01-18,2022-23,Pre-ASG
1610612749,10,0022200665,19,MIL,Milwaukee Bucks,2023-01-17,2022-23,Pre-ASG
1610612761,8,0022200665,10,TOR,Toronto Raptors,2023-01-17,2022-23,Pre-ASG
1610612751,12,0022200666,15,BKN,Brooklyn Nets,2023-01-17,2022-23,Pre-ASG
1610612759,11,0022200666,25,SAS,San Antonio Spurs,2023-01-17,2022-23,Pre-ASG
1610612743,12,0022200667,14,DEN,Denver Nuggets,2023-01-17,2022-23,Pre-ASG
1610612757,13,0022200667,13,POR,Portland Trail Blazers,2023-01-17,2022-23,Pre-ASG
1610612746,12,0022200668,18,LAC,LA Clippers,2023-01-17,2022-23,Pre-ASG
1610612755,14,0022200668,17,PHI,Philadelphia 76ers,2023-01-17,2022-23,Pre-ASG
1610612737,9,0022200661,14,ATL,Atlanta Hawks,2023-01-16,2022-23,Pre-ASG
1610612748,9,0022200661,13,MIA,Miami Heat,2023-01-16,2022-23,Pre-ASG
1610612750,11,0022200662,23,MIN,Minnesota Timberwolves,2023-01-16,2022-23,Pre-ASG
1610612762,10,0022200662,18,UTA,Utah Jazz,2023-01-16,2022-23,Pre-ASG
1610612749,10,0022200657,24,MIL,Milwaukee Bucks,2023-01-16,2022-23,Pre-ASG
1610612754,10,0022200657,16,IND,Indiana Pacers,2023-01-16,2022-23,Pre-ASG
1610612738,10,0022200656,12,BOS,Boston Celtics,2023-01-16,2022-23,Pre-ASG
1610612766,9,0022200656,13,CHA,Charlotte Hornets,2023-01-16,2022-23,Pre-ASG
1610612756,11,0022200663,18,PHX,Phoenix Suns,2023-01-16,2022-23,Pre-ASG
1610612763,13,0022200663,15,MEM,Memphis Grizzlies,2023-01-16,2022-23,Pre-ASG
1610612739,10,0022200658,14,CLE,Cleveland Cavaliers,2023-01-16,2022-23,Pre-ASG
1610612740,9,0022200658,11,NOP,New Orleans Pelicans,2023-01-16,2022-23,Pre-ASG
1610612752,9,0022200659,13,NYK,New York Knicks,2023-01-16,2022-23,Pre-ASG
1610612761,9,0022200659,11,TOR,Toronto Raptors,2023-01-16,2022-23,Pre-ASG
1610612745,10,0022200664,12,HOU,Houston Rockets,2023-01-16,2022-23,Pre-ASG
1610612747,10,0022200664,20,LAL,Los Angeles Lakers,2023-01-16,2022-23,Pre-ASG
1610612744,9,0022200660,13,GSW,Golden State Warriors,2023-01-16,2022-23,Pre-ASG
1610612764,9,0022200660,15,WAS,Washington Wizards,2023-01-16,2022-23,Pre-ASG
1610612741,9,0022200650,14,CHI,Chicago Bulls,2023-01-15,2022-23,Pre-ASG
1610612744,11,0022200650,20,GSW,Golden State Warriors,2023-01-15,2022-23,Pre-ASG
1610612747,9,0022200655,18,LAL,Los Angeles Lakers,2023-01-15,2022-23,Pre-ASG
1610612755,10,0022200655,19,PHI,Philadelphia 76ers,2023-01-15,2022-23,Pre-ASG
1610612758,11,0022200652,16,SAC,Sacramento Kings,2023-01-15,2022-23,Pre-ASG
1610612759,11,0022200652,18,SAS,San Antonio Spurs,2023-01-15,2022-23,Pre-ASG
1610612751,11,0022200651,21,BKN,Brooklyn Nets,2023-01-15,2022-23,Pre-ASG
1610612760,11,0022200651,19,OKC,Oklahoma City Thunder,2023-01-15,2022-23,Pre-ASG
1610612742,10,0022200654,16,DAL,Dallas Mavericks,2023-01-15,2022-23,Pre-ASG
1610612757,13,0022200654,17,POR,Portland Trail Blazers,2023-01-15,2022-23,Pre-ASG
1610612743,10,0022200653,10,DEN,Denver Nuggets,2023-01-15,2022-23,Pre-ASG
1610612753,11,0022200653,12,ORL,Orlando Magic,2023-01-15,2022-23,Pre-ASG
1610612745,11,0022200649,13,HOU,Houston Rockets,2023-01-15,2022-23,Pre-ASG
1610612746,11,0022200649,14,LAC,LA Clippers,2023-01-15,2022-23,Pre-ASG
1610612752,9,0022200648,10,NYK,New York Knicks,2023-01-15,2022-23,Pre-ASG
1610612765,9,0022200648,12,DET,Detroit Pistons,2023-01-15,2022-23,Pre-ASG
1610612738,12,0022200642,18,BOS,Boston Celtics,2023-01-14,2022-23,Pre-ASG
1610612766,12,0022200642,11,CHA,Charlotte Hornets,2023-01-14,2022-23,Pre-ASG
1610612739,10,0022200645,18,CLE,Cleveland Cavaliers,2023-01-14,2022-23,Pre-ASG
1610612750,10,0022200645,19,MIN,Minnesota Timberwolves,2023-01-14,2022-23,Pre-ASG
1610612755,9,0022200646,12,PHI,Philadelphia 76ers,2023-01-14,2022-23,Pre-ASG
1610612762,9,0022200646,19,UTA,Utah Jazz,2023-01-14,2022-23,Pre-ASG
1610612754,12,0022200643,23,IND,Indiana Pacers,2023-01-14,2022-23,Pre-ASG
1610612763,12,0022200643,14,MEM,Memphis Grizzlies,2023-01-14,2022-23,Pre-ASG
1610612742,12,0022200647,15,DAL,Dallas Mavericks,2023-01-14,2022-23,Pre-ASG
1610612757,12,0022200647,11,POR,Portland Trail Blazers,2023-01-14,2022-23,Pre-ASG
1610612737,9,0022200644,11,ATL,Atlanta Hawks,2023-01-14,2022-23,Pre-ASG
1610612761,10,0022200644,11,TOR,Toronto Raptors,2023-01-14,2022-23,Pre-ASG
1610612748,8,0022200641,13,MIA,Miami Heat,2023-01-14,2022-23,Pre-ASG
1610612749,11,0022200641,20,MIL,Milwaukee Bucks,2023-01-14,2022-23,Pre-ASG
1610612753,11,0022200638,15,ORL,Orlando Magic,2023-01-13,2022-23,Pre-ASG
1610612762,10,0022200638,12,UTA,Utah Jazz,2023-01-13,2022-23,Pre-ASG
1610612737,9,0022200633,15,ATL,Atlanta Hawks,2023-01-13,2022-23,Pre-ASG
1610612754,8,0022200633,15,IND,Indiana Pacers,2023-01-13,2022-23,Pre-ASG
1610612752,9,0022200634,11,NYK,New York Knicks,2023-01-13,2022-23,Pre-ASG
1610612764,9,0022200634,14,WAS,Washington Wizards,2023-01-13,2022-23,Pre-ASG
1610612740,9,0022200632,13,NOP,New Orleans Pelicans,2023-01-13,2022-23,Pre-ASG
1610612765,10,0022200632,12,DET,Detroit Pistons,2023-01-13,2022-23,Pre-ASG
1610612744,10,0022200635,19,GSW,Golden State Warriors,2023-01-13,2022-23,Pre-ASG
1610612759,13,0022200635,24,SAS,San Antonio Spurs,2023-01-13,2022-23,Pre-ASG
1610612741,9,0022200636,15,CHI,Chicago Bulls,2023-01-13,2022-23,Pre-ASG
1610612760,10,0022200636,19,OKC,Oklahoma City Thunder,2023-01-13,2022-23,Pre-ASG
1610612750,9,0022200637,13,MIN,Minnesota Timberwolves,2023-01-13,2022-23,Pre-ASG
1610612756,11,0022200637,16,PHX,Phoenix Suns,2023-01-13,2022-23,Pre-ASG
1610612745,12,0022200640,16,HOU,Houston Rockets,2023-01-13,2022-23,Pre-ASG
1610612758,14,0022200640,14,SAC,Sacramento Kings,2023-01-13,2022-23,Pre-ASG
1610612743,9,0022200639,12,DEN,Denver Nuggets,2023-01-13,2022-23,Pre-ASG
1610612746,9,0022200639,13,LAC,LA Clippers,2023-01-13,2022-23,Pre-ASG
1610612742,9,0022200630,14,DAL,Dallas Mavericks,2023-01-12,2022-23,Pre-ASG
1610612747,11,0022200630,19,LAL,Los Angeles Lakers,2023-01-12,2022-23,Pre-ASG
1610612739,10,0022200631,19,CLE,Cleveland Cavaliers,2023-01-12,2022-23,Pre-ASG
1610612757,9,0022200631,12,POR,Portland Trail Blazers,2023-01-12,2022-23,Pre-ASG
1610612755,13,0022200626,22,PHI,Philadelphia 76ers,2023-01-12,2022-23,Pre-ASG
1610612760,11,0022200626,16,OKC,Oklahoma City Thunder,2023-01-12,2022-23,Pre-ASG
1610612738,9,0022200627,12,BOS,Boston Celtics,2023-01-12,2022-23,Pre-ASG
1610612751,9,0022200627,16,BKN,Brooklyn Nets,2023-01-12,2022-23,Pre-ASG
1610612761,10,0022200629,9,TOR,Toronto Raptors,2023-01-12,2022-23,Pre-ASG
1610612766,10,0022200629,15,CHA,Charlotte Hornets,2023-01-12,2022-23,Pre-ASG
1610612748,8,0022200628,16,MIA,Miami Heat,2023-01-12,2022-23,Pre-ASG
1610612749,9,0022200628,18,MIL,Milwaukee Bucks,2023-01-12,2022-23,Pre-ASG
1610612745,13,0022200625,20,HOU,Houston Rockets,2023-01-11,2022-23,Pre-ASG
1610612758,14,0022200625,13,SAC,Sacramento Kings,2023-01-11,2022-23,Pre-ASG
1610612741,9,0022200619,13,CHI,Chicago Bulls,2023-01-11,2022-23,Pre-ASG
1610612764,10,0022200619,14,WAS,Washington Wizards,2023-01-11,2022-23,Pre-ASG
1610612750,11,0022200618,20,MIN,Minnesota Timberwolves,2023-01-11,2022-23,Pre-ASG
1610612765,9,0022200618,12,DET,Detroit Pistons,2023-01-11,2022-23,Pre-ASG
1610612743,13,0022200624,15,DEN,Denver Nuggets,2023-01-11,2022-23,Pre-ASG
1610612756,10,0022200624,9,PHX,Phoenix Suns,2023-01-11,2022-23,Pre-ASG
1610612759,10,0022200623,16,SAS,San Antonio Spurs,2023-01-11,2022-23,Pre-ASG
1610612763,10,0022200623,16,MEM,Memphis Grizzlies,2023-01-11,2022-23,Pre-ASG
1610612738,10,0022200621,11,BOS,Boston Celtics,2023-01-11,2022-23,Pre-ASG
1610612740,11,0022200621,13,NOP,New Orleans Pelicans,2023-01-11,2022-23,Pre-ASG
1610612737,9,0022200620,14,ATL,Atlanta Hawks,2023-01-11,2022-23,Pre-ASG
1610612749,10,0022200620,21,MIL,Milwaukee Bucks,2023-01-11,2022-23,Pre-ASG
1610612752,9,0022200622,13,NYK,New York Knicks,2023-01-11,2022-23,Pre-ASG
1610612754,11,0022200622,18,IND,Indiana Pacers,2023-01-11,2022-23,Pre-ASG
1610612744,10,0022200615,19,GSW,Golden State Warriors,2023-01-10,2022-23,Pre-ASG
1610612756,9,0022200615,20,PHX,Phoenix Suns,2023-01-10,2022-23,Pre-ASG
1610612755,14,0022200612,14,PHI,Philadelphia 76ers,2023-01-10,2022-23,Pre-ASG
1610612765,10,0022200612,16,DET,Detroit Pistons,2023-01-10,2022-23,Pre-ASG
1610612742,13,0022200617,16,DAL,Dallas Mavericks,2023-01-10,2022-23,Pre-ASG
1610612746,10,0022200617,16,LAC,LA Clippers,2023-01-10,2022-23,Pre-ASG
1610612739,10,0022200614,18,CLE,Cleveland Cavaliers,2023-01-10,2022-23,Pre-ASG
1610612762,10,0022200614,11,UTA,Utah Jazz,2023-01-10,2022-23,Pre-ASG
1610612753,10,0022200616,13,ORL,Orlando Magic,2023-01-10,2022-23,Pre-ASG
1610612757,10,0022200616,12,POR,Portland Trail Blazers,2023-01-10,2022-23,Pre-ASG
1610612761,10,0022200613,12,TOR,Toronto Raptors,2023-01-10,2022-23,Pre-ASG
1610612766,9,0022200613,13,CHA,Charlotte Hornets,2023-01-10,2022-23,Pre-ASG
1610612748,8,0022200611,15,MIA,Miami Heat,2023-01-10,2022-23,Pre-ASG
1610612760,11,0022200611,22,OKC,Oklahoma City Thunder,2023-01-10,2022-23,Pre-ASG
1610612759,10,0022200608,23,SAS,San Antonio Spurs,2023-01-09,2022-23,Pre-ASG
1610612763,10,0022200608,9,MEM,Memphis Grizzlies,2023-01-09,2022-23,Pre-ASG
1610612743,12,0022200609,10,DEN,Denver Nuggets,2023-01-09,2022-23,Pre-ASG
1610612747,12,0022200609,17,LAL,Los Angeles Lakers,2023-01-09,2022-23,Pre-ASG
1610612749,9,0022200607,19,MIL,Milwaukee Bucks,2023-01-09,2022-23,Pre-ASG
1610612752,9,0022200607,11,NYK,New York Knicks,2023-01-09,2022-23,Pre-ASG
1610612740,13,0022200605,22,NOP,New Orleans Pelicans,2023-01-09,2022-23,Pre-ASG
1610612764,11,0022200605,20,WAS,Washington Wizards,2023-01-09,2022-23,Pre-ASG
1610612738,10,0022200606,12,BOS,Boston Celtics,2023-01-09,2022-23,Pre-ASG
1610612741,10,0022200606,15,CHI,Chicago Bulls,2023-01-09,2022-23,Pre-ASG
1610612753,11,0022200610,9,ORL,Orlando Magic,2023-01-09,2022-23,Pre-ASG
1610612758,14,0022200610,16,SAC,Sacramento Kings,2023-01-09,2022-23,Pre-ASG
1610612748,9,0022200599,19,MIA,Miami Heat,2023-01-08,2022-23,Pre-ASG
1610612751,9,0022200599,19,BKN,Brooklyn Nets,2023-01-08,2022-23,Pre-ASG
1610612737,10,0022200604,16,ATL,Atlanta Hawks,2023-01-08,2022-23,Pre-ASG
1610612746,9,0022200604,15,LAC,LA Clippers,2023-01-08,2022-23,Pre-ASG
1610612739,11,0022200603,14,CLE,Cleveland Cavaliers,2023-01-08,2022-23,Pre-ASG
1610612756,10,0022200603,20,PHX,Phoenix Suns,2023-01-08,2022-23,Pre-ASG
1610612745,10,0022200601,15,HOU,Houston Rockets,2023-01-08,2022-23,Pre-ASG
1610612750,9,0022200601,12,MIN,Minnesota Timberwolves,2023-01-08,2022-23,Pre-ASG
1610612757,10,0022200597,9,POR,Portland Trail Blazers,2023-01-08,2022-23,Pre-ASG
1610612761,11,0022200597,9,TOR,Toronto Raptors,2023-01-08,2022-23,Pre-ASG
1610612755,11,0022200596,14,PHI,Philadelphia 76ers,2023-01-08,2022-23,Pre-ASG
1610612765,9,0022200596,11,DET,Detroit Pistons,2023-01-08,2022-23,Pre-ASG
1610612762,10,0022200600,17,UTA,Utah Jazz,2023-01-08,2022-23,Pre-ASG
1610612763,10,0022200600,18,MEM,Memphis Grizzlies,2023-01-08,2022-23,Pre-ASG
1610612754,10,0022200598,15,IND,Indiana Pacers,2023-01-08,2022-23,Pre-ASG
1610612766,9,0022200598,12,CHA,Charlotte Hornets,2023-01-08,2022-23,Pre-ASG
1610612742,12,0022200602,16,DAL,Dallas Mavericks,2023-01-08,2022-23,Pre-ASG
1610612760,11,0022200602,18,OKC,Oklahoma City Thunder,2023-01-08,2022-23,Pre-ASG
1610612740,11,0022200593,21,NOP,New Orleans Pelicans,2023-01-07,2022-23,Pre-ASG
1610612742,13,0022200593,20,DAL,Dallas Mavericks,2023-01-07,2022-23,Pre-ASG
1610612747,10,0022200595,20,LAL,Los Angeles Lakers,2023-01-07,2022-23,Pre-ASG
1610612758,11,0022200595,21,SAC,Sacramento Kings,2023-01-07,2022-23,Pre-ASG
1610612738,9,0022200591,16,BOS,Boston Celtics,2023-01-07,2022-23,Pre-ASG
1610612759,11,0022200591,24,SAS,San Antonio Spurs,2023-01-07,2022-23,Pre-ASG
1610612741,9,0022200592,13,CHI,Chicago Bulls,2023-01-07,2022-23,Pre-ASG
1610612762,10,0022200592,14,UTA,Utah Jazz,2023-01-07,2022-23,Pre-ASG
1610612744,11,0022200594,18,GSW,Golden State Warriors,2023-01-07,2022-23,Pre-ASG
1610612753,10,0022200594,10,ORL,Orlando Magic,2023-01-07,2022-23,Pre-ASG
1610612740,10,0022200586,16,NOP,New Orleans Pelicans,2023-01-06,2022-23,Pre-ASG
1610612751,9,0022200586,18,BKN,Brooklyn Nets,2023-01-06,2022-23,Pre-ASG
1610612752,9,0022200582,12,NYK,New York Knicks,2023-01-06,2022-23,Pre-ASG
1610612761,11,0022200582,13,TOR,Toronto Raptors,2023-01-06,2022-23,Pre-ASG
1610612737,11,0022200590,13,ATL,Atlanta Hawks,2023-01-06,2022-23,Pre-ASG
1610612747,12,0022200590,17,LAL,Los Angeles Lakers,2023-01-06,2022-23,Pre-ASG
1610612754,11,0022200580,14,IND,Indiana Pacers,2023-01-06,2022-23,Pre-ASG
1610612757,9,0022200580,8,POR,Portland Trail Blazers,2023-01-06,2022-23,Pre-ASG
1610612746,12,0022200587,13,LAC,LA Clippers,2023-01-06,2022-23,Pre-ASG
1610612750,14,0022200587,20,MIN,Minnesota Timberwolves,2023-01-06,2022-23,Pre-ASG
1610612741,9,0022200581,12,CHI,Chicago Bulls,2023-01-06,2022-23,Pre-ASG
1610612755,10,0022200581,15,PHI,Philadelphia 76ers,2023-01-06,2022-23,Pre-ASG
1610612749,14,0022200583,20,MIL,Milwaukee Bucks,2023-01-06,2022-23,Pre-ASG
1610612766,11,0022200583,14,CHA,Charlotte Hornets,2023-01-06,2022-23,Pre-ASG
1610612760,11,0022200584,17,OKC,Oklahoma City Thunder,2023-01-06,2022-23,Pre-ASG
1610612764,12,0022200584,16,WAS,Washington Wizards,2023-01-06,2022-23,Pre-ASG
1610612748,8,0022200589,5,MIA,Miami Heat,2023-01-06,2022-23,Pre-ASG
1610612756,10,0022200589,12,PHX,Phoenix Suns,2023-01-06,2022-23,Pre-ASG
1610612739,10,0022200588,18,CLE,Cleveland Cavaliers,2023-01-06,2022-23,Pre-ASG
1610612743,13,0022200588,14,DEN,Denver Nuggets,2023-01-06,2022-23,Pre-ASG
1610612759,11,0022200585,19,SAS,San Antonio Spurs,2023-01-06,2022-23,Pre-ASG
1610612765,10,0022200585,13,DET,Detroit Pistons,2023-01-06,2022-23,Pre-ASG
1610612743,12,0022200579,11,DEN,Denver Nuggets,2023-01-05,2022-23,Pre-ASG
1610612746,13,0022200579,14,LAC,LA Clippers,2023-01-05,2022-23,Pre-ASG
1610612745,10,0022200578,16,HOU,Houston Rockets,2023-01-05,2022-23,Pre-ASG
1610612762,10,0022200578,17,UTA,Utah Jazz,2023-01-05,2022-23,Pre-ASG
1610612753,11,0022200576,13,ORL,Orlando Magic,2023-01-05,2022-23,Pre-ASG
1610612763,10,0022200576,15,MEM,Memphis Grizzlies,2023-01-05,2022-23,Pre-ASG
1610612738,13,0022200577,22,BOS,Boston Celtics,2023-01-05,2022-23,Pre-ASG
1610612742,14,0022200577,11,DAL,Dallas Mavericks,2023-01-05,2022-23,Pre-ASG
1610612749,11,0022200569,20,MIL,Milwaukee Bucks,2023-01-04,2022-23,Pre-ASG
1610612761,9,0022200569,11,TOR,Toronto Raptors,2023-01-04,2022-23,Pre-ASG
1610612750,9,0022200571,19,MIN,Minnesota Timberwolves,2023-01-04,2022-23,Pre-ASG
1610612757,9,0022200571,16,POR,Portland Trail Blazers,2023-01-04,2022-23,Pre-ASG
1610612741,9,0022200570,12,CHI,Chicago Bulls,2023-01-04,2022-23,Pre-ASG
1610612751,10,0022200570,13,BKN,Brooklyn Nets,2023-01-04,2022-23,Pre-ASG
1610612752,9,0022200568,12,NYK,New York Knicks,2023-01-04,2022-23,Pre-ASG
1610612759,10,0022200568,24,SAS,San Antonio Spurs,2023-01-04,2022-23,Pre-ASG
1610612754,10,0022200567,12,IND,Indiana Pacers,2023-01-04,2022-23,Pre-ASG
1610612755,9,0022200567,13,PHI,Philadelphia 76ers,2023-01-04,2022-23,Pre-ASG
1610612744,9,0022200573,16,GSW,Golden State Warriors,2023-01-04,2022-23,Pre-ASG
1610612765,9,0022200573,9,DET,Detroit Pistons,2023-01-04,2022-23,Pre-ASG
1610612739,9,0022200565,13,CLE,Cleveland Cavaliers,2023-01-04,2022-23,Pre-ASG
1610612756,11,0022200565,17,PHX,Phoenix Suns,2023-01-04,2022-23,Pre-ASG
1610612737,10,0022200575,14,ATL,Atlanta Hawks,2023-01-04,2022-23,Pre-ASG
1610612758,10,0022200575,16,SAC,Sacramento Kings,2023-01-04,2022-23,Pre-ASG
1610612740,10,0022200572,13,NOP,New Orleans Pelicans,2023-01-04,2022-23,Pre-ASG
1610612745,14,0022200572,22,HOU,Houston Rockets,2023-01-04,2022-23,Pre-ASG
1610612763,13,0022200564,16,MEM,Memphis Grizzlies,2023-01-04,2022-23,Pre-ASG
1610612766,13,0022200564,13,CHA,Charlotte Hornets,2023-01-04,2022-23,Pre-ASG
1610612747,10,0022200574,17,LAL,Los Angeles Lakers,2023-01-04,2022-23,Pre-ASG
1610612748,10,0022200574,12,MIA,Miami Heat,2023-01-04,2022-23,Pre-ASG
1610612753,9,0022200566,11,ORL,Orlando Magic,2023-01-04,2022-23,Pre-ASG
1610612760,11,0022200566,19,OKC,Oklahoma City Thunder,2023-01-04,2022-23,Pre-ASG
1610612749,10,0022200561,16,MIL,Milwaukee Bucks,2023-01-03,2022-23,Pre-ASG
1610612764,13,0022200561,16,WAS,Washington Wizards,2023-01-03,2022-23,Pre-ASG
1610612758,10,0022200563,16,SAC,Sacramento Kings,2023-01-03,2022-23,Pre-ASG
1610612762,10,0022200563,17,UTA,Utah Jazz,2023-01-03,2022-23,Pre-ASG
1610612738,13,0022200562,13,BOS,Boston Celtics,2023-01-03,2022-23,Pre-ASG
1610612760,10,0022200562,15,OKC,Oklahoma City Thunder,2023-01-03,2022-23,Pre-ASG
1610612739,9,0022200552,15,CLE,Cleveland Cavaliers,2023-01-02,2022-23,Pre-ASG
1610612741,10,0022200552,17,CHI,Chicago Bulls,2023-01-02,2022-23,Pre-ASG
1610612757,12,0022200559,14,POR,Portland Trail Blazers,2023-01-02,2022-23,Pre-ASG
1610612765,12,0022200559,16,DET,Detroit Pistons,2023-01-02,2022-23,Pre-ASG
1610612746,9,0022200560,9,LAC,LA Clippers,2023-01-02,2022-23,Pre-ASG
1610612748,10,0022200560,13,MIA,Miami Heat,2023-01-02,2022-23,Pre-ASG
1610612751,12,0022200555,13,BKN,Brooklyn Nets,2023-01-02,2022-23,Pre-ASG
1610612759,13,0022200555,18,SAS,San Antonio Spurs,2023-01-02,2022-23,Pre-ASG
1610612740,11,0022200554,25,NOP,New Orleans Pelicans,2023-01-02,2022-23,Pre-ASG
1610612755,10,0022200554,15,PHI,Philadelphia 76ers,2023-01-02,2022-23,Pre-ASG
1610612754,10,0022200553,11,IND,Indiana Pacers,2023-01-02,2022-23,Pre-ASG
1610612761,10,0022200553,14,TOR,Toronto Raptors,2023-01-02,2022-23,Pre-ASG
1610612752,11,0022200550,14,NYK,New York Knicks,2023-01-02,2022-23,Pre-ASG
1610612756,12,0022200550,14,PHX,Phoenix Suns,2023-01-02,2022-23,Pre-ASG
1610612743,10,0022200557,14,DEN,Denver Nuggets,2023-01-02,2022-23,Pre-ASG
1610612750,9,0022200557,12,MIN,Minnesota Timberwolves,2023-01-02,2022-23,Pre-ASG
1610612747,10,0022200551,15,LAL,Los Angeles Lakers,2023-01-02,2022-23,Pre-ASG
1610612766,9,0022200551,13,CHA,Charlotte Hornets,2023-01-02,2022-23,Pre-ASG
1610612737,10,0022200558,20,ATL,Atlanta Hawks,2023-01-02,2022-23,Pre-ASG
1610612744,9,0022200558,16,GSW,Golden State Warriors,2023-01-02,2022-23,Pre-ASG
1610612742,11,0022200556,17,DAL,Dallas Mavericks,2023-01-02,2022-23,Pre-ASG
1610612745,11,0022200556,20,HOU,Houston Rockets,2023-01-02,2022-23,Pre-ASG
1610612749,12,0022200548,22,MIL,Milwaukee Bucks,2023-01-01,2022-23,Pre-ASG
1610612764,12,0022200548,13,WAS,Washington Wizards,2023-01-01,2022-23,Pre-ASG
1610612738,13,0022200549,13,BOS,Boston Celtics,2023-01-01,2022-23,Pre-ASG
1610612743,12,0022200549,12,DEN,Denver Nuggets,2023-01-01,2022-23,Pre-ASG
1610612758,14,0022200547,20,SAC,Sacramento Kings,2023-01-01,2022-23,Pre-ASG
1610612763,12,0022200547,17,MEM,Memphis Grizzlies,2023-01-01,2022-23,Pre-ASG
1610612739,10,0022200540,18,CLE,Cleveland Cavaliers,2022-12-31,2022-23,Pre-ASG
1610612741,9,0022200540,14,CHI,Chicago Bulls,2022-12-31,2022-23,Pre-ASG
1610612748,10,0022200546,15,MIA,Miami Heat,2022-12-31,2022-23,Pre-ASG
1610612762,9,0022200546,11,UTA,Utah Jazz,2022-12-31,2022-23,Pre-ASG
1610612755,11,0022200545,14,PHI,Philadelphia 76ers,2022-12-31,2022-23,Pre-ASG
1610612760,12,0022200545,14,OKC,Oklahoma City Thunder,2022-12-31,2022-23,Pre-ASG
1610612750,9,0022200544,15,MIN,Minnesota Timberwolves,2022-12-31,2022-23,Pre-ASG
1610612765,10,0022200544,12,DET,Detroit Pistons,2022-12-31,2022-23,Pre-ASG
1610612751,11,0022200539,16,BKN,Brooklyn Nets,2022-12-31,2022-23,Pre-ASG
1610612766,12,0022200539,10,CHA,Charlotte Hornets,2022-12-31,2022-23,Pre-ASG
1610612740,11,0022200543,25,NOP,New Orleans Pelicans,2022-12-31,2022-23,Pre-ASG
1610612763,12,0022200543,20,MEM,Memphis Grizzlies,2022-12-31,2022-23,Pre-ASG
1610612742,10,0022200542,12,DAL,Dallas Mavericks,2022-12-31,2022-23,Pre-ASG
1610612759,10,0022200542,20,SAS,San Antonio Spurs,2022-12-31,2022-23,Pre-ASG
1610612745,13,0022200541,18,HOU,Houston Rockets,2022-12-31,2022-23,Pre-ASG
1610612752,10,0022200541,12,NYK,New York Knicks,2022-12-31,2022-23,Pre-ASG
1610612746,10,0022200538,18,LAC,LA Clippers,2022-12-31,2022-23,Pre-ASG
1610612754,10,0022200538,14,IND,Indiana Pacers,2022-12-31,2022-23,Pre-ASG
1610612758,10,0022200537,15,SAC,Sacramento Kings,2022-12-30,2022-23,Pre-ASG
1610612762,9,0022200537,18,UTA,Utah Jazz,2022-12-30,2022-23,Pre-ASG
1610612743,10,0022200535,16,DEN,Denver Nuggets,2022-12-30,2022-23,Pre-ASG
1610612748,9,0022200535,10,MIA,Miami Heat,2022-12-30,2022-23,Pre-ASG
1610612756,10,0022200531,12,PHX,Phoenix Suns,2022-12-30,2022-23,Pre-ASG
1610612761,10,0022200531,13,TOR,Toronto Raptors,2022-12-30,2022-23,Pre-ASG
1610612744,9,0022200536,19,GSW,Golden State Warriors,2022-12-30,2022-23,Pre-ASG
1610612757,8,0022200536,13,POR,Portland Trail Blazers,2022-12-30,2022-23,Pre-ASG
1610612753,8,0022200529,17,ORL,Orlando Magic,2022-12-30,2022-23,Pre-ASG
1610612764,11,0022200529,14,WAS,Washington Wizards,2022-12-30,2022-23,Pre-ASG
1610612740,10,0022200534,21,NOP,New Orleans Pelicans,2022-12-30,2022-23,Pre-ASG
1610612755,12,0022200534,16,PHI,Philadelphia 76ers,2022-12-30,2022-23,Pre-ASG
1610612737,9,0022200530,13,ATL,Atlanta Hawks,2022-12-30,2022-23,Pre-ASG
1610612747,9,0022200530,19,LAL,Los Angeles Lakers,2022-12-30,2022-23,Pre-ASG
1610612749,10,0022200533,21,MIL,Milwaukee Bucks,2022-12-30,2022-23,Pre-ASG
1610612750,10,0022200533,20,MIN,Minnesota Timberwolves,2022-12-30,2022-23,Pre-ASG
1610612741,10,0022200532,15,CHI,Chicago Bulls,2022-12-30,2022-23,Pre-ASG
1610612765,10,0022200532,11,DET,Detroit Pistons,2022-12-30,2022-23,Pre-ASG
1610612752,9,0022200527,11,NYK,New York Knicks,2022-12-29,2022-23,Pre-ASG
1610612759,11,0022200527,24,SAS,San Antonio Spurs,2022-12-29,2022-23,Pre-ASG
1610612761,10,0022200526,15,TOR,Toronto Raptors,2022-12-29,2022-23,Pre-ASG
1610612763,10,0022200526,12,MEM,Memphis Grizzlies,2022-12-29,2022-23,Pre-ASG
1610612742,13,0022200528,19,DAL,Dallas Mavericks,2022-12-29,2022-23,Pre-ASG
1610612745,13,0022200528,18,HOU,Houston Rockets,2022-12-29,2022-23,Pre-ASG
1610612760,11,0022200523,16,OKC,Oklahoma City Thunder,2022-12-29,2022-23,Pre-ASG
1610612766,10,0022200523,20,CHA,Charlotte Hornets,2022-12-29,2022-23,Pre-ASG
1610612738,9,0022200525,13,BOS,Boston Celtics,2022-12-29,2022-23,Pre-ASG
1610612746,10,0022200525,16,LAC,LA Clippers,2022-12-29,2022-23,Pre-ASG
1610612739,8,0022200524,14,CLE,Cleveland Cavaliers,2022-12-29,2022-23,Pre-ASG
1610612754,10,0022200524,9,IND,Indiana Pacers,2022-12-29,2022-23,Pre-ASG
1610612747,11,0022200518,17,LAL,Los Angeles Lakers,2022-12-28,2022-23,Pre-ASG
1610612748,11,0022200518,10,MIA,Miami Heat,2022-12-28,2022-23,Pre-ASG
1610612741,10,0022200519,17,CHI,Chicago Bulls,2022-12-28,2022-23,Pre-ASG
1610612749,10,0022200519,23,MIL,Milwaukee Bucks,2022-12-28,2022-23,Pre-ASG
1610612756,11,0022200516,20,PHX,Phoenix Suns,2022-12-28,2022-23,Pre-ASG
1610612764,13,0022200516,14,WAS,Washington Wizards,2022-12-28,2022-23,Pre-ASG
1610612737,9,0022200517,12,ATL,Atlanta Hawks,2022-12-28,2022-23,Pre-ASG
1610612751,10,0022200517,10,BKN,Brooklyn Nets,2022-12-28,2022-23,Pre-ASG
1610612743,10,0022200522,13,DEN,Denver Nuggets,2022-12-28,2022-23,Pre-ASG
1610612758,10,0022200522,17,SAC,Sacramento Kings,2022-12-28,2022-23,Pre-ASG
1610612744,10,0022200521,22,GSW,Golden State Warriors,2022-12-28,2022-23,Pre-ASG
1610612762,10,0022200521,13,UTA,Utah Jazz,2022-12-28,2022-23,Pre-ASG
1610612753,12,0022200515,18,ORL,Orlando Magic,2022-12-28,2022-23,Pre-ASG
1610612765,11,0022200515,16,DET,Detroit Pistons,2022-12-28,2022-23,Pre-ASG
1610612740,10,0022200520,23,NOP,New Orleans Pelicans,2022-12-28,2022-23,Pre-ASG
1610612750,9,0022200520,15,MIN,Minnesota Timberwolves,2022-12-28,2022-23,Pre-ASG
1610612759,12,0022200511,15,SAS,San Antonio Spurs,2022-12-27,2022-23,Pre-ASG
1610612760,11,0022200511,16,OKC,Oklahoma City Thunder,2022-12-27,2022-23,Pre-ASG
1610612742,11,0022200512,16,DAL,Dallas Mavericks,2022-12-27,2022-23,Pre-ASG
1610612752,9,0022200512,11,NYK,New York Knicks,2022-12-27,2022-23,Pre-ASG
1610612756,11,0022200510,16,PHX,Phoenix Suns,2022-12-27,2022-23,Pre-ASG
1610612763,14,0022200510,13,MEM,Memphis Grizzlies,2022-12-27,2022-23,Pre-ASG
1610612737,13,0022200508,13,ATL,Atlanta Hawks,2022-12-27,2022-23,Pre-ASG
1610612754,13,0022200508,18,IND,Indiana Pacers,2022-12-27,2022-23,Pre-ASG
1610612747,11,0022200505,16,LAL,Los Angeles Lakers,2022-12-27,2022-23,Pre-ASG
1610612753,12,0022200505,17,ORL,Orlando Magic,2022-12-27,2022-23,Pre-ASG
1610612738,12,0022200507,11,BOS,Boston Celtics,2022-12-27,2022-23,Pre-ASG
1610612745,11,0022200507,15,HOU,Houston Rockets,2022-12-27,2022-23,Pre-ASG
1610612746,10,0022200509,17,LAC,LA Clippers,2022-12-27,2022-23,Pre-ASG
1610612761,11,0022200509,16,TOR,Toronto Raptors,2022-12-27,2022-23,Pre-ASG
1610612755,11,0022200506,14,PHI,Philadelphia 76ers,2022-12-27,2022-23,Pre-ASG
1610612764,10,0022200506,21,WAS,Washington Wizards,2022-12-27,2022-23,Pre-ASG
1610612744,10,0022200513,17,GSW,Golden State Warriors,2022-12-27,2022-23,Pre-ASG
1610612766,9,0022200513,11,CHA,Charlotte Hornets,2022-12-27,2022-23,Pre-ASG
1610612743,12,0022200514,17,DEN,Denver Nuggets,2022-12-27,2022-23,Pre-ASG
1610612758,10,0022200514,16,SAC,Sacramento Kings,2022-12-27,2022-23,Pre-ASG
1610612759,10,0022200503,21,SAS,San Antonio Spurs,2022-12-26,2022-23,Pre-ASG
1610612762,10,0022200503,19,UTA,Utah Jazz,2022-12-26,2022-23,Pre-ASG
1610612739,9,0022200498,15,CLE,Cleveland Cavaliers,2022-12-26,2022-23,Pre-ASG
1610612751,9,0022200498,13,BKN,Brooklyn Nets,2022-12-26,2022-23,Pre-ASG
1610612748,10,0022200500,13,MIA,Miami Heat,2022-12-26,2022-23,Pre-ASG
1610612750,9,0022200500,18,MIN,Minnesota Timberwolves,2022-12-26,2022-23,Pre-ASG
1610612740,10,0022200502,17,NOP,New Orleans Pelicans,2022-12-26,2022-23,Pre-ASG
1610612754,14,0022200502,20,IND,Indiana Pacers,2022-12-26,2022-23,Pre-ASG
1610612741,9,0022200501,15,CHI,Chicago Bulls,2022-12-26,2022-23,Pre-ASG
1610612745,11,0022200501,13,HOU,Houston Rockets,2022-12-26,2022-23,Pre-ASG
1610612757,11,0022200504,11,POR,Portland Trail Blazers,2022-12-26,2022-23,Pre-ASG
1610612766,9,0022200504,15,CHA,Charlotte Hornets,2022-12-26,2022-23,Pre-ASG
1610612746,11,0022200499,17,LAC,LA Clippers,2022-12-26,2022-23,Pre-ASG
1610612765,9,0022200499,15,DET,Detroit Pistons,2022-12-26,2022-23,Pre-ASG
1610612742,11,0022200494,15,DAL,Dallas Mavericks,2022-12-25,2022-23,Pre-ASG
1610612747,12,0022200494,20,LAL,Los Angeles Lakers,2022-12-25,2022-23,Pre-ASG
1610612747,10,0022200492,14,LAL,Los Angeles Lakers,2022-12-23,2022-23,Pre-ASG
1610612766,9,0022200492,13,CHA,Charlotte Hornets,2022-12-23,2022-23,Pre-ASG
1610612749,11,0022200483,22,MIL,Milwaukee Bucks,2022-12-23,2022-23,Pre-ASG
1610612751,11,0022200483,16,BKN,Brooklyn Nets,2022-12-23,2022-23,Pre-ASG
1610612741,8,0022200485,10,CHI,Chicago Bulls,2022-12-23,2022-23,Pre-ASG
1610612752,9,0022200485,8,NYK,New York Knicks,2022-12-23,2022-23,Pre-ASG
1610612743,9,0022200489,12,DEN,Denver Nuggets,2022-12-23,2022-23,Pre-ASG
1610612757,9,0022200489,10,POR,Portland Trail Blazers,2022-12-23,2022-23,Pre-ASG
1610612742,11,0022200487,20,DAL,Dallas Mavericks,2022-12-23,2022-23,Pre-ASG
1610612745,12,0022200487,21,HOU,Houston Rockets,2022-12-23,2022-23,Pre-ASG
1610612738,12,0022200482,15,BOS,Boston Celtics,2022-12-23,2022-23,Pre-ASG
1610612750,13,0022200482,14,MIN,Minnesota Timberwolves,2022-12-23,2022-23,Pre-ASG
1610612753,12,0022200479,15,ORL,Orlando Magic,2022-12-23,2022-23,Pre-ASG
1610612759,12,0022200479,23,SAS,San Antonio Spurs,2022-12-23,2022-23,Pre-ASG
1610612740,10,0022200488,16,NOP,New Orleans Pelicans,2022-12-23,2022-23,Pre-ASG
1610612760,12,0022200488,23,OKC,Oklahoma City Thunder,2022-12-23,2022-23,Pre-ASG
1610612758,13,0022200491,16,SAC,Sacramento Kings,2022-12-23,2022-23,Pre-ASG
1610612764,9,0022200491,16,WAS,Washington Wizards,2022-12-23,2022-23,Pre-ASG
1610612756,12,0022200490,22,PHX,Phoenix Suns,2022-12-23,2022-23,Pre-ASG
1610612763,13,0022200490,14,MEM,Memphis Grizzlies,2022-12-23,2022-23,Pre-ASG
1610612748,9,0022200486,12,MIA,Miami Heat,2022-12-23,2022-23,Pre-ASG
1610612754,9,0022200486,18,IND,Indiana Pacers,2022-12-23,2022-23,Pre-ASG
1610612739,11,0022200484,12,CLE,Cleveland Cavaliers,2022-12-23,2022-23,Pre-ASG
1610612761,8,0022200484,13,TOR,Toronto Raptors,2022-12-23,2022-23,Pre-ASG
1610612746,9,0022200480,13,LAC,LA Clippers,2022-12-23,2022-23,Pre-ASG
1610612755,12,0022200480,13,PHI,Philadelphia 76ers,2022-12-23,2022-23,Pre-ASG
1610612737,14,0022200481,10,ATL,Atlanta Hawks,2022-12-23,2022-23,Pre-ASG
1610612765,11,0022200481,13,DET,Detroit Pistons,2022-12-23,2022-23,Pre-ASG
1610612740,11,0022200477,14,NOP,New Orleans Pelicans,2022-12-22,2022-23,Pre-ASG
1610612759,13,0022200477,27,SAS,San Antonio Spurs,2022-12-22,2022-23,Pre-ASG
1610612762,14,0022200478,19,UTA,Utah Jazz,2022-12-22,2022-23,Pre-ASG
1610612764,12,0022200478,15,WAS,Washington Wizards,2022-12-22,2022-23,Pre-ASG
1610612757,10,0022200474,16,POR,Portland Trail Blazers,2022-12-21,2022-23,Pre-ASG
1610612760,11,0022200474,15,OKC,Oklahoma City Thunder,2022-12-21,2022-23,Pre-ASG
1610612739,8,0022200466,15,CLE,Cleveland Cavaliers,2022-12-21,2022-23,Pre-ASG
1610612749,10,0022200466,21,MIL,Milwaukee Bucks,2022-12-21,2022-23,Pre-ASG
1610612742,9,0022200473,12,DAL,Dallas Mavericks,2022-12-21,2022-23,Pre-ASG
1610612750,9,0022200473,16,MIN,Minnesota Timberwolves,2022-12-21,2022-23,Pre-ASG
1610612737,10,0022200468,13,ATL,Atlanta Hawks,2022-12-21,2022-23,Pre-ASG
1610612741,9,0022200468,11,CHI,Chicago Bulls,2022-12-21,2022-23,Pre-ASG
1610612744,10,0022200470,14,GSW,Golden State Warriors,2022-12-21,2022-23,Pre-ASG
1610612751,12,0022200470,15,BKN,Brooklyn Nets,2022-12-21,2022-23,Pre-ASG
1610612738,10,0022200469,15,BOS,Boston Celtics,2022-12-21,2022-23,Pre-ASG
1610612754,10,0022200469,15,IND,Indiana Pacers,2022-12-21,2022-23,Pre-ASG
1610612745,10,0022200472,9,HOU,Houston Rockets,2022-12-21,2022-23,Pre-ASG
1610612753,10,0022200472,11,ORL,Orlando Magic,2022-12-21,2022-23,Pre-ASG
1610612752,9,0022200471,9,NYK,New York Knicks,2022-12-21,2022-23,Pre-ASG
1610612761,9,0022200471,9,TOR,Toronto Raptors,2022-12-21,2022-23,Pre-ASG
1610612747,10,0022200475,19,LAL,Los Angeles Lakers,2022-12-21,2022-23,Pre-ASG
1610612758,12,0022200475,13,SAC,Sacramento Kings,2022-12-21,2022-23,Pre-ASG
1610612755,12,0022200467,21,PHI,Philadelphia 76ers,2022-12-21,2022-23,Pre-ASG
1610612765,12,0022200467,15,DET,Detroit Pistons,2022-12-21,2022-23,Pre-ASG
1610612746,13,0022200476,12,LAC,LA Clippers,2022-12-21,2022-23,Pre-ASG
1610612766,11,0022200476,15,CHA,Charlotte Hornets,2022-12-21,2022-23,Pre-ASG
1610612744,11,0022200463,11,GSW,Golden State Warriors,2022-12-20,2022-23,Pre-ASG
1610612752,11,0022200463,14,NYK,New York Knicks,2022-12-20,2022-23,Pre-ASG
1610612741,10,0022200462,14,CHI,Chicago Bulls,2022-12-20,2022-23,Pre-ASG
1610612748,10,0022200462,12,MIA,Miami Heat,2022-12-20,2022-23,Pre-ASG
1610612756,9,0022200464,12,PHX,Phoenix Suns,2022-12-20,2022-23,Pre-ASG
1610612764,9,0022200464,15,WAS,Washington Wizards,2022-12-20,2022-23,Pre-ASG
1610612762,14,0022200461,12,UTA,Utah Jazz,2022-12-20,2022-23,Pre-ASG
1610612765,12,0022200461,10,DET,Detroit Pistons,2022-12-20,2022-23,Pre-ASG
1610612743,11,0022200465,13,DEN,Denver Nuggets,2022-12-20,2022-23,Pre-ASG
1610612763,13,0022200465,17,MEM,Memphis Grizzlies,2022-12-20,2022-23,Pre-ASG
1610612739,10,0022200452,14,CLE,Cleveland Cavaliers,2022-12-19,2022-23,Pre-ASG
1610612762,13,0022200452,13,UTA,Utah Jazz,2022-12-19,2022-23,Pre-ASG
1610612755,10,0022200453,11,PHI,Philadelphia 76ers,2022-12-19,2022-23,Pre-ASG
1610612761,9,0022200453,17,TOR,Toronto Raptors,2022-12-19,2022-23,Pre-ASG
1610612757,9,0022200458,19,POR,Portland Trail Blazers,2022-12-19,2022-23,Pre-ASG
1610612760,10,0022200458,18,OKC,Oklahoma City Thunder,2022-12-19,2022-23,Pre-ASG
1610612737,9,0022200454,12,ATL,Atlanta Hawks,2022-12-19,2022-23,Pre-ASG
1610612753,10,0022200454,12,ORL,Orlando Magic,2022-12-19,2022-23,Pre-ASG
1610612747,10,0022200459,9,LAL,Los Angeles Lakers,2022-12-19,2022-23,Pre-ASG
1610612756,10,0022200459,11,PHX,Phoenix Suns,2022-12-19,2022-23,Pre-ASG
1610612745,12,0022200455,16,HOU,Houston Rockets,2022-12-19,2022-23,Pre-ASG
1610612759,12,0022200455,21,SAS,San Antonio Spurs,2022-12-19,2022-23,Pre-ASG
1610612758,10,0022200460,13,SAC,Sacramento Kings,2022-12-19,2022-23,Pre-ASG
1610612766,9,0022200460,17,CHA,Charlotte Hornets,2022-12-19,2022-23,Pre-ASG
1610612742,10,0022200456,12,DAL,Dallas Mavericks,2022-12-19,2022-23,Pre-ASG
1610612750,12,0022200456,12,MIN,Minnesota Timberwolves,2022-12-19,2022-23,Pre-ASG
1610612740,10,0022200457,17,NOP,New Orleans Pelicans,2022-12-19,2022-23,Pre-ASG
1610612749,10,0022200457,24,MIL,Milwaukee Bucks,2022-12-19,2022-23,Pre-ASG
1610612738,10,0022200445,14,BOS,Boston Celtics,2022-12-18,2022-23,Pre-ASG
1610612753,10,0022200445,13,ORL,Orlando Magic,2022-12-18,2022-23,Pre-ASG
1610612752,9,0022200446,8,NYK,New York Knicks,2022-12-18,2022-23,Pre-ASG
1610612754,11,0022200446,12,IND,Indiana Pacers,2022-12-18,2022-23,Pre-ASG
1610612741,10,0022200449,13,CHI,Chicago Bulls,2022-12-18,2022-23,Pre-ASG
1610612750,13,0022200449,19,MIN,Minnesota Timberwolves,2022-12-18,2022-23,Pre-ASG
1610612744,13,0022200448,21,GSW,Golden State Warriors,2022-12-18,2022-23,Pre-ASG
1610612761,10,0022200448,18,TOR,Toronto Raptors,2022-12-18,2022-23,Pre-ASG
1610612751,11,0022200447,19,BKN,Brooklyn Nets,2022-12-18,2022-23,Pre-ASG
1610612765,10,0022200447,7,DET,Detroit Pistons,2022-12-18,2022-23,Pre-ASG
1610612743,10,0022200450,13,DEN,Denver Nuggets,2022-12-18,2022-23,Pre-ASG
1610612766,11,0022200450,16,CHA,Charlotte Hornets,2022-12-18,2022-23,Pre-ASG
1610612747,9,0022200451,15,LAL,Los Angeles Lakers,2022-12-18,2022-23,Pre-ASG
1610612764,10,0022200451,14,WAS,Washington Wizards,2022-12-18,2022-23,Pre-ASG
1610612746,10,0022200438,10,LAC,LA Clippers,2022-12-17,2022-23,Pre-ASG
1610612764,9,0022200438,17,WAS,Washington Wizards,2022-12-17,2022-23,Pre-ASG
1610612749,14,0022200442,18,MIL,Milwaukee Bucks,2022-12-17,2022-23,Pre-ASG
1610612762,14,0022200442,16,UTA,Utah Jazz,2022-12-17,2022-23,Pre-ASG
1610612740,10,0022200444,21,NOP,New Orleans Pelicans,2022-12-17,2022-23,Pre-ASG
1610612756,10,0022200444,18,PHX,Phoenix Suns,2022-12-17,2022-23,Pre-ASG
1610612745,12,0022200441,13,HOU,Houston Rockets,2022-12-17,2022-23,Pre-ASG
1610612757,11,0022200441,11,POR,Portland Trail Blazers,2022-12-17,2022-23,Pre-ASG
1610612760,11,0022200443,14,OKC,Oklahoma City Thunder,2022-12-17,2022-23,Pre-ASG
1610612763,11,0022200443,15,MEM,Memphis Grizzlies,2022-12-17,2022-23,Pre-ASG
1610612748,10,0022200439,12,MIA,Miami Heat,2022-12-17,2022-23,Pre-ASG
1610612759,12,0022200439,24,SAS,San Antonio Spurs,2022-12-17,2022-23,Pre-ASG
1610612739,9,0022200440,17,CLE,Cleveland Cavaliers,2022-12-17,2022-23,Pre-ASG
1610612742,9,0022200440,11,DAL,Dallas Mavericks,2022-12-17,2022-23,Pre-ASG
1610612738,11,0022200430,17,BOS,Boston Celtics,2022-12-16,2022-23,Pre-ASG
1610612753,10,0022200430,11,ORL,Orlando Magic,2022-12-16,2022-23,Pre-ASG
1610612744,12,0022200432,11,GSW,Golden State Warriors,2022-12-16,2022-23,Pre-ASG
1610612755,10,0022200432,12,PHI,Philadelphia 76ers,2022-12-16,2022-23,Pre-ASG
1610612751,11,0022200433,21,BKN,Brooklyn Nets,2022-12-16,2022-23,Pre-ASG
1610612761,8,0022200433,12,TOR,Toronto Raptors,2022-12-16,2022-23,Pre-ASG
1610612741,12,0022200434,15,CHI,Chicago Bulls,2022-12-16,2022-23,Pre-ASG
1610612752,12,0022200434,14,NYK,New York Knicks,2022-12-16,2022-23,Pre-ASG
1610612742,12,0022200436,13,DAL,Dallas Mavericks,2022-12-16,2022-23,Pre-ASG
1610612757,12,0022200436,11,POR,Portland Trail Blazers,2022-12-16,2022-23,Pre-ASG
1610612743,13,0022200437,15,DEN,Denver Nuggets,2022-12-16,2022-23,Pre-ASG
1610612747,12,0022200437,22,LAL,Los Angeles Lakers,2022-12-16,2022-23,Pre-ASG
1610612737,12,0022200428,11,ATL,Atlanta Hawks,2022-12-16,2022-23,Pre-ASG
1610612766,12,0022200428,21,CHA,Charlotte Hornets,2022-12-16,2022-23,Pre-ASG
1610612739,9,0022200431,11,CLE,Cleveland Cavaliers,2022-12-16,2022-23,Pre-ASG
1610612754,10,0022200431,12,IND,Indiana Pacers,2022-12-16,2022-23,Pre-ASG
1610612750,10,0022200435,17,MIN,Minnesota Timberwolves,2022-12-16,2022-23,Pre-ASG
1610612760,11,0022200435,23,OKC,Oklahoma City Thunder,2022-12-16,2022-23,Pre-ASG
1610612758,10,0022200429,11,SAC,Sacramento Kings,2022-12-16,2022-23,Pre-ASG
1610612765,10,0022200429,12,DET,Detroit Pistons,2022-12-16,2022-23,Pre-ASG
1610612740,9,0022200426,23,NOP,New Orleans Pelicans,2022-12-15,2022-23,Pre-ASG
1610612762,10,0022200426,15,UTA,Utah Jazz,2022-12-15,2022-23,Pre-ASG
1610612749,13,0022200425,21,MIL,Milwaukee Bucks,2022-12-15,2022-23,Pre-ASG
1610612763,13,0022200425,12,MEM,Memphis Grizzlies,2022-12-15,2022-23,Pre-ASG
1610612746,10,0022200427,11,LAC,LA Clippers,2022-12-15,2022-23,Pre-ASG
1610612756,10,0022200427,20,PHX,Phoenix Suns,2022-12-15,2022-23,Pre-ASG
1610612745,11,0022200424,13,HOU,Houston Rockets,2022-12-15,2022-23,Pre-ASG
1610612748,8,0022200424,10,MIA,Miami Heat,2022-12-15,2022-23,Pre-ASG
1610612741,10,0022200418,11,CHI,Chicago Bulls,2022-12-14,2022-23,Pre-ASG
1610612752,9,0022200418,14,NYK,New York Knicks,2022-12-14,2022-23,Pre-ASG
1610612743,13,0022200422,14,DEN,Denver Nuggets,2022-12-14,2022-23,Pre-ASG
1610612764,10,0022200422,16,WAS,Washington Wizards,2022-12-14,2022-23,Pre-ASG
1610612746,12,0022200423,17,LAC,LA Clippers,2022-12-14,2022-23,Pre-ASG
1610612750,13,0022200423,14,MIN,Minnesota Timberwolves,2022-12-14,2022-23,Pre-ASG
1610612744,10,0022200415,19,GSW,Golden State Warriors,2022-12-14,2022-23,Pre-ASG
1610612754,9,0022200415,12,IND,Indiana Pacers,2022-12-14,2022-23,Pre-ASG
1610612757,11,0022200420,10,POR,Portland Trail Blazers,2022-12-14,2022-23,Pre-ASG
1610612759,13,0022200420,23,SAS,San Antonio Spurs,2022-12-14,2022-23,Pre-ASG
1610612758,10,0022200417,14,SAC,Sacramento Kings,2022-12-14,2022-23,Pre-ASG
1610612761,10,0022200417,12,TOR,Toronto Raptors,2022-12-14,2022-23,Pre-ASG
1610612737,10,0022200416,13,ATL,Atlanta Hawks,2022-12-14,2022-23,Pre-ASG
1610612753,10,0022200416,8,ORL,Orlando Magic,2022-12-14,2022-23,Pre-ASG
1610612739,11,0022200421,16,CLE,Cleveland Cavaliers,2022-12-14,2022-23,Pre-ASG
1610612742,13,0022200421,13,DAL,Dallas Mavericks,2022-12-14,2022-23,Pre-ASG
1610612765,10,0022200414,16,DET,Detroit Pistons,2022-12-14,2022-23,Pre-ASG
1610612766,9,0022200414,15,CHA,Charlotte Hornets,2022-12-14,2022-23,Pre-ASG
1610612748,9,0022200419,10,MIA,Miami Heat,2022-12-14,2022-23,Pre-ASG
1610612760,11,0022200419,15,OKC,Oklahoma City Thunder,2022-12-14,2022-23,Pre-ASG
1610612755,11,0022200409,15,PHI,Philadelphia 76ers,2022-12-13,2022-23,Pre-ASG
1610612758,14,0022200409,15,SAC,Sacramento Kings,2022-12-13,2022-23,Pre-ASG
1610612740,14,0022200412,20,NOP,New Orleans Pelicans,2022-12-13,2022-23,Pre-ASG
1610612762,13,0022200412,17,UTA,Utah Jazz,2022-12-13,2022-23,Pre-ASG
1610612744,11,0022200410,17,GSW,Golden State Warriors,2022-12-13,2022-23,Pre-ASG
1610612749,13,0022200410,19,MIL,Milwaukee Bucks,2022-12-13,2022-23,Pre-ASG
1610612745,11,0022200411,15,HOU,Houston Rockets,2022-12-13,2022-23,Pre-ASG
1610612756,11,0022200411,15,PHX,Phoenix Suns,2022-12-13,2022-23,Pre-ASG
1610612738,9,0022200413,14,BOS,Boston Celtics,2022-12-13,2022-23,Pre-ASG
1610612747,10,0022200413,12,LAL,Los Angeles Lakers,2022-12-13,2022-23,Pre-ASG
1610612738,12,0022200408,14,BOS,Boston Celtics,2022-12-12,2022-23,Pre-ASG
1610612746,13,0022200408,16,LAC,LA Clippers,2022-12-12,2022-23,Pre-ASG
1610612737,11,0022200404,14,ATL,Atlanta Hawks,2022-12-12,2022-23,Pre-ASG
1610612763,12,0022200404,11,MEM,Memphis Grizzlies,2022-12-12,2022-23,Pre-ASG
1610612748,8,0022200402,8,MIA,Miami Heat,2022-12-12,2022-23,Pre-ASG
1610612754,9,0022200402,11,IND,Indiana Pacers,2022-12-12,2022-23,Pre-ASG
1610612750,14,0022200407,14,MIN,Minnesota Timberwolves,2022-12-12,2022-23,Pre-ASG
1610612757,11,0022200407,12,POR,Portland Trail Blazers,2022-12-12,2022-23,Pre-ASG
1610612739,9,0022200406,14,CLE,Cleveland Cavaliers,2022-12-12,2022-23,Pre-ASG
1610612759,10,0022200406,23,SAS,San Antonio Spurs,2022-12-12,2022-23,Pre-ASG
1610612751,11,0022200403,19,BKN,Brooklyn Nets,2022-12-12,2022-23,Pre-ASG
1610612764,10,0022200403,18,WAS,Washington Wizards,2022-12-12,2022-23,Pre-ASG
1610612742,9,0022200405,10,DAL,Dallas Mavericks,2022-12-12,2022-23,Pre-ASG
1610612760,10,0022200405,17,OKC,Oklahoma City Thunder,2022-12-12,2022-23,Pre-ASG
1610612737,10,0022200400,21,ATL,Atlanta Hawks,2022-12-11,2022-23,Pre-ASG
1610612741,10,0022200400,18,CHI,Chicago Bulls,2022-12-11,2022-23,Pre-ASG
1610612752,9,0022200397,12,NYK,New York Knicks,2022-12-11,2022-23,Pre-ASG
1610612758,11,0022200397,14,SAC,Sacramento Kings,2022-12-11,2022-23,Pre-ASG
1610612755,12,0022200399,17,PHI,Philadelphia 76ers,2022-12-11,2022-23,Pre-ASG
1610612766,11,0022200399,16,CHA,Charlotte Hornets,2022-12-11,2022-23,Pre-ASG
1610612753,10,0022200398,19,ORL,Orlando Magic,2022-12-11,2022-23,Pre-ASG
1610612761,9,0022200398,12,TOR,Toronto Raptors,2022-12-11,2022-23,Pre-ASG
1610612751,9,0022200388,13,BKN,Brooklyn Nets,2022-12-10,2022-23,Pre-ASG
1610612754,10,0022200388,15,IND,Indiana Pacers,2022-12-10,2022-23,Pre-ASG
1610612746,10,0022200389,20,LAC,LA Clippers,2022-12-10,2022-23,Pre-ASG
1610612764,9,0022200389,9,WAS,Washington Wizards,2022-12-10,2022-23,Pre-ASG
1610612743,9,0022200393,11,DEN,Denver Nuggets,2022-12-10,2022-23,Pre-ASG
1610612762,9,0022200393,10,UTA,Utah Jazz,2022-12-10,2022-23,Pre-ASG
1610612738,12,0022200392,14,BOS,Boston Celtics,2022-12-10,2022-23,Pre-ASG
1610612744,11,0022200392,15,GSW,Golden State Warriors,2022-12-10,2022-23,Pre-ASG
1610612739,9,0022200390,10,CLE,Cleveland Cavaliers,2022-12-10,2022-23,Pre-ASG
1610612760,11,0022200390,15,OKC,Oklahoma City Thunder,2022-12-10,2022-23,Pre-ASG
1610612750,9,0022200394,15,MIN,Minnesota Timberwolves,2022-12-10,2022-23,Pre-ASG
1610612757,9,0022200394,14,POR,Portland Trail Blazers,2022-12-10,2022-23,Pre-ASG
1610612748,9,0022200387,17,MIA,Miami Heat,2022-12-10,2022-23,Pre-ASG
1610612759,10,0022200387,24,SAS,San Antonio Spurs,2022-12-10,2022-23,Pre-ASG
1610612741,12,0022200391,13,CHI,Chicago Bulls,2022-12-10,2022-23,Pre-ASG
1610612742,12,0022200391,15,DAL,Dallas Mavericks,2022-12-10,2022-23,Pre-ASG
1610612752,10,0022200377,14,NYK,New York Knicks,2022-12-09,2022-23,Pre-ASG
1610612766,11,0022200377,16,CHA,Charlotte Hornets,2022-12-09,2022-23,Pre-ASG
1610612742,9,0022200386,12,DAL,Dallas Mavericks,2022-12-09,2022-23,Pre-ASG
1610612749,9,0022200386,20,MIL,Milwaukee Bucks,2022-12-09,2022-23,Pre-ASG
1610612753,10,0022200379,17,ORL,Orlando Magic,2022-12-09,2022-23,Pre-ASG
1610612761,9,0022200379,10,TOR,Toronto Raptors,2022-12-09,2022-23,Pre-ASG
1610612747,9,0022200382,17,LAL,Los Angeles Lakers,2022-12-09,2022-23,Pre-ASG
1610612755,10,0022200382,17,PHI,Philadelphia 76ers,2022-12-09,2022-23,Pre-ASG
1610612739,8,0022200381,18,CLE,Cleveland Cavaliers,2022-12-09,2022-23,Pre-ASG
1610612758,10,0022200381,14,SAC,Sacramento Kings,2022-12-09,2022-23,Pre-ASG
1610612737,10,0022200380,11,ATL,Atlanta Hawks,2022-12-09,2022-23,Pre-ASG
1610612751,9,0022200380,18,BKN,Brooklyn Nets,2022-12-09,2022-23,Pre-ASG
1610612763,12,0022200383,18,MEM,Memphis Grizzlies,2022-12-09,2022-23,Pre-ASG
1610612765,11,0022200383,13,DET,Detroit Pistons,2022-12-09,2022-23,Pre-ASG
1610612750,10,0022200385,13,MIN,Minnesota Timberwolves,2022-12-09,2022-23,Pre-ASG
1610612762,10,0022200385,13,UTA,Utah Jazz,2022-12-09,2022-23,Pre-ASG
1610612754,11,0022200378,15,IND,Indiana Pacers,2022-12-09,2022-23,Pre-ASG
1610612764,9,0022200378,15,WAS,Washington Wizards,2022-12-09,2022-23,Pre-ASG
1610612740,9,0022200384,13,NOP,New Orleans Pelicans,2022-12-09,2022-23,Pre-ASG
1610612756,11,0022200384,19,PHX,Phoenix Suns,2022-12-09,2022-23,Pre-ASG
1610612743,10,0022200376,12,DEN,Denver Nuggets,2022-12-08,2022-23,Pre-ASG
1610612757,10,0022200376,12,POR,Portland Trail Blazers,2022-12-08,2022-23,Pre-ASG
1610612745,12,0022200375,12,HOU,Houston Rockets,2022-12-08,2022-23,Pre-ASG
1610612759,10,0022200375,19,SAS,San Antonio Spurs,2022-12-08,2022-23,Pre-ASG
1610612746,10,0022200374,17,LAC,LA Clippers,2022-12-08,2022-23,Pre-ASG
1610612748,9,0022200374,13,MIA,Miami Heat,2022-12-08,2022-23,Pre-ASG
1610612751,10,0022200364,13,BKN,Brooklyn Nets,2022-12-07,2022-23,Pre-ASG
1610612766,10,0022200364,14,CHA,Charlotte Hornets,2022-12-07,2022-23,Pre-ASG
1610612750,11,0022200370,20,MIN,Minnesota Timberwolves,2022-12-07,2022-23,Pre-ASG
1610612754,11,0022200370,13,IND,Indiana Pacers,2022-12-07,2022-23,Pre-ASG
1610612740,9,0022200371,19,NOP,New Orleans Pelicans,2022-12-07,2022-23,Pre-ASG
1610612765,11,0022200371,15,DET,Detroit Pistons,2022-12-07,2022-23,Pre-ASG
1610612746,9,0022200363,12,LAC,LA Clippers,2022-12-07,2022-23,Pre-ASG
1610612753,11,0022200363,14,ORL,Orlando Magic,2022-12-07,2022-23,Pre-ASG
1610612741,10,0022200367,18,CHI,Chicago Bulls,2022-12-07,2022-23,Pre-ASG
1610612764,10,0022200367,19,WAS,Washington Wizards,2022-12-07,2022-23,Pre-ASG
1610612737,12,0022200365,22,ATL,Atlanta Hawks,2022-12-07,2022-23,Pre-ASG
1610612752,11,0022200365,14,NYK,New York Knicks,2022-12-07,2022-23,Pre-ASG
1610612738,12,0022200373,13,BOS,Boston Celtics,2022-12-07,2022-23,Pre-ASG
1610612756,13,0022200373,12,PHX,Phoenix Suns,2022-12-07,2022-23,Pre-ASG
1610612747,10,0022200366,14,LAL,Los Angeles Lakers,2022-12-07,2022-23,Pre-ASG
1610612761,12,0022200366,14,TOR,Toronto Raptors,2022-12-07,2022-23,Pre-ASG
1610612744,10,0022200372,20,GSW,Golden State Warriors,2022-12-07,2022-23,Pre-ASG
1610612762,10,0022200372,12,UTA,Utah Jazz,2022-12-07,2022-23,Pre-ASG
1610612760,11,0022200368,21,OKC,Oklahoma City Thunder,2022-12-07,2022-23,Pre-ASG
1610612763,11,0022200368,14,MEM,Memphis Grizzlies,2022-12-07,2022-23,Pre-ASG
1610612749,12,0022200369,20,MIL,Milwaukee Bucks,2022-12-07,2022-23,Pre-ASG
1610612758,14,0022200369,15,SAC,Sacramento Kings,2022-12-07,2022-23,Pre-ASG
1610612739,11,0022200360,16,CLE,Cleveland Cavaliers,2022-12-06,2022-23,Pre-ASG
1610612747,12,0022200360,18,LAL,Los Angeles Lakers,2022-12-06,2022-23,Pre-ASG
1610612742,9,0022200362,18,DAL,Dallas Mavericks,2022-12-06,2022-23,Pre-ASG
1610612743,10,0022200362,16,DEN,Denver Nuggets,2022-12-06,2022-23,Pre-ASG
1610612748,10,0022200361,17,MIA,Miami Heat,2022-12-06,2022-23,Pre-ASG
1610612765,10,0022200361,9,DET,Detroit Pistons,2022-12-06,2022-23,Pre-ASG
1610612745,11,0022200356,15,HOU,Houston Rockets,2022-12-05,2022-23,Pre-ASG
1610612755,11,0022200356,23,PHI,Philadelphia 76ers,2022-12-05,2022-23,Pre-ASG
1610612746,10,0022200352,14,LAC,LA Clippers,2022-12-05,2022-23,Pre-ASG
1610612766,9,0022200352,7,CHA,Charlotte Hornets,2022-12-05,2022-23,Pre-ASG
1610612737,9,0022200354,12,ATL,Atlanta Hawks,2022-12-05,2022-23,Pre-ASG
1610612760,11,0022200354,15,OKC,Oklahoma City Thunder,2022-12-05,2022-23,Pre-ASG
1610612744,10,0022200359,22,GSW,Golden State Warriors,2022-12-05,2022-23,Pre-ASG
1610612754,9,0022200359,14,IND,Indiana Pacers,2022-12-05,2022-23,Pre-ASG
1610612749,10,0022200353,25,MIL,Milwaukee Bucks,2022-12-05,2022-23,Pre-ASG
1610612753,10,0022200353,13,ORL,Orlando Magic,2022-12-05,2022-23,Pre-ASG
1610612748,9,0022200357,12,MIA,Miami Heat,2022-12-05,2022-23,Pre-ASG
1610612763,9,0022200357,7,MEM,Memphis Grizzlies,2022-12-05,2022-23,Pre-ASG
1610612738,8,0022200355,10,BOS,Boston Celtics,2022-12-05,2022-23,Pre-ASG
1610612761,8,0022200355,6,TOR,Toronto Raptors,2022-12-05,2022-23,Pre-ASG
1610612742,13,0022200358,12,DAL,Dallas Mavericks,2022-12-05,2022-23,Pre-ASG
1610612756,11,0022200358,15,PHX,Phoenix Suns,2022-12-05,2022-23,Pre-ASG
1610612739,10,0022200348,15,CLE,Cleveland Cavaliers,2022-12-04,2022-23,Pre-ASG
1610612752,9,0022200348,12,NYK,New York Knicks,2022-12-04,2022-23,Pre-ASG
1610612756,12,0022200345,13,PHX,Phoenix Suns,2022-12-04,2022-23,Pre-ASG
1610612759,11,0022200345,23,SAS,San Antonio Spurs,2022-12-04,2022-23,Pre-ASG
1610612740,11,0022200344,18,NOP,New Orleans Pelicans,2022-12-04,2022-23,Pre-ASG
1610612743,13,0022200344,17,DEN,Denver Nuggets,2022-12-04,2022-23,Pre-ASG
1610612747,10,0022200349,16,LAL,Los Angeles Lakers,2022-12-04,2022-23,Pre-ASG
1610612764,11,0022200349,22,WAS,Washington Wizards,2022-12-04,2022-23,Pre-ASG
1610612754,12,0022200351,17,IND,Indiana Pacers,2022-12-04,2022-23,Pre-ASG
1610612757,11,0022200351,11,POR,Portland Trail Blazers,2022-12-04,2022-23,Pre-ASG
1610612738,11,0022200346,12,BOS,Boston Celtics,2022-12-04,2022-23,Pre-ASG
1610612751,10,0022200346,15,BKN,Brooklyn Nets,2022-12-04,2022-23,Pre-ASG
1610612741,10,0022200350,15,CHI,Chicago Bulls,2022-12-04,2022-23,Pre-ASG
1610612758,9,0022200350,11,SAC,Sacramento Kings,2022-12-04,2022-23,Pre-ASG
1610612763,9,0022200347,11,MEM,Memphis Grizzlies,2022-12-04,2022-23,Pre-ASG
1610612765,11,0022200347,11,DET,Detroit Pistons,2022-12-04,2022-23,Pre-ASG
1610612744,11,0022200342,18,GSW,Golden State Warriors,2022-12-03,2022-23,Pre-ASG
1610612745,11,0022200342,14,HOU,Houston Rockets,2022-12-03,2022-23,Pre-ASG
1610612749,10,0022200339,25,MIL,Milwaukee Bucks,2022-12-03,2022-23,Pre-ASG
1610612766,9,0022200339,10,CHA,Charlotte Hornets,2022-12-03,2022-23,Pre-ASG
1610612757,8,0022200343,10,POR,Portland Trail Blazers,2022-12-03,2022-23,Pre-ASG
1610612762,9,0022200343,12,UTA,Utah Jazz,2022-12-03,2022-23,Pre-ASG
1610612750,10,0022200341,22,MIN,Minnesota Timberwolves,2022-12-03,2022-23,Pre-ASG
1610612760,10,0022200341,16,OKC,Oklahoma City Thunder,2022-12-03,2022-23,Pre-ASG
1610612753,11,0022200340,13,ORL,Orlando Magic,2022-12-03,2022-23,Pre-ASG
1610612761,12,0022200340,14,TOR,Toronto Raptors,2022-12-03,2022-23,Pre-ASG
1610612746,12,0022200338,15,LAC,LA Clippers,2022-12-03,2022-23,Pre-ASG
1610612758,14,0022200338,18,SAC,Sacramento Kings,2022-12-03,2022-23,Pre-ASG
1610612742,13,0022200337,15,DAL,Dallas Mavericks,2022-12-03,2022-23,Pre-ASG
1610612752,13,0022200337,13,NYK,New York Knicks,2022-12-03,2022-23,Pre-ASG
1610612745,11,0022200334,17,HOU,Houston Rockets,2022-12-02,2022-23,Pre-ASG
1610612756,10,0022200334,15,PHX,Phoenix Suns,2022-12-02,2022-23,Pre-ASG
1610612737,9,0022200327,11,ATL,Atlanta Hawks,2022-12-02,2022-23,Pre-ASG
1610612743,10,0022200327,11,DEN,Denver Nuggets,2022-12-02,2022-23,Pre-ASG
1610612754,12,0022200335,19,IND,Indiana Pacers,2022-12-02,2022-23,Pre-ASG
1610612762,12,0022200335,15,UTA,Utah Jazz,2022-12-02,2022-23,Pre-ASG
1610612751,10,0022200329,18,BKN,Brooklyn Nets,2022-12-02,2022-23,Pre-ASG
1610612761,10,0022200329,13,TOR,Toronto Raptors,2022-12-02,2022-23,Pre-ASG
1610612747,10,0022200331,19,LAL,Los Angeles Lakers,2022-12-02,2022-23,Pre-ASG
1610612749,10,0022200331,19,MIL,Milwaukee Bucks,2022-12-02,2022-23,Pre-ASG
1610612755,10,0022200332,13,PHI,Philadelphia 76ers,2022-12-02,2022-23,Pre-ASG
1610612763,9,0022200332,11,MEM,Memphis Grizzlies,2022-12-02,2022-23,Pre-ASG
1610612741,11,0022200336,19,CHI,Chicago Bulls,2022-12-02,2022-23,Pre-ASG
1610612744,10,0022200336,22,GSW,Golden State Warriors,2022-12-02,2022-23,Pre-ASG
1610612738,9,0022200328,13,BOS,Boston Celtics,2022-12-02,2022-23,Pre-ASG
1610612748,10,0022200328,21,MIA,Miami Heat,2022-12-02,2022-23,Pre-ASG
1610612739,11,0022200330,25,CLE,Cleveland Cavaliers,2022-12-02,2022-23,Pre-ASG
1610612753,9,0022200330,13,ORL,Orlando Magic,2022-12-02,2022-23,Pre-ASG
1610612740,10,0022200333,17,NOP,New Orleans Pelicans,2022-12-02,2022-23,Pre-ASG
1610612759,10,0022200333,22,SAS,San Antonio Spurs,2022-12-02,2022-23,Pre-ASG
1610612764,11,0022200326,19,WAS,Washington Wizards,2022-12-02,2022-23,Pre-ASG
1610612766,9,0022200326,13,CHA,Charlotte Hornets,2022-12-02,2022-23,Pre-ASG
1610612742,10,0022200325,16,DAL,Dallas Mavericks,2022-12-01,2022-23,Pre-ASG
1610612765,11,0022200325,15,DET,Detroit Pistons,2022-12-01,2022-23,Pre-ASG
1610612738,9,0022200314,16,BOS,Boston Celtics,2022-11-30,2022-23,Pre-ASG
1610612748,9,0022200314,15,MIA,Miami Heat,2022-11-30,2022-23,Pre-ASG
1610612759,10,0022200319,25,SAS,San Antonio Spurs,2022-11-30,2022-23,Pre-ASG
1610612760,11,0022200319,21,OKC,Oklahoma City Thunder,2022-11-30,2022-23,Pre-ASG
1610612746,12,0022200322,14,LAC,LA Clippers,2022-11-30,2022-23,Pre-ASG
1610612762,12,0022200322,16,UTA,Utah Jazz,2022-11-30,2022-23,Pre-ASG
1610612747,13,0022200324,19,LAL,Los Angeles Lakers,2022-11-30,2022-23,Pre-ASG
1610612757,10,0022200324,15,POR,Portland Trail Blazers,2022-11-30,2022-23,Pre-ASG
1610612743,12,0022200320,14,DEN,Denver Nuggets,2022-11-30,2022-23,Pre-ASG
1610612745,12,0022200320,13,HOU,Houston Rockets,2022-11-30,2022-23,Pre-ASG
1610612737,12,0022200313,17,ATL,Atlanta Hawks,2022-11-30,2022-23,Pre-ASG
1610612753,12,0022200313,17,ORL,Orlando Magic,2022-11-30,2022-23,Pre-ASG
1610612749,10,0022200316,25,MIL,Milwaukee Bucks,2022-11-30,2022-23,Pre-ASG
1610612752,10,0022200316,15,NYK,New York Knicks,2022-11-30,2022-23,Pre-ASG
1610612741,13,0022200321,19,CHI,Chicago Bulls,2022-11-30,2022-23,Pre-ASG
1610612756,12,0022200321,18,PHX,Phoenix Suns,2022-11-30,2022-23,Pre-ASG
1610612750,9,0022200317,15,MIN,Minnesota Timberwolves,2022-11-30,2022-23,Pre-ASG
1610612763,9,0022200317,18,MEM,Memphis Grizzlies,2022-11-30,2022-23,Pre-ASG
1610612751,9,0022200315,16,BKN,Brooklyn Nets,2022-11-30,2022-23,Pre-ASG
1610612764,10,0022200315,11,WAS,Washington Wizards,2022-11-30,2022-23,Pre-ASG
1610612740,10,0022200318,11,NOP,New Orleans Pelicans,2022-11-30,2022-23,Pre-ASG
1610612761,13,0022200318,18,TOR,Toronto Raptors,2022-11-30,2022-23,Pre-ASG
1610612739,10,0022200312,16,CLE,Cleveland Cavaliers,2022-11-30,2022-23,Pre-ASG
1610612755,12,0022200312,18,PHI,Philadelphia 76ers,2022-11-30,2022-23,Pre-ASG
1610612754,12,0022200323,16,IND,Indiana Pacers,2022-11-30,2022-23,Pre-ASG
1610612758,13,0022200323,20,SAC,Sacramento Kings,2022-11-30,2022-23,Pre-ASG
1610612742,10,0022200310,15,DAL,Dallas Mavericks,2022-11-29,2022-23,Pre-ASG
1610612744,10,0022200310,20,GSW,Golden State Warriors,2022-11-29,2022-23,Pre-ASG
1610612752,14,0022200309,12,NYK,New York Knicks,2022-11-29,2022-23,Pre-ASG
1610612765,12,0022200309,10,DET,Detroit Pistons,2022-11-29,2022-23,Pre-ASG
1610612746,11,0022200311,14,LAC,LA Clippers,2022-11-29,2022-23,Pre-ASG
1610612757,9,0022200311,15,POR,Portland Trail Blazers,2022-11-29,2022-23,Pre-ASG
1610612741,10,0022200306,13,CHI,Chicago Bulls,2022-11-28,2022-23,Pre-ASG
1610612762,10,0022200306,10,UTA,Utah Jazz,2022-11-28,2022-23,Pre-ASG
1610612737,9,0022200299,14,ATL,Atlanta Hawks,2022-11-28,2022-23,Pre-ASG
1610612755,10,0022200299,17,PHI,Philadelphia 76ers,2022-11-28,2022-23,Pre-ASG
1610612740,10,0022200304,14,NOP,New Orleans Pelicans,2022-11-28,2022-23,Pre-ASG
1610612760,10,0022200304,12,OKC,Oklahoma City Thunder,2022-11-28,2022-23,Pre-ASG
1610612750,12,0022200300,16,MIN,Minnesota Timberwolves,2022-11-28,2022-23,Pre-ASG
1610612764,14,0022200300,25,WAS,Washington Wizards,2022-11-28,2022-23,Pre-ASG
1610612743,12,0022200305,16,DEN,Denver Nuggets,2022-11-28,2022-23,Pre-ASG
1610612745,13,0022200305,15,HOU,Houston Rockets,2022-11-28,2022-23,Pre-ASG
1610612738,12,0022200301,13,BOS,Boston Celtics,2022-11-28,2022-23,Pre-ASG
1610612766,9,0022200301,9,CHA,Charlotte Hornets,2022-11-28,2022-23,Pre-ASG
1610612747,10,0022200308,15,LAL,Los Angeles Lakers,2022-11-28,2022-23,Pre-ASG
1610612754,12,0022200308,13,IND,Indiana Pacers,2022-11-28,2022-23,Pre-ASG
1610612751,9,0022200290,17,BKN,Brooklyn Nets,2022-11-27,2022-23,Pre-ASG
1610612757,9,0022200290,14,POR,Portland Trail Blazers,2022-11-27,2022-23,Pre-ASG
1610612742,13,0022200298,15,DAL,Dallas Mavericks,2022-11-27,2022-23,Pre-ASG
1610612749,14,0022200298,26,MIL,Milwaukee Bucks,2022-11-27,2022-23,Pre-ASG
1610612739,10,0022200295,19,CLE,Cleveland Cavaliers,2022-11-27,2022-23,Pre-ASG
1610612765,10,0022200295,15,DET,Detroit Pistons,2022-11-27,2022-23,Pre-ASG
1610612753,10,0022200297,15,ORL,Orlando Magic,2022-11-27,2022-23,Pre-ASG
1610612755,11,0022200297,15,PHI,Philadelphia 76ers,2022-11-27,2022-23,Pre-ASG
1610612746,9,0022200292,13,LAC,LA Clippers,2022-11-27,2022-23,Pre-ASG
1610612754,12,0022200292,19,IND,Indiana Pacers,2022-11-27,2022-23,Pre-ASG
1610612744,11,0022200291,13,GSW,Golden State Warriors,2022-11-27,2022-23,Pre-ASG
1610612750,11,0022200291,17,MIN,Minnesota Timberwolves,2022-11-27,2022-23,Pre-ASG
1610612752,11,0022200296,16,NYK,New York Knicks,2022-11-27,2022-23,Pre-ASG
1610612763,10,0022200296,17,MEM,Memphis Grizzlies,2022-11-27,2022-23,Pre-ASG
1610612738,11,0022200294,15,BOS,Boston Celtics,2022-11-27,2022-23,Pre-ASG
1610612764,11,0022200294,18,WAS,Washington Wizards,2022-11-27,2022-23,Pre-ASG
1610612737,9,0022200293,9,ATL,Atlanta Hawks,2022-11-27,2022-23,Pre-ASG
1610612748,9,0022200293,10,MIA,Miami Heat,2022-11-27,2022-23,Pre-ASG
1610612745,11,0022200287,13,HOU,Houston Rockets,2022-11-26,2022-23,Pre-ASG
1610612760,12,0022200287,19,OKC,Oklahoma City Thunder,2022-11-26,2022-23,Pre-ASG
1610612756,11,0022200289,13,PHX,Phoenix Suns,2022-11-26,2022-23,Pre-ASG
1610612762,9,0022200289,13,UTA,Utah Jazz,2022-11-26,2022-23,Pre-ASG
1610612747,9,0022200288,21,LAL,Los Angeles Lakers,2022-11-26,2022-23,Pre-ASG
1610612759,11,0022200288,30,SAS,San Antonio Spurs,2022-11-26,2022-23,Pre-ASG
1610612742,11,0022200286,19,DAL,Dallas Mavericks,2022-11-26,2022-23,Pre-ASG
1610612761,10,0022200286,14,TOR,Toronto Raptors,2022-11-26,2022-23,Pre-ASG
1610612741,11,0022200281,11,CHI,Chicago Bulls,2022-11-25,2022-23,Pre-ASG
1610612760,10,0022200281,14,OKC,Oklahoma City Thunder,2022-11-25,2022-23,Pre-ASG
1610612751,11,0022200276,11,BKN,Brooklyn Nets,2022-11-25,2022-23,Pre-ASG
1610612754,10,0022200276,14,IND,Indiana Pacers,2022-11-25,2022-23,Pre-ASG
1610612744,10,0022200284,14,GSW,Golden State Warriors,2022-11-25,2022-23,Pre-ASG
1610612762,9,0022200284,10,UTA,Utah Jazz,2022-11-25,2022-23,Pre-ASG
1610612752,10,0022200274,14,NYK,New York Knicks,2022-11-25,2022-23,Pre-ASG
1610612757,8,0022200274,15,POR,Portland Trail Blazers,2022-11-25,2022-23,Pre-ASG
1610612740,13,0022200279,17,NOP,New Orleans Pelicans,2022-11-25,2022-23,Pre-ASG
1610612763,12,0022200279,15,MEM,Memphis Grizzlies,2022-11-25,2022-23,Pre-ASG
1610612750,9,0022200272,18,MIN,Minnesota Timberwolves,2022-11-25,2022-23,Pre-ASG
1610612766,9,0022200272,12,CHA,Charlotte Hornets,2022-11-25,2022-23,Pre-ASG
1610612738,13,0022200275,23,BOS,Boston Celtics,2022-11-25,2022-23,Pre-ASG
1610612758,13,0022200275,18,SAC,Sacramento Kings,2022-11-25,2022-23,Pre-ASG
1610612748,9,0022200277,13,MIA,Miami Heat,2022-11-25,2022-23,Pre-ASG
1610612764,9,0022200277,16,WAS,Washington Wizards,2022-11-25,2022-23,Pre-ASG
1610612737,10,0022200278,11,ATL,Atlanta Hawks,2022-11-25,2022-23,Pre-ASG
1610612745,10,0022200278,17,HOU,Houston Rockets,2022-11-25,2022-23,Pre-ASG
1610612753,9,0022200273,16,ORL,Orlando Magic,2022-11-25,2022-23,Pre-ASG
1610612755,9,0022200273,15,PHI,Philadelphia 76ers,2022-11-25,2022-23,Pre-ASG
1610612743,12,0022200285,12,DEN,Denver Nuggets,2022-11-25,2022-23,Pre-ASG
1610612746,10,0022200285,15,LAC,LA Clippers,2022-11-25,2022-23,Pre-ASG
1610612756,9,0022200283,11,PHX,Phoenix Suns,2022-11-25,2022-23,Pre-ASG
1610612765,11,0022200283,17,DET,Detroit Pistons,2022-11-25,2022-23,Pre-ASG
1610612762,10,0022200270,12,UTA,Utah Jazz,2022-11-23,2022-23,Pre-ASG
1610612765,10,0022200270,10,DET,Detroit Pistons,2022-11-23,2022-23,Pre-ASG
1610612744,13,0022200271,21,GSW,Golden State Warriors,2022-11-23,2022-23,Pre-ASG
1610612746,10,0022200271,14,LAC,LA Clippers,2022-11-23,2022-23,Pre-ASG
1610612740,12,0022200269,16,NOP,New Orleans Pelicans,2022-11-23,2022-23,Pre-ASG
1610612759,12,0022200269,21,SAS,San Antonio Spurs,2022-11-23,2022-23,Pre-ASG
1610612738,10,0022200264,15,BOS,Boston Celtics,2022-11-23,2022-23,Pre-ASG
1610612742,13,0022200264,12,DAL,Dallas Mavericks,2022-11-23,2022-23,Pre-ASG
1610612748,9,0022200265,17,MIA,Miami Heat,2022-11-23,2022-23,Pre-ASG
1610612764,10,0022200265,14,WAS,Washington Wizards,2022-11-23,2022-23,Pre-ASG
1610612743,9,0022200268,14,DEN,Denver Nuggets,2022-11-23,2022-23,Pre-ASG
1610612760,10,0022200268,21,OKC,Oklahoma City Thunder,2022-11-23,2022-23,Pre-ASG
1610612755,9,0022200260,14,PHI,Philadelphia 76ers,2022-11-23,2022-23,Pre-ASG
1610612766,10,0022200260,19,CHA,Charlotte Hornets,2022-11-23,2022-23,Pre-ASG
1610612739,11,0022200261,15,CLE,Cleveland Cavaliers,2022-11-23,2022-23,Pre-ASG
1610612757,11,0022200261,13,POR,Portland Trail Blazers,2022-11-23,2022-23,Pre-ASG
1610612750,12,0022200262,16,MIN,Minnesota Timberwolves,2022-11-23,2022-23,Pre-ASG
1610612754,11,0022200262,14,IND,Indiana Pacers,2022-11-23,2022-23,Pre-ASG
1610612737,9,0022200263,14,ATL,Atlanta Hawks,2022-11-23,2022-23,Pre-ASG
1610612758,12,0022200263,18,SAC,Sacramento Kings,2022-11-23,2022-23,Pre-ASG
1610612741,9,0022200267,15,CHI,Chicago Bulls,2022-11-23,2022-23,Pre-ASG
1610612749,10,0022200267,20,MIL,Milwaukee Bucks,2022-11-23,2022-23,Pre-ASG
1610612751,13,0022200266,14,BKN,Brooklyn Nets,2022-11-23,2022-23,Pre-ASG
1610612761,10,0022200266,14,TOR,Toronto Raptors,2022-11-23,2022-23,Pre-ASG
1610612747,10,0022200259,16,LAL,Los Angeles Lakers,2022-11-22,2022-23,Pre-ASG
1610612756,10,0022200259,12,PHX,Phoenix Suns,2022-11-22,2022-23,Pre-ASG
1610612758,10,0022200257,15,SAC,Sacramento Kings,2022-11-22,2022-23,Pre-ASG
1610612763,10,0022200257,19,MEM,Memphis Grizzlies,2022-11-22,2022-23,Pre-ASG
1610612743,11,0022200258,11,DEN,Denver Nuggets,2022-11-22,2022-23,Pre-ASG
1610612765,10,0022200258,11,DET,Detroit Pistons,2022-11-22,2022-23,Pre-ASG
1610612751,14,0022200256,15,BKN,Brooklyn Nets,2022-11-22,2022-23,Pre-ASG
1610612755,12,0022200256,19,PHI,Philadelphia 76ers,2022-11-22,2022-23,Pre-ASG
1610612738,9,0022200250,12,BOS,Boston Celtics,2022-11-21,2022-23,Pre-ASG
1610612741,10,0022200250,11,CHI,Chicago Bulls,2022-11-21,2022-23,Pre-ASG
1610612749,13,0022200251,21,MIL,Milwaukee Bucks,2022-11-21,2022-23,Pre-ASG
1610612757,11,0022200251,11,POR,Portland Trail Blazers,2022-11-21,2022-23,Pre-ASG
1610612752,10,0022200254,18,NYK,New York Knicks,2022-11-21,2022-23,Pre-ASG
1610612760,13,0022200254,18,OKC,Oklahoma City Thunder,2022-11-21,2022-23,Pre-ASG
1610612753,11,0022200249,22,ORL,Orlando Magic,2022-11-21,2022-23,Pre-ASG
1610612754,11,0022200249,19,IND,Indiana Pacers,2022-11-21,2022-23,Pre-ASG
1610612748,8,0022200252,13,MIA,Miami Heat,2022-11-21,2022-23,Pre-ASG
1610612750,10,0022200252,16,MIN,Minnesota Timberwolves,2022-11-21,2022-23,Pre-ASG
1610612746,9,0022200255,11,LAC,LA Clippers,2022-11-21,2022-23,Pre-ASG
1610612762,10,0022200255,11,UTA,Utah Jazz,2022-11-21,2022-23,Pre-ASG
1610612737,11,0022200248,13,ATL,Atlanta Hawks,2022-11-21,2022-23,Pre-ASG
1610612739,9,0022200248,20,CLE,Cleveland Cavaliers,2022-11-21,2022-23,Pre-ASG
1610612740,13,0022200253,15,NOP,New Orleans Pelicans,2022-11-21,2022-23,Pre-ASG
1610612744,10,0022200253,16,GSW,Golden State Warriors,2022-11-21,2022-23,Pre-ASG
1610612744,11,0022200245,18,GSW,Golden State Warriors,2022-11-20,2022-23,Pre-ASG
1610612745,9,0022200245,14,HOU,Houston Rockets,2022-11-20,2022-23,Pre-ASG
1610612752,13,0022200240,18,NYK,New York Knicks,2022-11-20,2022-23,Pre-ASG
1610612756,10,0022200240,11,PHX,Phoenix Suns,2022-11-20,2022-23,Pre-ASG
1610612739,12,0022200244,16,CLE,Cleveland Cavaliers,2022-11-20,2022-23,Pre-ASG
1610612748,10,0022200244,13,MIA,Miami Heat,2022-11-20,2022-23,Pre-ASG
1610612742,10,0022200246,17,DAL,Dallas Mavericks,2022-11-20,2022-23,Pre-ASG
1610612743,10,0022200246,17,DEN,Denver Nuggets,2022-11-20,2022-23,Pre-ASG
1610612764,10,0022200241,14,WAS,Washington Wizards,2022-11-20,2022-23,Pre-ASG
1610612766,9,0022200241,13,CHA,Charlotte Hornets,2022-11-20,2022-23,Pre-ASG
1610612758,10,0022200242,16,SAC,Sacramento Kings,2022-11-20,2022-23,Pre-ASG
1610612765,10,0022200242,16,DET,Detroit Pistons,2022-11-20,2022-23,Pre-ASG
1610612747,12,0022200247,15,LAL,Los Angeles Lakers,2022-11-20,2022-23,Pre-ASG
1610612759,13,0022200247,14,SAS,San Antonio Spurs,2022-11-20,2022-23,Pre-ASG
1610612751,13,0022200243,15,BKN,Brooklyn Nets,2022-11-20,2022-23,Pre-ASG
1610612763,11,0022200243,14,MEM,Memphis Grizzlies,2022-11-20,2022-23,Pre-ASG
1610612750,10,0022200237,15,MIN,Minnesota Timberwolves,2022-11-19,2022-23,Pre-ASG
1610612755,9,0022200237,17,PHI,Philadelphia 76ers,2022-11-19,2022-23,Pre-ASG
1610612737,10,0022200235,17,ATL,Atlanta Hawks,2022-11-19,2022-23,Pre-ASG
1610612761,9,0022200235,13,TOR,Toronto Raptors,2022-11-19,2022-23,Pre-ASG
1610612753,10,0022200236,17,ORL,Orlando Magic,2022-11-19,2022-23,Pre-ASG
1610612754,11,0022200236,19,IND,Indiana Pacers,2022-11-19,2022-23,Pre-ASG
1610612757,10,0022200238,13,POR,Portland Trail Blazers,2022-11-19,2022-23,Pre-ASG
1610612762,10,0022200238,12,UTA,Utah Jazz,2022-11-19,2022-23,Pre-ASG
1610612746,12,0022200239,17,LAC,LA Clippers,2022-11-19,2022-23,Pre-ASG
1610612759,12,0022200239,16,SAS,San Antonio Spurs,2022-11-19,2022-23,Pre-ASG
1610612739,9,0022200225,20,CLE,Cleveland Cavaliers,2022-11-18,2022-23,Pre-ASG
1610612766,10,0022200225,15,CHA,Charlotte Hornets,2022-11-18,2022-23,Pre-ASG
1610612738,9,0022200231,13,BOS,Boston Celtics,2022-11-18,2022-23,Pre-ASG
1610612740,10,0022200231,12,NOP,New Orleans Pelicans,2022-11-18,2022-23,Pre-ASG
1610612742,13,0022200230,15,DAL,Dallas Mavericks,2022-11-18,2022-23,Pre-ASG
1610612743,12,0022200230,13,DEN,Denver Nuggets,2022-11-18,2022-23,Pre-ASG
1610612756,10,0022200232,13,PHX,Phoenix Suns,2022-11-18,2022-23,Pre-ASG
1610612762,10,0022200232,15,UTA,Utah Jazz,2022-11-18,2022-23,Pre-ASG
1610612741,11,0022200227,19,CHI,Chicago Bulls,2022-11-18,2022-23,Pre-ASG
1610612753,9,0022200227,17,ORL,Orlando Magic,2022-11-18,2022-23,Pre-ASG
1610612749,10,0022200226,17,MIL,Milwaukee Bucks,2022-11-18,2022-23,Pre-ASG
1610612755,10,0022200226,17,PHI,Philadelphia 76ers,2022-11-18,2022-23,Pre-ASG
1610612745,10,0022200228,13,HOU,Houston Rockets,2022-11-18,2022-23,Pre-ASG
1610612754,12,0022200228,21,IND,Indiana Pacers,2022-11-18,2022-23,Pre-ASG
1610612747,10,0022200234,20,LAL,Los Angeles Lakers,2022-11-18,2022-23,Pre-ASG
1610612765,11,0022200234,20,DET,Detroit Pistons,2022-11-18,2022-23,Pre-ASG
1610612744,11,0022200233,17,GSW,Golden State Warriors,2022-11-18,2022-23,Pre-ASG
1610612752,13,0022200233,13,NYK,New York Knicks,2022-11-18,2022-23,Pre-ASG
1610612760,11,0022200229,20,OKC,Oklahoma City Thunder,2022-11-18,2022-23,Pre-ASG
1610612763,10,0022200229,12,MEM,Memphis Grizzlies,2022-11-18,2022-23,Pre-ASG
1610612748,7,0022200224,8,MIA,Miami Heat,2022-11-18,2022-23,Pre-ASG
1610612764,10,0022200224,13,WAS,Washington Wizards,2022-11-18,2022-23,Pre-ASG
1610612746,10,0022200223,14,LAC,LA Clippers,2022-11-17,2022-23,Pre-ASG
1610612765,10,0022200223,18,DET,Detroit Pistons,2022-11-17,2022-23,Pre-ASG
1610612751,10,0022200221,19,BKN,Brooklyn Nets,2022-11-17,2022-23,Pre-ASG
1610612757,9,0022200221,17,POR,Portland Trail Blazers,2022-11-17,2022-23,Pre-ASG
1610612758,14,0022200222,12,SAC,Sacramento Kings,2022-11-17,2022-23,Pre-ASG
1610612759,10,0022200222,21,SAS,San Antonio Spurs,2022-11-17,2022-23,Pre-ASG
1610612748,9,0022200215,15,MIA,Miami Heat,2022-11-16,2022-23,Pre-ASG
1610612761,9,0022200215,10,TOR,Toronto Raptors,2022-11-16,2022-23,Pre-ASG
1610612740,11,0022200217,16,NOP,New Orleans Pelicans,2022-11-16,2022-23,Pre-ASG
1610612741,12,0022200217,18,CHI,Chicago Bulls,2022-11-16,2022-23,Pre-ASG
1610612742,10,0022200218,16,DAL,Dallas Mavericks,2022-11-16,2022-23,Pre-ASG
1610612745,10,0022200218,11,HOU,Houston Rockets,2022-11-16,2022-23,Pre-ASG
1610612750,12,0022200212,16,MIN,Minnesota Timberwolves,2022-11-16,2022-23,Pre-ASG
1610612753,10,0022200212,19,ORL,Orlando Magic,2022-11-16,2022-23,Pre-ASG
1610612760,11,0022200213,17,OKC,Oklahoma City Thunder,2022-11-16,2022-23,Pre-ASG
1610612764,10,0022200213,17,WAS,Washington Wizards,2022-11-16,2022-23,Pre-ASG
1610612744,10,0022200220,17,GSW,Golden State Warriors,2022-11-16,2022-23,Pre-ASG
1610612756,10,0022200220,11,PHX,Phoenix Suns,2022-11-16,2022-23,Pre-ASG
1610612754,10,0022200211,14,IND,Indiana Pacers,2022-11-16,2022-23,Pre-ASG
1610612766,10,0022200211,13,CHA,Charlotte Hornets,2022-11-16,2022-23,Pre-ASG
1610612743,10,0022200219,15,DEN,Denver Nuggets,2022-11-16,2022-23,Pre-ASG
1610612752,9,0022200219,9,NYK,New York Knicks,2022-11-16,2022-23,Pre-ASG
1610612739,12,0022200216,17,CLE,Cleveland Cavaliers,2022-11-16,2022-23,Pre-ASG
1610612749,11,0022200216,18,MIL,Milwaukee Bucks,2022-11-16,2022-23,Pre-ASG
1610612737,14,0022200214,15,ATL,Atlanta Hawks,2022-11-16,2022-23,Pre-ASG
1610612738,11,0022200214,18,BOS,Boston Celtics,2022-11-16,2022-23,Pre-ASG
1610612742,9,0022200207,15,DAL,Dallas Mavericks,2022-11-15,2022-23,Pre-ASG
1610612746,11,0022200207,17,LAC,LA Clippers,2022-11-15,2022-23,Pre-ASG
1610612757,9,0022200209,8,POR,Portland Trail Blazers,2022-11-15,2022-23,Pre-ASG
1610612759,10,0022200209,22,SAS,San Antonio Spurs,2022-11-15,2022-23,Pre-ASG
1610612752,9,0022200208,11,NYK,New York Knicks,2022-11-15,2022-23,Pre-ASG
1610612762,10,0022200208,12,UTA,Utah Jazz,2022-11-15,2022-23,Pre-ASG
1610612751,13,0022200210,15,BKN,Brooklyn Nets,2022-11-15,2022-23,Pre-ASG
1610612758,14,0022200210,24,SAC,Sacramento Kings,2022-11-15,2022-23,Pre-ASG
1610612740,10,0022200206,14,NOP,New Orleans Pelicans,2022-11-15,2022-23,Pre-ASG
1610612763,9,0022200206,14,MEM,Memphis Grizzlies,2022-11-15,2022-23,Pre-ASG
1610612744,12,0022200205,17,GSW,Golden State Warriors,2022-11-14,2022-23,Pre-ASG
1610612759,11,0022200205,20,SAS,San Antonio Spurs,2022-11-14,2022-23,Pre-ASG
1610612753,10,0022200200,13,ORL,Orlando Magic,2022-11-14,2022-23,Pre-ASG
1610612766,10,0022200200,10,CHA,Charlotte Hornets,2022-11-14,2022-23,Pre-ASG
1610612761,11,0022200199,18,TOR,Toronto Raptors,2022-11-14,2022-23,Pre-ASG
1610612765,10,0022200199,17,DET,Detroit Pistons,2022-11-14,2022-23,Pre-ASG
1610612745,13,0022200203,17,HOU,Houston Rockets,2022-11-14,2022-23,Pre-ASG
1610612746,11,0022200203,12,LAC,LA Clippers,2022-11-14,2022-23,Pre-ASG
1610612737,12,0022200204,12,ATL,Atlanta Hawks,2022-11-14,2022-23,Pre-ASG
1610612749,12,0022200204,22,MIL,Milwaukee Bucks,2022-11-14,2022-23,Pre-ASG
1610612748,8,0022200202,6,MIA,Miami Heat,2022-11-14,2022-23,Pre-ASG
1610612756,10,0022200202,12,PHX,Phoenix Suns,2022-11-14,2022-23,Pre-ASG
1610612738,10,0022200201,15,BOS,Boston Celtics,2022-11-14,2022-23,Pre-ASG
1610612760,10,0022200201,21,OKC,Oklahoma City Thunder,2022-11-14,2022-23,Pre-ASG
1610612744,9,0022200197,14,GSW,Golden State Warriors,2022-11-13,2022-23,Pre-ASG
1610612758,10,0022200197,16,SAC,Sacramento Kings,2022-11-13,2022-23,Pre-ASG
1610612739,10,0022200193,20,CLE,Cleveland Cavaliers,2022-11-13,2022-23,Pre-ASG
1610612750,10,0022200193,25,MIN,Minnesota Timberwolves,2022-11-13,2022-23,Pre-ASG
1610612747,11,0022200198,14,LAL,Los Angeles Lakers,2022-11-13,2022-23,Pre-ASG
1610612751,12,0022200198,15,BKN,Brooklyn Nets,2022-11-13,2022-23,Pre-ASG
1610612755,11,0022200195,16,PHI,Philadelphia 76ers,2022-11-13,2022-23,Pre-ASG
1610612762,10,0022200195,15,UTA,Utah Jazz,2022-11-13,2022-23,Pre-ASG
1610612763,9,0022200194,15,MEM,Memphis Grizzlies,2022-11-13,2022-23,Pre-ASG
1610612764,9,0022200194,12,WAS,Washington Wizards,2022-11-13,2022-23,Pre-ASG
1610612741,12,0022200196,15,CHI,Chicago Bulls,2022-11-13,2022-23,Pre-ASG
1610612743,12,0022200196,14,DEN,Denver Nuggets,2022-11-13,2022-23,Pre-ASG
1610612752,11,0022200192,14,NYK,New York Knicks,2022-11-13,2022-23,Pre-ASG
1610612760,11,0022200192,22,OKC,Oklahoma City Thunder,2022-11-13,2022-23,Pre-ASG
1610612738,9,0022200186,12,BOS,Boston Celtics,2022-11-12,2022-23,Pre-ASG
1610612765,10,0022200186,11,DET,Detroit Pistons,2022-11-12,2022-23,Pre-ASG
1610612748,11,0022200189,13,MIA,Miami Heat,2022-11-12,2022-23,Pre-ASG
1610612766,11,0022200189,14,CHA,Charlotte Hornets,2022-11-12,2022-23,Pre-ASG
1610612742,9,0022200190,16,DAL,Dallas Mavericks,2022-11-12,2022-23,Pre-ASG
1610612757,9,0022200190,15,POR,Portland Trail Blazers,2022-11-12,2022-23,Pre-ASG
1610612740,11,0022200191,19,NOP,New Orleans Pelicans,2022-11-12,2022-23,Pre-ASG
1610612745,11,0022200191,20,HOU,Houston Rockets,2022-11-12,2022-23,Pre-ASG
1610612746,11,0022200184,13,LAC,LA Clippers,2022-11-12,2022-23,Pre-ASG
1610612751,12,0022200184,9,BKN,Brooklyn Nets,2022-11-12,2022-23,Pre-ASG
1610612754,11,0022200187,17,IND,Indiana Pacers,2022-11-12,2022-23,Pre-ASG
1610612761,10,0022200187,16,TOR,Toronto Raptors,2022-11-12,2022-23,Pre-ASG
1610612762,13,0022200185,11,UTA,Utah Jazz,2022-11-12,2022-23,Pre-ASG
1610612764,11,0022200185,15,WAS,Washington Wizards,2022-11-12,2022-23,Pre-ASG
1610612737,10,0022200188,14,ATL,Atlanta Hawks,2022-11-12,2022-23,Pre-ASG
1610612755,10,0022200188,13,PHI,Philadelphia 76ers,2022-11-12,2022-23,Pre-ASG
1610612753,10,0022200177,14,ORL,Orlando Magic,2022-11-11,2022-23,Pre-ASG
1610612756,11,0022200177,11,PHX,Phoenix Suns,2022-11-11,2022-23,Pre-ASG
1610612747,10,0022200183,20,LAL,Los Angeles Lakers,2022-11-11,2022-23,Pre-ASG
1610612758,10,0022200183,17,SAC,Sacramento Kings,2022-11-11,2022-23,Pre-ASG
1610612760,10,0022200179,15,OKC,Oklahoma City Thunder,2022-11-11,2022-23,Pre-ASG
1610612761,11,0022200179,16,TOR,Toronto Raptors,2022-11-11,2022-23,Pre-ASG
1610612752,11,0022200178,14,NYK,New York Knicks,2022-11-11,2022-23,Pre-ASG
1610612765,10,0022200178,19,DET,Detroit Pistons,2022-11-11,2022-23,Pre-ASG
1610612750,10,0022200181,18,MIN,Minnesota Timberwolves,2022-11-11,2022-23,Pre-ASG
1610612763,10,0022200181,16,MEM,Memphis Grizzlies,2022-11-11,2022-23,Pre-ASG
1610612739,8,0022200182,10,CLE,Cleveland Cavaliers,2022-11-11,2022-23,Pre-ASG
1610612744,9,0022200182,13,GSW,Golden State Warriors,2022-11-11,2022-23,Pre-ASG
1610612738,11,0022200176,14,BOS,Boston Celtics,2022-11-11,2022-23,Pre-ASG
1610612743,12,0022200176,16,DEN,Denver Nuggets,2022-11-11,2022-23,Pre-ASG
1610612749,10,0022200180,20,MIL,Milwaukee Bucks,2022-11-11,2022-23,Pre-ASG
1610612759,12,0022200180,16,SAS,San Antonio Spurs,2022-11-11,2022-23,Pre-ASG
1610612742,13,0022200172,17,DAL,Dallas Mavericks,2022-11-10,2022-23,Pre-ASG
1610612764,9,0022200172,14,WAS,Washington Wizards,2022-11-10,2022-23,Pre-ASG
1610612740,10,0022200175,17,NOP,New Orleans Pelicans,2022-11-10,2022-23,Pre-ASG
1610612757,8,0022200175,11,POR,Portland Trail Blazers,2022-11-10,2022-23,Pre-ASG
1610612748,8,0022200174,13,MIA,Miami Heat,2022-11-10,2022-23,Pre-ASG
1610612766,10,0022200174,14,CHA,Charlotte Hornets,2022-11-10,2022-23,Pre-ASG
1610612737,10,0022200173,13,ATL,Atlanta Hawks,2022-11-10,2022-23,Pre-ASG
1610612755,12,0022200173,19,PHI,Philadelphia 76ers,2022-11-10,2022-23,Pre-ASG
1610612746,11,0022200170,12,LAC,LA Clippers,2022-11-09,2022-23,Pre-ASG
1610612747,12,0022200170,18,LAL,Los Angeles Lakers,2022-11-09,2022-23,Pre-ASG
1610612738,12,0022200163,16,BOS,Boston Celtics,2022-11-09,2022-23,Pre-ASG
1610612765,13,0022200163,14,DET,Detroit Pistons,2022-11-09,2022-23,Pre-ASG
1610612740,10,0022200166,17,NOP,New Orleans Pelicans,2022-11-09,2022-23,Pre-ASG
1610612741,10,0022200166,17,CHI,Chicago Bulls,2022-11-09,2022-23,Pre-ASG
1610612757,9,0022200159,10,POR,Portland Trail Blazers,2022-11-09,2022-23,Pre-ASG
1610612766,10,0022200159,16,CHA,Charlotte Hornets,2022-11-09,2022-23,Pre-ASG
1610612751,13,0022200164,14,BKN,Brooklyn Nets,2022-11-09,2022-23,Pre-ASG
1610612752,14,0022200164,16,NYK,New York Knicks,2022-11-09,2022-23,Pre-ASG
1610612737,10,0022200162,12,ATL,Atlanta Hawks,2022-11-09,2022-23,Pre-ASG
1610612762,10,0022200162,10,UTA,Utah Jazz,2022-11-09,2022-23,Pre-ASG
1610612742,9,0022200161,12,DAL,Dallas Mavericks,2022-11-09,2022-23,Pre-ASG
1610612753,10,0022200161,16,ORL,Orlando Magic,2022-11-09,2022-23,Pre-ASG
1610612743,9,0022200160,16,DEN,Denver Nuggets,2022-11-09,2022-23,Pre-ASG
1610612754,11,0022200160,17,IND,Indiana Pacers,2022-11-09,2022-23,Pre-ASG
1610612759,9,0022200169,15,SAS,San Antonio Spurs,2022-11-09,2022-23,Pre-ASG
1610612763,10,0022200169,16,MEM,Memphis Grizzlies,2022-11-09,2022-23,Pre-ASG
1610612750,10,0022200167,15,MIN,Minnesota Timberwolves,2022-11-09,2022-23,Pre-ASG
1610612756,11,0022200167,14,PHX,Phoenix Suns,2022-11-09,2022-23,Pre-ASG
1610612739,10,0022200171,15,CLE,Cleveland Cavaliers,2022-11-09,2022-23,Pre-ASG
1610612758,9,0022200171,14,SAC,Sacramento Kings,2022-11-09,2022-23,Pre-ASG
1610612749,10,0022200168,24,MIL,Milwaukee Bucks,2022-11-09,2022-23,Pre-ASG
1610612760,12,0022200168,23,OKC,Oklahoma City Thunder,2022-11-09,2022-23,Pre-ASG
1610612745,10,0022200165,12,HOU,Houston Rockets,2022-11-09,2022-23,Pre-ASG
1610612761,10,0022200165,12,TOR,Toronto Raptors,2022-11-09,2022-23,Pre-ASG
1610612750,12,0022200153,19,MIN,Minnesota Timberwolves,2022-11-07,2022-23,Pre-ASG
1610612752,13,0022200153,15,NYK,New York Knicks,2022-11-07,2022-23,Pre-ASG
1610612740,10,0022200147,17,NOP,New Orleans Pelicans,2022-11-07,2022-23,Pre-ASG
1610612754,9,0022200147,19,IND,Indiana Pacers,2022-11-07,2022-23,Pre-ASG
1610612739,9,0022200158,15,CLE,Cleveland Cavaliers,2022-11-07,2022-23,Pre-ASG
1610612746,9,0022200158,18,LAC,LA Clippers,2022-11-07,2022-23,Pre-ASG
1610612742,10,0022200155,19,DAL,Dallas Mavericks,2022-11-07,2022-23,Pre-ASG
1610612751,12,0022200155,19,BKN,Brooklyn Nets,2022-11-07,2022-23,Pre-ASG
1610612744,10,0022200156,23,GSW,Golden State Warriors,2022-11-07,2022-23,Pre-ASG
1610612758,10,0022200156,21,SAC,Sacramento Kings,2022-11-07,2022-23,Pre-ASG
1610612755,9,0022200148,18,PHI,Philadelphia 76ers,2022-11-07,2022-23,Pre-ASG
1610612756,12,0022200148,14,PHX,Phoenix Suns,2022-11-07,2022-23,Pre-ASG
1610612743,10,0022200154,13,DEN,Denver Nuggets,2022-11-07,2022-23,Pre-ASG
1610612759,10,0022200154,18,SAS,San Antonio Spurs,2022-11-07,2022-23,Pre-ASG
1610612764,11,0022200144,20,WAS,Washington Wizards,2022-11-07,2022-23,Pre-ASG
1610612766,10,0022200144,14,CHA,Charlotte Hornets,2022-11-07,2022-23,Pre-ASG
1610612745,10,0022200145,13,HOU,Houston Rockets,2022-11-07,2022-23,Pre-ASG
1610612753,10,0022200145,17,ORL,Orlando Magic,2022-11-07,2022-23,Pre-ASG
1610612760,10,0022200146,17,OKC,Oklahoma City Thunder,2022-11-07,2022-23,Pre-ASG
1610612765,9,0022200146,13,DET,Detroit Pistons,2022-11-07,2022-23,Pre-ASG
1610612738,9,0022200152,14,BOS,Boston Celtics,2022-11-07,2022-23,Pre-ASG
1610612763,10,0022200152,13,MEM,Memphis Grizzlies,2022-11-07,2022-23,Pre-ASG
1610612747,11,0022200157,19,LAL,Los Angeles Lakers,2022-11-07,2022-23,Pre-ASG
1610612762,14,0022200157,11,UTA,Utah Jazz,2022-11-07,2022-23,Pre-ASG
1610612748,8,0022200150,12,MIA,Miami Heat,2022-11-07,2022-23,Pre-ASG
1610612757,10,0022200150,14,POR,Portland Trail Blazers,2022-11-07,2022-23,Pre-ASG
1610612741,12,0022200151,14,CHI,Chicago Bulls,2022-11-07,2022-23,Pre-ASG
1610612761,12,0022200151,17,TOR,Toronto Raptors,2022-11-07,2022-23,Pre-ASG
1610612737,14,0022200149,11,ATL,Atlanta Hawks,2022-11-07,2022-23,Pre-ASG
1610612749,13,0022200149,24,MIL,Milwaukee Bucks,2022-11-07,2022-23,Pre-ASG
1610612741,9,0022200141,15,CHI,Chicago Bulls,2022-11-06,2022-23,Pre-ASG
1610612761,9,0022200141,11,TOR,Toronto Raptors,2022-11-06,2022-23,Pre-ASG
1610612739,10,0022200140,18,CLE,Cleveland Cavaliers,2022-11-06,2022-23,Pre-ASG
1610612747,11,0022200140,19,LAL,Los Angeles Lakers,2022-11-06,2022-23,Pre-ASG
1610612746,10,0022200143,15,LAC,LA Clippers,2022-11-06,2022-23,Pre-ASG
1610612762,10,0022200143,15,UTA,Utah Jazz,2022-11-06,2022-23,Pre-ASG
1610612763,11,0022200142,18,MEM,Memphis Grizzlies,2022-11-06,2022-23,Pre-ASG
1610612764,11,0022200142,16,WAS,Washington Wizards,2022-11-06,2022-23,Pre-ASG
1610612756,12,0022200139,12,PHX,Phoenix Suns,2022-11-05,2022-23,Pre-ASG
1610612757,12,0022200139,11,POR,Portland Trail Blazers,2022-11-05,2022-23,Pre-ASG
1610612743,12,0022200138,11,DEN,Denver Nuggets,2022-11-05,2022-23,Pre-ASG
1610612759,12,0022200138,22,SAS,San Antonio Spurs,2022-11-05,2022-23,Pre-ASG
1610612737,9,0022200134,12,ATL,Atlanta Hawks,2022-11-05,2022-23,Pre-ASG
1610612740,11,0022200134,20,NOP,New Orleans Pelicans,2022-11-05,2022-23,Pre-ASG
1610612745,11,0022200137,14,HOU,Houston Rockets,2022-11-05,2022-23,Pre-ASG
1610612750,11,0022200137,17,MIN,Minnesota Timberwolves,2022-11-05,2022-23,Pre-ASG
1610612753,10,0022200132,15,ORL,Orlando Magic,2022-11-05,2022-23,Pre-ASG
1610612758,11,0022200132,18,SAC,Sacramento Kings,2022-11-05,2022-23,Pre-ASG
1610612738,9,0022200135,16,BOS,Boston Celtics,2022-11-05,2022-23,Pre-ASG
1610612752,10,0022200135,13,NYK,New York Knicks,2022-11-05,2022-23,Pre-ASG
1610612749,11,0022200136,22,MIL,Milwaukee Bucks,2022-11-05,2022-23,Pre-ASG
1610612760,14,0022200136,22,OKC,Oklahoma City Thunder,2022-11-05,2022-23,Pre-ASG
1610612751,11,0022200133,19,BKN,Brooklyn Nets,2022-11-05,2022-23,Pre-ASG
1610612766,10,0022200133,18,CHA,Charlotte Hornets,2022-11-05,2022-23,Pre-ASG
1610612748,9,0022200121,15,MIA,Miami Heat,2022-11-04,2022-23,Pre-ASG
1610612754,10,0022200121,15,IND,Indiana Pacers,2022-11-04,2022-23,Pre-ASG
1610612751,11,0022200123,12,BKN,Brooklyn Nets,2022-11-04,2022-23,Pre-ASG
1610612764,13,0022200123,17,WAS,Washington Wizards,2022-11-04,2022-23,Pre-ASG
1610612739,11,0022200120,16,CLE,Cleveland Cavaliers,2022-11-04,2022-23,Pre-ASG
1610612765,12,0022200120,12,DET,Detroit Pistons,2022-11-04,2022-23,Pre-ASG
1610612747,13,0022200131,19,LAL,Los Angeles Lakers,2022-11-04,2022-23,Pre-ASG
1610612762,14,0022200131,16,UTA,Utah Jazz,2022-11-04,2022-23,Pre-ASG
1610612742,10,0022200127,13,DAL,Dallas Mavericks,2022-11-04,2022-23,Pre-ASG
1610612761,10,0022200127,16,TOR,Toronto Raptors,2022-11-04,2022-23,Pre-ASG
1610612752,12,0022200122,20,NYK,New York Knicks,2022-11-04,2022-23,Pre-ASG
1610612755,10,0022200122,19,PHI,Philadelphia 76ers,2022-11-04,2022-23,Pre-ASG
1610612749,11,0022200129,20,MIL,Milwaukee Bucks,2022-11-04,2022-23,Pre-ASG
1610612750,10,0022200129,19,MIN,Minnesota Timberwolves,2022-11-04,2022-23,Pre-ASG
1610612756,12,0022200130,17,PHX,Phoenix Suns,2022-11-04,2022-23,Pre-ASG
1610612757,9,0022200130,13,POR,Portland Trail Blazers,2022-11-04,2022-23,Pre-ASG
1610612763,13,0022200125,13,MEM,Memphis Grizzlies,2022-11-04,2022-23,Pre-ASG
1610612766,11,0022200125,13,CHA,Charlotte Hornets,2022-11-04,2022-23,Pre-ASG
1610612738,9,0022200124,14,BOS,Boston Celtics,2022-11-04,2022-23,Pre-ASG
1610612741,9,0022200124,14,CHI,Chicago Bulls,2022-11-04,2022-23,Pre-ASG
1610612740,10,0022200128,18,NOP,New Orleans Pelicans,2022-11-04,2022-23,Pre-ASG
1610612744,10,0022200128,17,GSW,Golden State Warriors,2022-11-04,2022-23,Pre-ASG
1610612746,10,0022200126,15,LAC,LA Clippers,2022-11-04,2022-23,Pre-ASG
1610612759,10,0022200126,21,SAS,San Antonio Spurs,2022-11-04,2022-23,Pre-ASG
1610612744,10,0022200118,20,GSW,Golden State Warriors,2022-11-03,2022-23,Pre-ASG
1610612753,10,0022200118,16,ORL,Orlando Magic,2022-11-03,2022-23,Pre-ASG
1610612743,10,0022200119,15,DEN,Denver Nuggets,2022-11-03,2022-23,Pre-ASG
1610612760,11,0022200119,20,OKC,Oklahoma City Thunder,2022-11-03,2022-23,Pre-ASG
1610612742,10,0022200115,15,DAL,Dallas Mavericks,2022-11-02,2022-23,Pre-ASG
1610612762,10,0022200115,17,UTA,Utah Jazz,2022-11-02,2022-23,Pre-ASG
1610612755,10,0022200108,14,PHI,Philadelphia 76ers,2022-11-02,2022-23,Pre-ASG
1610612764,9,0022200108,14,WAS,Washington Wizards,2022-11-02,2022-23,Pre-ASG
1610612748,8,0022200109,8,MIA,Miami Heat,2022-11-02,2022-23,Pre-ASG
1610612758,10,0022200109,18,SAC,Sacramento Kings,2022-11-02,2022-23,Pre-ASG
1610612757,9,0022200116,14,POR,Portland Trail Blazers,2022-11-02,2022-23,Pre-ASG
1610612763,9,0022200116,14,MEM,Memphis Grizzlies,2022-11-02,2022-23,Pre-ASG
1610612759,13,0022200114,22,SAS,San Antonio Spurs,2022-11-02,2022-23,Pre-ASG
1610612761,14,0022200114,16,TOR,Toronto Raptors,2022-11-02,2022-23,Pre-ASG
1610612749,12,0022200113,16,MIL,Milwaukee Bucks,2022-11-02,2022-23,Pre-ASG
1610612765,13,0022200113,15,DET,Detroit Pistons,2022-11-02,2022-23,Pre-ASG
1610612740,10,0022200117,14,NOP,New Orleans Pelicans,2022-11-02,2022-23,Pre-ASG
1610612747,9,0022200117,17,LAL,Los Angeles Lakers,2022-11-02,2022-23,Pre-ASG
1610612741,10,0022200111,15,CHI,Chicago Bulls,2022-11-02,2022-23,Pre-ASG
1610612766,11,0022200111,19,CHA,Charlotte Hornets,2022-11-02,2022-23,Pre-ASG
1610612737,13,0022200110,15,ATL,Atlanta Hawks,2022-11-02,2022-23,Pre-ASG
1610612752,11,0022200110,11,NYK,New York Knicks,2022-11-02,2022-23,Pre-ASG
1610612745,10,0022200112,16,HOU,Houston Rockets,2022-11-02,2022-23,Pre-ASG
1610612746,11,0022200112,19,LAC,LA Clippers,2022-11-02,2022-23,Pre-ASG
1610612738,9,0022200107,13,BOS,Boston Celtics,2022-11-02,2022-23,Pre-ASG
1610612739,10,0022200107,21,CLE,Cleveland Cavaliers,2022-11-02,2022-23,Pre-ASG
1610612741,9,0022200103,15,CHI,Chicago Bulls,2022-11-01,2022-23,Pre-ASG
1610612751,11,0022200103,15,BKN,Brooklyn Nets,2022-11-01,2022-23,Pre-ASG
1610612750,10,0022200106,7,MIN,Minnesota Timberwolves,2022-11-01,2022-23,Pre-ASG
1610612756,11,0022200106,5,PHX,Phoenix Suns,2022-11-01,2022-23,Pre-ASG
1610612753,11,0022200105,13,ORL,Orlando Magic,2022-11-01,2022-23,Pre-ASG
1610612760,11,0022200105,22,OKC,Oklahoma City Thunder,2022-11-01,2022-23,Pre-ASG
1610612744,10,0022200104,17,GSW,Golden State Warriors,2022-11-01,2022-23,Pre-ASG
1610612748,9,0022200104,14,MIA,Miami Heat,2022-11-01,2022-23,Pre-ASG
1610612749,11,0022200100,25,MIL,Milwaukee Bucks,2022-10-31,2022-23,Pre-ASG
1610612765,9,0022200100,12,DET,Detroit Pistons,2022-10-31,2022-23,Pre-ASG
1610612758,13,0022200096,21,SAC,Sacramento Kings,2022-10-31,2022-23,Pre-ASG
1610612766,10,0022200096,14,CHA,Charlotte Hornets,2022-10-31,2022-23,Pre-ASG
1610612745,11,0022200102,12,HOU,Houston Rockets,2022-10-31,2022-23,Pre-ASG
1610612746,10,0022200102,16,LAC,LA Clippers,2022-10-31,2022-23,Pre-ASG
1610612737,14,0022200099,13,ATL,Atlanta Hawks,2022-10-31,2022-23,Pre-ASG
1610612761,14,0022200099,16,TOR,Toronto Raptors,2022-10-31,2022-23,Pre-ASG
1610612755,11,0022200097,10,PHI,Philadelphia 76ers,2022-10-31,2022-23,Pre-ASG
1610612764,11,0022200097,12,WAS,Washington Wizards,2022-10-31,2022-23,Pre-ASG
1610612762,12,0022200101,14,UTA,Utah Jazz,2022-10-31,2022-23,Pre-ASG
1610612763,12,0022200101,17,MEM,Memphis Grizzlies,2022-10-31,2022-23,Pre-ASG
1610612751,10,0022200098,18,BKN,Brooklyn Nets,2022-10-31,2022-23,Pre-ASG
1610612754,12,0022200098,21,IND,Indiana Pacers,2022-10-31,2022-23,Pre-ASG
1610612750,11,0022200092,20,MIN,Minnesota Timberwolves,2022-10-30,2022-23,Pre-ASG
1610612759,10,0022200092,22,SAS,San Antonio Spurs,2022-10-30,2022-23,Pre-ASG
1610612745,11,0022200094,18,HOU,Houston Rockets,2022-10-30,2022-23,Pre-ASG
1610612756,12,0022200094,9,PHX,Phoenix Suns,2022-10-30,2022-23,Pre-ASG
1610612742,10,0022200093,13,DAL,Dallas Mavericks,2022-10-30,2022-23,Pre-ASG
1610612753,10,0022200093,15,ORL,Orlando Magic,2022-10-30,2022-23,Pre-ASG
1610612740,11,0022200088,18,NOP,New Orleans Pelicans,2022-10-30,2022-23,Pre-ASG
1610612746,13,0022200088,17,LAC,LA Clippers,2022-10-30,2022-23,Pre-ASG
1610612738,12,0022200089,17,BOS,Boston Celtics,2022-10-30,2022-23,Pre-ASG
1610612764,14,0022200089,17,WAS,Washington Wizards,2022-10-30,2022-23,Pre-ASG
1610612739,12,0022200090,24,CLE,Cleveland Cavaliers,2022-10-30,2022-23,Pre-ASG
1610612752,10,0022200090,10,NYK,New York Knicks,2022-10-30,2022-23,Pre-ASG
1610612744,13,0022200091,23,GSW,Golden State Warriors,2022-10-30,2022-23,Pre-ASG
1610612765,10,0022200091,15,DET,Detroit Pistons,2022-10-30,2022-23,Pre-ASG
1610612743,11,0022200095,16,DEN,Denver Nuggets,2022-10-30,2022-23,Pre-ASG
1610612747,11,0022200095,23,LAL,Los Angeles Lakers,2022-10-30,2022-23,Pre-ASG
1610612737,10,0022200085,9,ATL,Atlanta Hawks,2022-10-29,2022-23,Pre-ASG
1610612749,11,0022200085,22,MIL,Milwaukee Bucks,2022-10-29,2022-23,Pre-ASG
1610612762,9,0022200087,15,UTA,Utah Jazz,2022-10-29,2022-23,Pre-ASG
1610612763,10,0022200087,21,MEM,Memphis Grizzlies,2022-10-29,2022-23,Pre-ASG
1610612741,10,0022200084,12,CHI,Chicago Bulls,2022-10-29,2022-23,Pre-ASG
1610612755,11,0022200084,22,PHI,Philadelphia 76ers,2022-10-29,2022-23,Pre-ASG
1610612751,10,0022200083,13,BKN,Brooklyn Nets,2022-10-29,2022-23,Pre-ASG
1610612754,11,0022200083,14,IND,Indiana Pacers,2022-10-29,2022-23,Pre-ASG
1610612748,10,0022200081,15,MIA,Miami Heat,2022-10-29,2022-23,Pre-ASG
1610612758,12,0022200081,19,SAC,Sacramento Kings,2022-10-29,2022-23,Pre-ASG
1610612742,10,0022200086,19,DAL,Dallas Mavericks,2022-10-29,2022-23,Pre-ASG
1610612760,12,0022200086,21,OKC,Oklahoma City Thunder,2022-10-29,2022-23,Pre-ASG
1610612744,11,0022200082,16,GSW,Golden State Warriors,2022-10-29,2022-23,Pre-ASG
1610612766,10,0022200082,12,CHA,Charlotte Hornets,2022-10-29,2022-23,Pre-ASG
1610612745,12,0022200080,20,HOU,Houston Rockets,2022-10-28,2022-23,Pre-ASG
1610612757,11,0022200080,14,POR,Portland Trail Blazers,2022-10-28,2022-23,Pre-ASG
1610612740,11,0022200079,13,NOP,New Orleans Pelicans,2022-10-28,2022-23,Pre-ASG
1610612756,13,0022200079,14,PHX,Phoenix Suns,2022-10-28,2022-23,Pre-ASG
1610612749,10,0022200075,18,MIL,Milwaukee Bucks,2022-10-28,2022-23,Pre-ASG
1610612752,12,0022200075,13,NYK,New York Knicks,2022-10-28,2022-23,Pre-ASG
1610612747,9,0022200076,20,LAL,Los Angeles Lakers,2022-10-28,2022-23,Pre-ASG
1610612750,9,0022200076,17,MIN,Minnesota Timberwolves,2022-10-28,2022-23,Pre-ASG
1610612755,13,0022200073,16,PHI,Philadelphia 76ers,2022-10-28,2022-23,Pre-ASG
1610612761,13,0022200073,17,TOR,Toronto Raptors,2022-10-28,2022-23,Pre-ASG
1610612743,14,0022200078,11,DEN,Denver Nuggets,2022-10-28,2022-23,Pre-ASG
1610612762,13,0022200078,14,UTA,Utah Jazz,2022-10-28,2022-23,Pre-ASG
1610612753,11,0022200071,11,ORL,Orlando Magic,2022-10-28,2022-23,Pre-ASG
1610612766,13,0022200071,16,CHA,Charlotte Hornets,2022-10-28,2022-23,Pre-ASG
1610612737,14,0022200070,18,ATL,Atlanta Hawks,2022-10-28,2022-23,Pre-ASG
1610612765,12,0022200070,16,DET,Detroit Pistons,2022-10-28,2022-23,Pre-ASG
1610612741,10,0022200077,25,CHI,Chicago Bulls,2022-10-28,2022-23,Pre-ASG
1610612759,10,0022200077,19,SAS,San Antonio Spurs,2022-10-28,2022-23,Pre-ASG
1610612754,11,0022200074,16,IND,Indiana Pacers,2022-10-28,2022-23,Pre-ASG
1610612764,13,0022200074,14,WAS,Washington Wizards,2022-10-28,2022-23,Pre-ASG
1610612738,10,0022200072,20,BOS,Boston Celtics,2022-10-28,2022-23,Pre-ASG
1610612739,9,0022200072,14,CLE,Cleveland Cavaliers,2022-10-28,2022-23,Pre-ASG
1610612746,13,0022200067,16,LAC,LA Clippers,2022-10-27,2022-23,Pre-ASG
1610612760,11,0022200067,25,OKC,Oklahoma City Thunder,2022-10-27,2022-23,Pre-ASG
1610612744,10,0022200068,12,GSW,Golden State Warriors,2022-10-27,2022-23,Pre-ASG
1610612748,9,0022200068,10,MIA,Miami Heat,2022-10-27,2022-23,Pre-ASG
1610612758,14,0022200069,19,SAC,Sacramento Kings,2022-10-27,2022-23,Pre-ASG
1610612763,11,0022200069,16,MEM,Memphis Grizzlies,2022-10-27,2022-23,Pre-ASG
1610612742,10,0022200066,15,DAL,Dallas Mavericks,2022-10-27,2022-23,Pre-ASG
1610612751,9,0022200066,17,BKN,Brooklyn Nets,2022-10-27,2022-23,Pre-ASG
1610612752,10,0022200058,11,NYK,New York Knicks,2022-10-26,2022-23,Pre-ASG
1610612766,11,0022200058,16,CHA,Charlotte Hornets,2022-10-26,2022-23,Pre-ASG
1610612748,13,0022200065,14,MIA,Miami Heat,2022-10-26,2022-23,Pre-ASG
1610612757,12,0022200065,16,POR,Portland Trail Blazers,2022-10-26,2022-23,Pre-ASG
1610612739,9,0022200056,15,CLE,Cleveland Cavaliers,2022-10-26,2022-23,Pre-ASG
1610612753,10,0022200056,11,ORL,Orlando Magic,2022-10-26,2022-23,Pre-ASG
1610612745,11,0022200063,20,HOU,Houston Rockets,2022-10-26,2022-23,Pre-ASG
1610612762,11,0022200063,19,UTA,Utah Jazz,2022-10-26,2022-23,Pre-ASG
1610612749,9,0022200060,21,MIL,Milwaukee Bucks,2022-10-26,2022-23,Pre-ASG
1610612751,12,0022200060,21,BKN,Brooklyn Nets,2022-10-26,2022-23,Pre-ASG
1610612743,15,0022200064,10,DEN,Denver Nuggets,2022-10-26,2022-23,Pre-ASG
1610612747,12,0022200064,12,LAL,Los Angeles Lakers,2022-10-26,2022-23,Pre-ASG
1610612737,9,0022200057,12,ATL,Atlanta Hawks,2022-10-26,2022-23,Pre-ASG
1610612765,10,0022200057,12,DET,Detroit Pistons,2022-10-26,2022-23,Pre-ASG
1610612750,9,0022200062,14,MIN,Minnesota Timberwolves,2022-10-26,2022-23,Pre-ASG
1610612759,11,0022200062,18,SAS,San Antonio Spurs,2022-10-26,2022-23,Pre-ASG
1610612741,13,0022200061,17,CHI,Chicago Bulls,2022-10-26,2022-23,Pre-ASG
1610612754,11,0022200061,21,IND,Indiana Pacers,2022-10-26,2022-23,Pre-ASG
1610612755,10,0022200059,10,PHI,Philadelphia 76ers,2022-10-26,2022-23,Pre-ASG
1610612761,10,0022200059,10,TOR,Toronto Raptors,2022-10-26,2022-23,Pre-ASG
1610612744,11,0022200055,22,GSW,Golden State Warriors,2022-10-25,2022-23,Pre-ASG
1610612756,11,0022200055,16,PHX,Phoenix Suns,2022-10-25,2022-23,Pre-ASG
1610612746,11,0022200054,15,LAC,LA Clippers,2022-10-25,2022-23,Pre-ASG
1610612760,11,0022200054,23,OKC,Oklahoma City Thunder,2022-10-25,2022-23,Pre-ASG
1610612764,14,0022200052,19,WAS,Washington Wizards,2022-10-25,2022-23,Pre-ASG
1610612765,11,0022200052,14,DET,Detroit Pistons,2022-10-25,2022-23,Pre-ASG
1610612745,11,0022200048,16,HOU,Houston Rockets,2022-10-24,2022-23,Pre-ASG
1610612762,12,0022200048,10,UTA,Utah Jazz,2022-10-24,2022-23,Pre-ASG
1610612738,13,0022200047,12,BOS,Boston Celtics,2022-10-24,2022-23,Pre-ASG
1610612741,14,0022200047,14,CHI,Chicago Bulls,2022-10-24,2022-23,Pre-ASG
1610612751,10,0022200049,15,BKN,Brooklyn Nets,2022-10-24,2022-23,Pre-ASG
1610612763,10,0022200049,17,MEM,Memphis Grizzlies,2022-10-24,2022-23,Pre-ASG
1610612754,12,0022200044,20,IND,Indiana Pacers,2022-10-24,2022-23,Pre-ASG
1610612755,14,0022200044,18,PHI,Philadelphia 76ers,2022-10-24,2022-23,Pre-ASG
1610612737,13,0022200038,13,ATL,Atlanta Hawks,2022-10-23,2022-23,Pre-ASG
1610612766,13,0022200038,17,CHA,Charlotte Hornets,2022-10-23,2022-23,Pre-ASG
1610612740,11,0022200040,23,NOP,New Orleans Pelicans,2022-10-23,2022-23,Pre-ASG
1610612762,11,0022200040,19,UTA,Utah Jazz,2022-10-23,2022-23,Pre-ASG
1610612747,10,0022200037,17,LAL,Los Angeles Lakers,2022-10-23,2022-23,Pre-ASG
1610612757,9,0022200037,14,POR,Portland Trail Blazers,2022-10-23,2022-23,Pre-ASG
1610612746,15,0022200043,19,LAC,LA Clippers,2022-10-23,2022-23,Pre-ASG
1610612756,12,0022200043,19,PHX,Phoenix Suns,2022-10-23,2022-23,Pre-ASG
1610612750,12,0022200041,17,MIN,Minnesota Timberwolves,2022-10-23,2022-23,Pre-ASG
1610612760,14,0022200041,20,OKC,Oklahoma City Thunder,2022-10-23,2022-23,Pre-ASG
1610612739,10,0022200039,18,CLE,Cleveland Cavaliers,2022-10-23,2022-23,Pre-ASG
1610612764,10,0022200039,12,WAS,Washington Wizards,2022-10-23,2022-23,Pre-ASG
1610612744,12,0022200042,12,GSW,Golden State Warriors,2022-10-23,2022-23,Pre-ASG
1610612758,12,0022200042,19,SAC,Sacramento Kings,2022-10-23,2022-23,Pre-ASG
1610612739,12,0022200032,16,CLE,Cleveland Cavaliers,2022-10-22,2022-23,Pre-ASG
1610612741,14,0022200032,19,CHI,Chicago Bulls,2022-10-22,2022-23,Pre-ASG
1610612738,11,0022200030,14,BOS,Boston Celtics,2022-10-22,2022-23,Pre-ASG
1610612753,10,0022200030,13,ORL,Orlando Magic,2022-10-22,2022-23,Pre-ASG
1610612754,11,0022200029,15,IND,Indiana Pacers,2022-10-22,2022-23,Pre-ASG
1610612765,10,0022200029,14,DET,Detroit Pistons,2022-10-22,2022-23,Pre-ASG
1610612742,14,0022200034,15,DAL,Dallas Mavericks,2022-10-22,2022-23,Pre-ASG
1610612763,13,0022200034,16,MEM,Memphis Grizzlies,2022-10-22,2022-23,Pre-ASG
1610612743,10,0022200035,17,DEN,Denver Nuggets,2022-10-22,2022-23,Pre-ASG
1610612760,13,0022200035,24,OKC,Oklahoma City Thunder,2022-10-22,2022-23,Pre-ASG
1610612755,10,0022200028,16,PHI,Philadelphia 76ers,2022-10-22,2022-23,Pre-ASG
1610612759,12,0022200028,25,SAS,San Antonio Spurs,2022-10-22,2022-23,Pre-ASG
1610612748,9,0022200031,16,MIA,Miami Heat,2022-10-22,2022-23,Pre-ASG
1610612761,10,0022200031,16,TOR,Toronto Raptors,2022-10-22,2022-23,Pre-ASG
1610612746,10,0022200036,18,LAC,LA Clippers,2022-10-22,2022-23,Pre-ASG
1610612758,11,0022200036,13,SAC,Sacramento Kings,2022-10-22,2022-23,Pre-ASG
1610612745,12,0022200033,13,HOU,Houston Rockets,2022-10-22,2022-23,Pre-ASG
1610612749,14,0022200033,18,MIL,Milwaukee Bucks,2022-10-22,2022-23,Pre-ASG
1610612751,9,0022200021,16,BKN,Brooklyn Nets,2022-10-21,2022-23,Pre-ASG
1610612761,9,0022200021,15,TOR,Toronto Raptors,2022-10-21,2022-23,Pre-ASG
1610612745,10,0022200024,13,HOU,Houston Rockets,2022-10-21,2022-23,Pre-ASG
1610612763,10,0022200024,18,MEM,Memphis Grizzlies,2022-10-21,2022-23,Pre-ASG
1610612740,11,0022200017,18,NOP,New Orleans Pelicans,2022-10-21,2022-23,Pre-ASG
1610612766,9,0022200017,13,CHA,Charlotte Hornets,2022-10-21,2022-23,Pre-ASG
1610612738,9,0022200022,15,BOS,Boston Celtics,2022-10-21,2022-23,Pre-ASG
1610612748,10,0022200022,16,MIA,Miami Heat,2022-10-21,2022-23,Pre-ASG
1610612756,11,0022200027,20,PHX,Phoenix Suns,2022-10-21,2022-23,Pre-ASG
1610612757,9,0022200027,15,POR,Portland Trail Blazers,2022-10-21,2022-23,Pre-ASG
1610612741,9,0022200019,19,CHI,Chicago Bulls,2022-10-21,2022-23,Pre-ASG
1610612764,10,0022200019,15,WAS,Washington Wizards,2022-10-21,2022-23,Pre-ASG
1610612752,15,0022200023,11,NYK,New York Knicks,2022-10-21,2022-23,Pre-ASG
1610612765,13,0022200023,16,DET,Detroit Pistons,2022-10-21,2022-23,Pre-ASG
1610612743,10,0022200026,12,DEN,Denver Nuggets,2022-10-21,2022-23,Pre-ASG
1610612744,11,0022200026,17,GSW,Golden State Warriors,2022-10-21,2022-23,Pre-ASG
1610612750,12,0022200025,21,MIN,Minnesota Timberwolves,2022-10-21,2022-23,Pre-ASG
1610612762,10,0022200025,19,UTA,Utah Jazz,2022-10-21,2022-23,Pre-ASG
1610612746,11,0022200016,19,LAC,LA Clippers,2022-10-20,2022-23,Pre-ASG
1610612747,10,0022200016,16,LAL,Los Angeles Lakers,2022-10-20,2022-23,Pre-ASG
1610612749,10,0022200015,17,MIL,Milwaukee Bucks,2022-10-20,2022-23,Pre-ASG
1610612755,11,0022200015,13,PHI,Philadelphia 76ers,2022-10-20,2022-23,Pre-ASG
1610612759,13,0022200011,15,SAS,San Antonio Spurs,2022-10-19,2022-23,Pre-ASG
1610612766,15,0022200011,20,CHA,Charlotte Hornets,2022-10-19,2022-23,Pre-ASG
1610612757,9,0022200014,15,POR,Portland Trail Blazers,2022-10-19,2022-23,Pre-ASG
1610612758,10,0022200014,14,SAC,Sacramento Kings,2022-10-19,2022-23,Pre-ASG
1610612737,9,0022200005,10,ATL,Atlanta Hawks,2022-10-19,2022-23,Pre-ASG
1610612745,10,0022200005,11,HOU,Houston Rockets,2022-10-19,2022-23,Pre-ASG
1610612753,10,0022200003,17,ORL,Orlando Magic,2022-10-19,2022-23,Pre-ASG
1610612765,10,0022200003,13,DET,Detroit Pistons,2022-10-19,2022-23,Pre-ASG
1610612742,9,0022200013,17,DAL,Dallas Mavericks,2022-10-19,2022-23,Pre-ASG
1610612756,12,0022200013,19,PHX,Phoenix Suns,2022-10-19,2022-23,Pre-ASG
1610612740,11,0022200006,17,NOP,New Orleans Pelicans,2022-10-19,2022-23,Pre-ASG
1610612751,12,0022200006,22,BKN,Brooklyn Nets,2022-10-19,2022-23,Pre-ASG
1610612750,11,0022200010,26,MIN,Minnesota Timberwolves,2022-10-19,2022-23,Pre-ASG
1610612760,13,0022200010,27,OKC,Oklahoma City Thunder,2022-10-19,2022-23,Pre-ASG
1610612741,9,0022200007,18,CHI,Chicago Bulls,2022-10-19,2022-23,Pre-ASG
1610612748,10,0022200007,13,MIA,Miami Heat,2022-10-19,2022-23,Pre-ASG
1610612752,10,0022200009,17,NYK,New York Knicks,2022-10-19,2022-23,Pre-ASG
1610612763,10,0022200009,17,MEM,Memphis Grizzlies,2022-10-19,2022-23,Pre-ASG
1610612743,15,0022200012,18,DEN,Denver Nuggets,2022-10-19,2022-23,Pre-ASG
1610612762,14,0022200012,20,UTA,Utah Jazz,2022-10-19,2022-23,Pre-ASG
1610612754,11,0022200004,20,IND,Indiana Pacers,2022-10-19,2022-23,Pre-ASG
1610612764,10,0022200004,12,WAS,Washington Wizards,2022-10-19,2022-23,Pre-ASG
1610612739,10,0022200008,19,CLE,Cleveland Cavaliers,2022-10-19,2022-23,Pre-ASG
1610612761,10,0022200008,17,TOR,Toronto Raptors,2022-10-19,2022-23,Pre-ASG
1610612744,12,0022200002,18,GSW,Golden State Warriors,2022-10-18,2022-23,Pre-ASG
1610612747,13,0022200002,27,LAL,Los Angeles Lakers,2022-10-18,2022-23,Pre-ASG
1610612759,10,0022301197,16,SAS,San Antonio Spurs,2024-04-14,2023-24,Post-ASG
1610612765,11,0022301197,15,DET,Detroit Pistons,2024-04-14,2023-24,Post-ASG
1610612750,14,0022301194,14,MIN,Minnesota Timberwolves,2024-04-14,2023-24,Post-ASG
1610612756,14,0022301194,15,PHX,Phoenix Suns,2024-04-14,2023-24,Post-ASG
1610612745,12,0022301199,18,HOU,Houston Rockets,2024-04-14,2023-24,Post-ASG
1610612746,8,0022301199,11,LAC,LA Clippers,2024-04-14,2023-24,Post-ASG
1610612738,11,0022301186,14,BOS,Boston Celtics,2024-04-14,2023-24,Post-ASG
1610612764,9,0022301186,16,WAS,Washington Wizards,2024-04-14,2023-24,Post-ASG
1610612737,11,0022301188,11,ATL,Atlanta Hawks,2024-04-14,2023-24,Post-ASG
1610612754,14,0022301188,9,IND,Indiana Pacers,2024-04-14,2023-24,Post-ASG
1610612748,15,0022301189,14,MIA,Miami Heat,2024-04-14,2023-24,Post-ASG
1610612761,10,0022301189,9,TOR,Toronto Raptors,2024-04-14,2023-24,Post-ASG
1610612749,13,0022301191,13,MIL,Milwaukee Bucks,2024-04-14,2023-24,Post-ASG
1610612753,15,0022301191,16,ORL,Orlando Magic,2024-04-14,2023-24,Post-ASG
1610612744,14,0022301198,15,GSW,Golden State Warriors,2024-04-14,2023-24,Post-ASG
1610612762,10,0022301198,9,UTA,Utah Jazz,2024-04-14,2023-24,Post-ASG
1610612739,12,0022301187,13,CLE,Cleveland Cavaliers,2024-04-14,2023-24,Post-ASG
1610612766,9,0022301187,15,CHA,Charlotte Hornets,2024-04-14,2023-24,Post-ASG
1610612741,9,0022301172,19,CHI,Chicago Bulls,2024-04-12,2023-24,Post-ASG
1610612764,9,0022301172,15,WAS,Washington Wizards,2024-04-12,2023-24,Post-ASG
1610612748,13,0022301176,10,MIA,Miami Heat,2024-04-12,2023-24,Post-ASG
1610612761,11,0022301176,15,TOR,Toronto Raptors,2024-04-12,2023-24,Post-ASG
1610612742,14,0022301181,17,DAL,Dallas Mavericks,2024-04-12,2023-24,Post-ASG
1610612765,9,0022301181,12,DET,Detroit Pistons,2024-04-12,2023-24,Post-ASG
1610612739,8,0022301174,13,CLE,Cleveland Cavaliers,2024-04-12,2023-24,Post-ASG
1610612754,10,0022301174,10,IND,Indiana Pacers,2024-04-12,2023-24,Post-ASG
1610612749,14,0022301179,19,MIL,Milwaukee Bucks,2024-04-12,2023-24,Post-ASG
1610612760,14,0022301179,19,OKC,Oklahoma City Thunder,2024-04-12,2023-24,Post-ASG
1610612751,8,0022301175,11,BKN,Brooklyn Nets,2024-04-12,2023-24,Post-ASG
1610612752,9,0022301175,8,NYK,New York Knicks,2024-04-12,2023-24,Post-ASG
1610612753,11,0022301171,16,ORL,Orlando Magic,2024-04-12,2023-24,Post-ASG
1610612755,14,0022301171,15,PHI,Philadelphia 76ers,2024-04-12,2023-24,Post-ASG
1610612737,11,0022301178,17,ATL,Atlanta Hawks,2024-04-12,2023-24,Post-ASG
1610612750,10,0022301178,23,MIN,Minnesota Timberwolves,2024-04-12,2023-24,Post-ASG
1610612746,14,0022301184,11,LAC,LA Clippers,2024-04-12,2023-24,Post-ASG
1610612762,10,0022301184,11,UTA,Utah Jazz,2024-04-12,2023-24,Post-ASG
1610612738,11,0022301173,11,BOS,Boston Celtics,2024-04-12,2023-24,Post-ASG
1610612766,12,0022301173,14,CHA,Charlotte Hornets,2024-04-12,2023-24,Post-ASG
1610612741,12,0022301166,15,CHI,Chicago Bulls,2024-04-11,2023-24,Post-ASG
1610612765,10,0022301166,12,DET,Detroit Pistons,2024-04-11,2023-24,Post-ASG
1610612745,10,0022301168,16,HOU,Houston Rockets,2024-04-11,2023-24,Post-ASG
1610612762,10,0022301168,12,UTA,Utah Jazz,2024-04-11,2023-24,Post-ASG
1610612740,10,0022301170,15,NOP,New Orleans Pelicans,2024-04-11,2023-24,Post-ASG
1610612758,13,0022301170,15,SAC,Sacramento Kings,2024-04-11,2023-24,Post-ASG
1610612744,9,0022301169,12,GSW,Golden State Warriors,2024-04-11,2023-24,Post-ASG
1610612757,8,0022301169,9,POR,Portland Trail Blazers,2024-04-11,2023-24,Post-ASG
1610612759,11,0022301163,17,SAS,San Antonio Spurs,2024-04-10,2023-24,Post-ASG
1610612760,14,0022301163,12,OKC,Oklahoma City Thunder,2024-04-10,2023-24,Post-ASG
1610612743,14,0022301164,14,DEN,Denver Nuggets,2024-04-10,2023-24,Post-ASG
1610612750,14,0022301164,16,MIN,Minnesota Timberwolves,2024-04-10,2023-24,Post-ASG
1610612746,9,0022301165,12,LAC,LA Clippers,2024-04-10,2023-24,Post-ASG
1610612756,13,0022301165,14,PHX,Phoenix Suns,2024-04-10,2023-24,Post-ASG
1610612751,9,0022301160,19,BKN,Brooklyn Nets,2024-04-10,2023-24,Post-ASG
1610612761,9,0022301160,11,TOR,Toronto Raptors,2024-04-10,2023-24,Post-ASG
1610612739,13,0022301158,13,CLE,Cleveland Cavaliers,2024-04-10,2023-24,Post-ASG
1610612763,8,0022301158,11,MEM,Memphis Grizzlies,2024-04-10,2023-24,Post-ASG
1610612742,14,0022301161,17,DAL,Dallas Mavericks,2024-04-10,2023-24,Post-ASG
1610612748,13,0022301161,13,MIA,Miami Heat,2024-04-10,2023-24,Post-ASG
1610612749,12,0022301162,16,MIL,Milwaukee Bucks,2024-04-10,2023-24,Post-ASG
1610612753,14,0022301162,9,ORL,Orlando Magic,2024-04-10,2023-24,Post-ASG
1610612737,10,0022301159,13,ATL,Atlanta Hawks,2024-04-10,2023-24,Post-ASG
1610612766,11,0022301159,15,CHA,Charlotte Hornets,2024-04-10,2023-24,Post-ASG
1610612743,13,0022301154,10,DEN,Denver Nuggets,2024-04-09,2023-24,Post-ASG
1610612762,9,0022301154,11,UTA,Utah Jazz,2024-04-09,2023-24,Post-ASG
1610612755,12,0022301145,16,PHI,Philadelphia 76ers,2024-04-09,2023-24,Post-ASG
1610612765,11,0022301145,17,DET,Detroit Pistons,2024-04-09,2023-24,Post-ASG
1610612758,9,0022301153,17,SAC,Sacramento Kings,2024-04-09,2023-24,Post-ASG
1610612760,11,0022301153,22,OKC,Oklahoma City Thunder,2024-04-09,2023-24,Post-ASG
1610612741,10,0022301149,12,CHI,Chicago Bulls,2024-04-09,2023-24,Post-ASG
1610612752,8,0022301149,9,NYK,New York Knicks,2024-04-09,2023-24,Post-ASG
1610612745,12,0022301150,16,HOU,Houston Rockets,2024-04-09,2023-24,Post-ASG
1610612753,15,0022301150,16,ORL,Orlando Magic,2024-04-09,2023-24,Post-ASG
1610612754,14,0022301146,12,IND,Indiana Pacers,2024-04-09,2023-24,Post-ASG
1610612761,9,0022301146,18,TOR,Toronto Raptors,2024-04-09,2023-24,Post-ASG
1610612737,10,0022301147,10,ATL,Atlanta Hawks,2024-04-09,2023-24,Post-ASG
1610612748,9,0022301147,13,MIA,Miami Heat,2024-04-09,2023-24,Post-ASG
1610612738,10,0022301148,10,BOS,Boston Celtics,2024-04-09,2023-24,Post-ASG
1610612749,13,0022301148,12,MIL,Milwaukee Bucks,2024-04-09,2023-24,Post-ASG
1610612750,14,0022301152,18,MIN,Minnesota Timberwolves,2024-04-09,2023-24,Post-ASG
1610612764,9,0022301152,20,WAS,Washington Wizards,2024-04-09,2023-24,Post-ASG
1610612759,12,0022301151,16,SAS,San Antonio Spurs,2024-04-09,2023-24,Post-ASG
1610612763,8,0022301151,12,MEM,Memphis Grizzlies,2024-04-09,2023-24,Post-ASG
1610612742,13,0022301144,11,DAL,Dallas Mavericks,2024-04-09,2023-24,Post-ASG
1610612766,13,0022301144,12,CHA,Charlotte Hornets,2024-04-09,2023-24,Post-ASG
1610612746,11,0022301156,10,LAC,LA Clippers,2024-04-09,2023-24,Post-ASG
1610612756,13,0022301156,14,PHX,Phoenix Suns,2024-04-09,2023-24,Post-ASG
1610612744,14,0022301155,13,GSW,Golden State Warriors,2024-04-09,2023-24,Post-ASG
1610612747,13,0022301155,15,LAL,Los Angeles Lakers,2024-04-09,2023-24,Post-ASG
1610612740,12,0022301157,15,NOP,New Orleans Pelicans,2024-04-09,2023-24,Post-ASG
1610612757,8,0022301157,11,POR,Portland Trail Blazers,2024-04-09,2023-24,Post-ASG
1610612755,10,0022301140,18,PHI,Philadelphia 76ers,2024-04-07,2023-24,Post-ASG
1610612759,9,0022301140,16,SAS,San Antonio Spurs,2024-04-07,2023-24,Post-ASG
1610612742,9,0022301131,20,DAL,Dallas Mavericks,2024-04-07,2023-24,Post-ASG
1610612745,11,0022301131,20,HOU,Houston Rockets,2024-04-07,2023-24,Post-ASG
1610612738,12,0022301134,10,BOS,Boston Celtics,2024-04-07,2023-24,Post-ASG
1610612757,8,0022301134,12,POR,Portland Trail Blazers,2024-04-07,2023-24,Post-ASG
1610612748,10,0022301133,16,MIA,Miami Heat,2024-04-07,2023-24,Post-ASG
1610612754,10,0022301133,14,IND,Indiana Pacers,2024-04-07,2023-24,Post-ASG
1610612740,9,0022301138,15,NOP,New Orleans Pelicans,2024-04-07,2023-24,Post-ASG
1610612756,9,0022301138,14,PHX,Phoenix Suns,2024-04-07,2023-24,Post-ASG
1610612744,14,0022301142,14,GSW,Golden State Warriors,2024-04-07,2023-24,Post-ASG
1610612762,10,0022301142,9,UTA,Utah Jazz,2024-04-07,2023-24,Post-ASG
1610612739,9,0022301132,18,CLE,Cleveland Cavaliers,2024-04-07,2023-24,Post-ASG
1610612746,9,0022301132,11,LAC,LA Clippers,2024-04-07,2023-24,Post-ASG
1610612760,9,0022301135,21,OKC,Oklahoma City Thunder,2024-04-07,2023-24,Post-ASG
1610612766,8,0022301135,8,CHA,Charlotte Hornets,2024-04-07,2023-24,Post-ASG
1610612751,8,0022301141,15,BKN,Brooklyn Nets,2024-04-07,2023-24,Post-ASG
1610612758,13,0022301141,14,SAC,Sacramento Kings,2024-04-07,2023-24,Post-ASG
1610612761,11,0022301137,14,TOR,Toronto Raptors,2024-04-07,2023-24,Post-ASG
1610612764,10,0022301137,18,WAS,Washington Wizards,2024-04-07,2023-24,Post-ASG
1610612741,12,0022301136,16,CHI,Chicago Bulls,2024-04-07,2023-24,Post-ASG
1610612753,15,0022301136,15,ORL,Orlando Magic,2024-04-07,2023-24,Post-ASG
1610612749,14,0022301139,18,MIL,Milwaukee Bucks,2024-04-07,2023-24,Post-ASG
1610612752,9,0022301139,15,NYK,New York Knicks,2024-04-07,2023-24,Post-ASG
1610612747,12,0022301143,14,LAL,Los Angeles Lakers,2024-04-07,2023-24,Post-ASG
1610612750,13,0022301143,13,MIN,Minnesota Timberwolves,2024-04-07,2023-24,Post-ASG
1610612751,10,0022301128,19,BKN,Brooklyn Nets,2024-04-06,2023-24,Post-ASG
1610612765,10,0022301128,16,DET,Detroit Pistons,2024-04-06,2023-24,Post-ASG
1610612737,10,0022301130,12,ATL,Atlanta Hawks,2024-04-06,2023-24,Post-ASG
1610612743,13,0022301130,12,DEN,Denver Nuggets,2024-04-06,2023-24,Post-ASG
1610612739,14,0022301127,16,CLE,Cleveland Cavaliers,2024-04-06,2023-24,Post-ASG
1610612747,12,0022301127,12,LAL,Los Angeles Lakers,2024-04-06,2023-24,Post-ASG
1610612755,12,0022301129,15,PHI,Philadelphia 76ers,2024-04-06,2023-24,Post-ASG
1610612763,8,0022301129,15,MEM,Memphis Grizzlies,2024-04-06,2023-24,Post-ASG
1610612754,11,0022301116,13,IND,Indiana Pacers,2024-04-05,2023-24,Post-ASG
1610612760,11,0022301116,24,OKC,Oklahoma City Thunder,2024-04-05,2023-24,Post-ASG
1610612757,8,0022301117,13,POR,Portland Trail Blazers,2024-04-05,2023-24,Post-ASG
1610612764,10,0022301117,12,WAS,Washington Wizards,2024-04-05,2023-24,Post-ASG
1610612741,10,0022301119,16,CHI,Chicago Bulls,2024-04-05,2023-24,Post-ASG
1610612752,10,0022301119,15,NYK,New York Knicks,2024-04-05,2023-24,Post-ASG
1610612749,10,0022301122,13,MIL,Milwaukee Bucks,2024-04-05,2023-24,Post-ASG
1610612761,10,0022301122,12,TOR,Toronto Raptors,2024-04-05,2023-24,Post-ASG
1610612738,11,0022301118,12,BOS,Boston Celtics,2024-04-05,2023-24,Post-ASG
1610612758,11,0022301118,15,SAC,Sacramento Kings,2024-04-05,2023-24,Post-ASG
1610612753,9,0022301115,14,ORL,Orlando Magic,2024-04-05,2023-24,Post-ASG
1610612766,9,0022301115,9,CHA,Charlotte Hornets,2024-04-05,2023-24,Post-ASG
1610612745,12,0022301120,17,HOU,Houston Rockets,2024-04-05,2023-24,Post-ASG
1610612748,11,0022301120,15,MIA,Miami Heat,2024-04-05,2023-24,Post-ASG
1610612740,9,0022301123,15,NOP,New Orleans Pelicans,2024-04-05,2023-24,Post-ASG
1610612759,9,0022301123,15,SAS,San Antonio Spurs,2024-04-05,2023-24,Post-ASG
1610612750,14,0022301125,16,MIN,Minnesota Timberwolves,2024-04-05,2023-24,Post-ASG
1610612756,14,0022301125,16,PHX,Phoenix Suns,2024-04-05,2023-24,Post-ASG
1610612763,8,0022301121,16,MEM,Memphis Grizzlies,2024-04-05,2023-24,Post-ASG
1610612765,12,0022301121,18,DET,Detroit Pistons,2024-04-05,2023-24,Post-ASG
1610612742,9,0022301097,16,DAL,Dallas Mavericks,2024-04-05,2023-24,Post-ASG
1610612744,9,0022301097,23,GSW,Golden State Warriors,2024-04-05,2023-24,Post-ASG
1610612746,14,0022301126,12,LAC,LA Clippers,2024-04-05,2023-24,Post-ASG
1610612762,13,0022301126,15,UTA,Utah Jazz,2024-04-05,2023-24,Post-ASG
1610612748,9,0022301111,13,MIA,Miami Heat,2024-04-04,2023-24,Post-ASG
1610612755,9,0022301111,13,PHI,Philadelphia 76ers,2024-04-04,2023-24,Post-ASG
1610612744,12,0022301113,17,GSW,Golden State Warriors,2024-04-04,2023-24,Post-ASG
1610612745,13,0022301113,18,HOU,Houston Rockets,2024-04-04,2023-24,Post-ASG
1610612743,10,0022301114,12,DEN,Denver Nuggets,2024-04-04,2023-24,Post-ASG
1610612746,9,0022301114,13,LAC,LA Clippers,2024-04-04,2023-24,Post-ASG
1610612737,10,0022301124,15,ATL,Atlanta Hawks,2024-04-04,2023-24,Post-ASG
1610612742,13,0022301124,21,DAL,Dallas Mavericks,2024-04-04,2023-24,Post-ASG
1610612752,13,0022301112,13,NYK,New York Knicks,2024-04-04,2023-24,Post-ASG
1610612758,13,0022301112,18,SAC,Sacramento Kings,2024-04-04,2023-24,Post-ASG
1610612750,14,0022301108,18,MIN,Minnesota Timberwolves,2024-04-03,2023-24,Post-ASG
1610612761,8,0022301108,12,TOR,Toronto Raptors,2024-04-03,2023-24,Post-ASG
1610612740,11,0022301109,17,NOP,New Orleans Pelicans,2024-04-03,2023-24,Post-ASG
1610612753,10,0022301109,10,ORL,Orlando Magic,2024-04-03,2023-24,Post-ASG
1610612747,12,0022301103,15,LAL,Los Angeles Lakers,2024-04-03,2023-24,Post-ASG
1610612764,11,0022301103,17,WAS,Washington Wizards,2024-04-03,2023-24,Post-ASG
1610612738,11,0022301105,17,BOS,Boston Celtics,2024-04-03,2023-24,Post-ASG
1610612760,12,0022301105,22,OKC,Oklahoma City Thunder,2024-04-03,2023-24,Post-ASG
1610612757,8,0022301102,9,POR,Portland Trail Blazers,2024-04-03,2023-24,Post-ASG
1610612766,10,0022301102,10,CHA,Charlotte Hornets,2024-04-03,2023-24,Post-ASG
1610612737,9,0022301104,11,ATL,Atlanta Hawks,2024-04-03,2023-24,Post-ASG
1610612765,9,0022301104,15,DET,Detroit Pistons,2024-04-03,2023-24,Post-ASG
1610612739,13,0022301110,14,CLE,Cleveland Cavaliers,2024-04-03,2023-24,Post-ASG
1610612756,13,0022301110,12,PHX,Phoenix Suns,2024-04-03,2023-24,Post-ASG
1610612751,9,0022301106,13,BKN,Brooklyn Nets,2024-04-03,2023-24,Post-ASG
1610612754,10,0022301106,17,IND,Indiana Pacers,2024-04-03,2023-24,Post-ASG
1610612749,10,0022301107,16,MIL,Milwaukee Bucks,2024-04-03,2023-24,Post-ASG
1610612763,9,0022301107,13,MEM,Memphis Grizzlies,2024-04-03,2023-24,Post-ASG
1610612739,10,0022301100,17,CLE,Cleveland Cavaliers,2024-04-02,2023-24,Post-ASG
1610612762,10,0022301100,14,UTA,Utah Jazz,2024-04-02,2023-24,Post-ASG
1610612746,11,0022301101,13,LAC,LA Clippers,2024-04-02,2023-24,Post-ASG
1610612758,14,0022301101,17,SAC,Sacramento Kings,2024-04-02,2023-24,Post-ASG
1610612747,11,0022301094,15,LAL,Los Angeles Lakers,2024-04-02,2023-24,Post-ASG
1610612761,11,0022301094,14,TOR,Toronto Raptors,2024-04-02,2023-24,Post-ASG
1610612748,9,0022301096,15,MIA,Miami Heat,2024-04-02,2023-24,Post-ASG
1610612752,9,0022301096,11,NYK,New York Knicks,2024-04-02,2023-24,Post-ASG
1610612745,10,0022301098,17,HOU,Houston Rockets,2024-04-02,2023-24,Post-ASG
1610612750,9,0022301098,16,MIN,Minnesota Timberwolves,2024-04-02,2023-24,Post-ASG
1610612749,10,0022301095,15,MIL,Milwaukee Bucks,2024-04-02,2023-24,Post-ASG
1610612764,9,0022301095,15,WAS,Washington Wizards,2024-04-02,2023-24,Post-ASG
1610612742,10,0022300589,23,DAL,Dallas Mavericks,2024-04-02,2023-24,Post-ASG
1610612744,10,0022300589,17,GSW,Golden State Warriors,2024-04-02,2023-24,Post-ASG
1610612743,9,0022301099,10,DEN,Denver Nuggets,2024-04-02,2023-24,Post-ASG
1610612759,10,0022301099,15,SAS,San Antonio Spurs,2024-04-02,2023-24,Post-ASG
1610612755,9,0022301093,15,PHI,Philadelphia 76ers,2024-04-02,2023-24,Post-ASG
1610612760,11,0022301093,22,OKC,Oklahoma City Thunder,2024-04-02,2023-24,Post-ASG
1610612738,11,0022301087,17,BOS,Boston Celtics,2024-04-01,2023-24,Post-ASG
1610612766,11,0022301087,10,CHA,Charlotte Hornets,2024-04-01,2023-24,Post-ASG
1610612740,9,0022301092,13,NOP,New Orleans Pelicans,2024-04-01,2023-24,Post-ASG
1610612756,9,0022301092,16,PHX,Phoenix Suns,2024-04-01,2023-24,Post-ASG
1610612751,10,0022301089,20,BKN,Brooklyn Nets,2024-04-01,2023-24,Post-ASG
1610612754,14,0022301089,21,IND,Indiana Pacers,2024-04-01,2023-24,Post-ASG
1610612763,9,0022301088,14,MEM,Memphis Grizzlies,2024-04-01,2023-24,Post-ASG
1610612765,10,0022301088,15,DET,Detroit Pistons,2024-04-01,2023-24,Post-ASG
1610612737,10,0022301091,15,ATL,Atlanta Hawks,2024-04-01,2023-24,Post-ASG
1610612741,12,0022301091,16,CHI,Chicago Bulls,2024-04-01,2023-24,Post-ASG
1610612753,10,0022301090,10,ORL,Orlando Magic,2024-04-01,2023-24,Post-ASG
1610612757,9,0022301090,9,POR,Portland Trail Blazers,2024-04-01,2023-24,Post-ASG
1610612746,9,0022301079,13,LAC,LA Clippers,2024-03-31,2023-24,Post-ASG
1610612766,9,0022301079,10,CHA,Charlotte Hornets,2024-03-31,2023-24,Post-ASG
1610612748,13,0022301081,14,MIA,Miami Heat,2024-03-31,2023-24,Post-ASG
1610612764,10,0022301081,17,WAS,Washington Wizards,2024-03-31,2023-24,Post-ASG
1610612744,10,0022301085,22,GSW,Golden State Warriors,2024-03-31,2023-24,Post-ASG
1610612759,9,0022301085,18,SAS,San Antonio Spurs,2024-03-31,2023-24,Post-ASG
1610612747,12,0022301078,13,LAL,Los Angeles Lakers,2024-03-31,2023-24,Post-ASG
1610612751,12,0022301078,16,BKN,Brooklyn Nets,2024-03-31,2023-24,Post-ASG
1610612758,13,0022301086,17,SAC,Sacramento Kings,2024-03-31,2023-24,Post-ASG
1610612762,9,0022301086,12,UTA,Utah Jazz,2024-03-31,2023-24,Post-ASG
1610612755,11,0022301080,14,PHI,Philadelphia 76ers,2024-03-31,2023-24,Post-ASG
1610612761,10,0022301080,12,TOR,Toronto Raptors,2024-03-31,2023-24,Post-ASG
1610612752,9,0022301082,10,NYK,New York Knicks,2024-03-31,2023-24,Post-ASG
1610612760,11,0022301082,21,OKC,Oklahoma City Thunder,2024-03-31,2023-24,Post-ASG
1610612742,14,0022301083,17,DAL,Dallas Mavericks,2024-03-31,2023-24,Post-ASG
1610612745,12,0022301083,14,HOU,Houston Rockets,2024-03-31,2023-24,Post-ASG
1610612739,11,0022301077,16,CLE,Cleveland Cavaliers,2024-03-31,2023-24,Post-ASG
1610612743,14,0022301077,12,DEN,Denver Nuggets,2024-03-31,2023-24,Post-ASG
1610612741,9,0022301084,19,CHI,Chicago Bulls,2024-03-31,2023-24,Post-ASG
1610612750,9,0022301084,16,MIN,Minnesota Timberwolves,2024-03-31,2023-24,Post-ASG
1610612738,9,0022301074,14,BOS,Boston Celtics,2024-03-30,2023-24,Post-ASG
1610612740,10,0022301074,14,NOP,New Orleans Pelicans,2024-03-30,2023-24,Post-ASG
1610612753,13,0022301075,11,ORL,Orlando Magic,2024-03-30,2023-24,Post-ASG
1610612763,10,0022301075,13,MEM,Memphis Grizzlies,2024-03-30,2023-24,Post-ASG
1610612737,10,0022301076,14,ATL,Atlanta Hawks,2024-03-30,2023-24,Post-ASG
1610612749,9,0022301076,13,MIL,Milwaukee Bucks,2024-03-30,2023-24,Post-ASG
1610612746,9,0022301064,14,LAC,LA Clippers,2024-03-29,2023-24,Post-ASG
1610612753,10,0022301064,15,ORL,Orlando Magic,2024-03-29,2023-24,Post-ASG
1610612742,9,0022301073,17,DAL,Dallas Mavericks,2024-03-29,2023-24,Post-ASG
1610612758,10,0022301073,15,SAC,Sacramento Kings,2024-03-29,2023-24,Post-ASG
1610612739,10,0022301067,24,CLE,Cleveland Cavaliers,2024-03-29,2023-24,Post-ASG
1610612755,10,0022301067,16,PHI,Philadelphia 76ers,2024-03-29,2023-24,Post-ASG
1610612745,10,0022301072,14,HOU,Houston Rockets,2024-03-29,2023-24,Post-ASG
1610612762,9,0022301072,14,UTA,Utah Jazz,2024-03-29,2023-24,Post-ASG
1610612764,11,0022301065,15,WAS,Washington Wizards,2024-03-29,2023-24,Post-ASG
1610612765,9,0022301065,12,DET,Detroit Pistons,2024-03-29,2023-24,Post-ASG
1610612747,12,0022301063,12,LAL,Los Angeles Lakers,2024-03-29,2023-24,Post-ASG
1610612754,12,0022301063,13,IND,Indiana Pacers,2024-03-29,2023-24,Post-ASG
1610612748,11,0022301068,15,MIA,Miami Heat,2024-03-29,2023-24,Post-ASG
1610612757,10,0022301068,15,POR,Portland Trail Blazers,2024-03-29,2023-24,Post-ASG
1610612743,15,0022301071,17,DEN,Denver Nuggets,2024-03-29,2023-24,Post-ASG
1610612750,13,0022301071,13,MIN,Minnesota Timberwolves,2024-03-29,2023-24,Post-ASG
1610612744,11,0022301062,11,GSW,Golden State Warriors,2024-03-29,2023-24,Post-ASG
1610612766,12,0022301062,14,CHA,Charlotte Hornets,2024-03-29,2023-24,Post-ASG
1610612752,9,0022301070,14,NYK,New York Knicks,2024-03-29,2023-24,Post-ASG
1610612759,10,0022301070,20,SAS,San Antonio Spurs,2024-03-29,2023-24,Post-ASG
1610612756,13,0022301069,16,PHX,Phoenix Suns,2024-03-29,2023-24,Post-ASG
1610612760,12,0022301069,21,OKC,Oklahoma City Thunder,2024-03-29,2023-24,Post-ASG
1610612741,11,0022301066,19,CHI,Chicago Bulls,2024-03-29,2023-24,Post-ASG
1610612751,10,0022301066,13,BKN,Brooklyn Nets,2024-03-29,2023-24,Post-ASG
1610612740,9,0022301061,13,NOP,New Orleans Pelicans,2024-03-28,2023-24,Post-ASG
1610612749,10,0022301061,12,MIL,Milwaukee Bucks,2024-03-28,2023-24,Post-ASG
1610612737,9,0022301060,12,ATL,Atlanta Hawks,2024-03-28,2023-24,Post-ASG
1610612738,9,0022301060,16,BOS,Boston Celtics,2024-03-28,2023-24,Post-ASG
1610612746,10,0022301052,16,LAC,LA Clippers,2024-03-27,2023-24,Post-ASG
1610612755,9,0022301052,12,PHI,Philadelphia 76ers,2024-03-27,2023-24,Post-ASG
1610612747,13,0022301055,14,LAL,Los Angeles Lakers,2024-03-27,2023-24,Post-ASG
1610612763,10,0022301055,17,MEM,Memphis Grizzlies,2024-03-27,2023-24,Post-ASG
1610612750,14,0022301056,15,MIN,Minnesota Timberwolves,2024-03-27,2023-24,Post-ASG
1610612765,11,0022301056,11,DET,Detroit Pistons,2024-03-27,2023-24,Post-ASG
1610612737,9,0022301051,12,ATL,Atlanta Hawks,2024-03-27,2023-24,Post-ASG
1610612757,11,0022301051,15,POR,Portland Trail Blazers,2024-03-27,2023-24,Post-ASG
1610612751,10,0022301050,17,BKN,Brooklyn Nets,2024-03-27,2023-24,Post-ASG
1610612764,11,0022301050,14,WAS,Washington Wizards,2024-03-27,2023-24,Post-ASG
1610612739,10,0022301048,17,CLE,Cleveland Cavaliers,2024-03-27,2023-24,Post-ASG
1610612766,9,0022301048,11,CHA,Charlotte Hornets,2024-03-27,2023-24,Post-ASG
1610612741,12,0022301054,20,CHI,Chicago Bulls,2024-03-27,2023-24,Post-ASG
1610612754,14,0022301054,23,IND,Indiana Pacers,2024-03-27,2023-24,Post-ASG
1610612744,11,0022301049,22,GSW,Golden State Warriors,2024-03-27,2023-24,Post-ASG
1610612753,10,0022301049,14,ORL,Orlando Magic,2024-03-27,2023-24,Post-ASG
1610612745,10,0022301057,15,HOU,Houston Rockets,2024-03-27,2023-24,Post-ASG
1610612760,11,0022301057,29,OKC,Oklahoma City Thunder,2024-03-27,2023-24,Post-ASG
1610612743,10,0022301059,12,DEN,Denver Nuggets,2024-03-27,2023-24,Post-ASG
1610612756,9,0022301059,16,PHX,Phoenix Suns,2024-03-27,2023-24,Post-ASG
1610612759,10,0022301058,14,SAS,San Antonio Spurs,2024-03-27,2023-24,Post-ASG
1610612762,12,0022301058,11,UTA,Utah Jazz,2024-03-27,2023-24,Post-ASG
1610612752,12,0022301053,14,NYK,New York Knicks,2024-03-27,2023-24,Post-ASG
1610612761,11,0022301053,14,TOR,Toronto Raptors,2024-03-27,2023-24,Post-ASG
1610612744,13,0022301044,19,GSW,Golden State Warriors,2024-03-26,2023-24,Post-ASG
1610612748,13,0022301044,13,MIA,Miami Heat,2024-03-26,2023-24,Post-ASG
1610612740,10,0022301046,13,NOP,New Orleans Pelicans,2024-03-26,2023-24,Post-ASG
1610612760,10,0022301046,19,OKC,Oklahoma City Thunder,2024-03-26,2023-24,Post-ASG
1610612742,13,0022301047,16,DAL,Dallas Mavericks,2024-03-26,2023-24,Post-ASG
1610612758,14,0022301047,15,SAC,Sacramento Kings,2024-03-26,2023-24,Post-ASG
1610612747,9,0022301045,14,LAL,Los Angeles Lakers,2024-03-26,2023-24,Post-ASG
1610612749,9,0022301045,17,MIL,Milwaukee Bucks,2024-03-26,2023-24,Post-ASG
1610612746,12,0022301043,16,LAC,LA Clippers,2024-03-25,2023-24,Post-ASG
1610612754,12,0022301043,18,IND,Indiana Pacers,2024-03-25,2023-24,Post-ASG
1610612741,10,0022301037,19,CHI,Chicago Bulls,2024-03-25,2023-24,Post-ASG
1610612764,11,0022301037,16,WAS,Washington Wizards,2024-03-25,2023-24,Post-ASG
1610612743,14,0022301040,10,DEN,Denver Nuggets,2024-03-25,2023-24,Post-ASG
1610612763,10,0022301040,16,MEM,Memphis Grizzlies,2024-03-25,2023-24,Post-ASG
1610612751,10,0022301036,18,BKN,Brooklyn Nets,2024-03-25,2023-24,Post-ASG
1610612761,10,0022301036,11,TOR,Toronto Raptors,2024-03-25,2023-24,Post-ASG
1610612742,12,0022301041,18,DAL,Dallas Mavericks,2024-03-25,2023-24,Post-ASG
1610612762,13,0022301041,16,UTA,Utah Jazz,2024-03-25,2023-24,Post-ASG
1610612752,11,0022301035,12,NYK,New York Knicks,2024-03-25,2023-24,Post-ASG
1610612765,10,0022301035,15,DET,Detroit Pistons,2024-03-25,2023-24,Post-ASG
1610612739,13,0022301033,15,CLE,Cleveland Cavaliers,2024-03-25,2023-24,Post-ASG
1610612766,12,0022301033,13,CHA,Charlotte Hornets,2024-03-25,2023-24,Post-ASG
1610612755,11,0022301042,19,PHI,Philadelphia 76ers,2024-03-25,2023-24,Post-ASG
1610612758,13,0022301042,14,SAC,Sacramento Kings,2024-03-25,2023-24,Post-ASG
1610612756,9,0022301039,15,PHX,Phoenix Suns,2024-03-25,2023-24,Post-ASG
1610612759,10,0022301039,11,SAS,San Antonio Spurs,2024-03-25,2023-24,Post-ASG
1610612737,10,0022301034,12,ATL,Atlanta Hawks,2024-03-25,2023-24,Post-ASG
1610612738,10,0022301034,15,BOS,Boston Celtics,2024-03-25,2023-24,Post-ASG
1610612745,10,0022301038,18,HOU,Houston Rockets,2024-03-25,2023-24,Post-ASG
1610612757,10,0022301038,17,POR,Portland Trail Blazers,2024-03-25,2023-24,Post-ASG
1610612739,12,0022301029,14,CLE,Cleveland Cavaliers,2024-03-24,2023-24,Post-ASG
1610612748,12,0022301029,13,MIA,Miami Heat,2024-03-24,2023-24,Post-ASG
1610612744,9,0022301031,20,GSW,Golden State Warriors,2024-03-24,2023-24,Post-ASG
1610612750,9,0022301031,15,MIN,Minnesota Timberwolves,2024-03-24,2023-24,Post-ASG
1610612746,12,0022301028,13,LAC,LA Clippers,2024-03-24,2023-24,Post-ASG
1610612755,11,0022301028,14,PHI,Philadelphia 76ers,2024-03-24,2023-24,Post-ASG
1610612747,9,0022301032,17,LAL,Los Angeles Lakers,2024-03-24,2023-24,Post-ASG
1610612754,11,0022301032,18,IND,Indiana Pacers,2024-03-24,2023-24,Post-ASG
1610612740,10,0022301027,13,NOP,New Orleans Pelicans,2024-03-24,2023-24,Post-ASG
1610612765,10,0022301027,20,DET,Detroit Pistons,2024-03-24,2023-24,Post-ASG
1610612749,14,0022301030,19,MIL,Milwaukee Bucks,2024-03-24,2023-24,Post-ASG
1610612760,14,0022301030,19,OKC,Oklahoma City Thunder,2024-03-24,2023-24,Post-ASG
1610612751,13,0022301019,15,BKN,Brooklyn Nets,2024-03-23,2023-24,Post-ASG
1610612752,9,0022301019,10,NYK,New York Knicks,2024-03-23,2023-24,Post-ASG
1610612761,10,0022301022,19,TOR,Toronto Raptors,2024-03-23,2023-24,Post-ASG
1610612764,11,0022301022,14,WAS,Washington Wizards,2024-03-23,2023-24,Post-ASG
1610612743,9,0022301026,7,DEN,Denver Nuggets,2024-03-23,2023-24,Post-ASG
1610612757,9,0022301026,16,POR,Portland Trail Blazers,2024-03-23,2023-24,Post-ASG
1610612756,13,0022301025,13,PHX,Phoenix Suns,2024-03-23,2023-24,Post-ASG
1610612759,13,0022301025,13,SAS,San Antonio Spurs,2024-03-23,2023-24,Post-ASG
1610612745,12,0022301024,18,HOU,Houston Rockets,2024-03-23,2023-24,Post-ASG
1610612762,10,0022301024,13,UTA,Utah Jazz,2024-03-23,2023-24,Post-ASG
1610612737,10,0022301021,10,ATL,Atlanta Hawks,2024-03-23,2023-24,Post-ASG
1610612766,10,0022301021,12,CHA,Charlotte Hornets,2024-03-23,2023-24,Post-ASG
1610612753,10,0022301020,13,ORL,Orlando Magic,2024-03-23,2023-24,Post-ASG
1610612758,9,0022301020,15,SAC,Sacramento Kings,2024-03-23,2023-24,Post-ASG
1610612738,10,0022301023,12,BOS,Boston Celtics,2024-03-23,2023-24,Post-ASG
1610612741,10,0022301023,17,CHI,Chicago Bulls,2024-03-23,2023-24,Post-ASG
1610612739,8,0022301014,11,CLE,Cleveland Cavaliers,2024-03-22,2023-24,Post-ASG
1610612750,9,0022301014,14,MIN,Minnesota Timberwolves,2024-03-22,2023-24,Post-ASG
1610612759,10,0022301015,12,SAS,San Antonio Spurs,2024-03-22,2023-24,Post-ASG
1610612763,9,0022301015,14,MEM,Memphis Grizzlies,2024-03-22,2023-24,Post-ASG
1610612746,12,0022301017,13,LAC,LA Clippers,2024-03-22,2023-24,Post-ASG
1610612757,9,0022301017,12,POR,Portland Trail Blazers,2024-03-22,2023-24,Post-ASG
1610612760,12,0022301012,12,OKC,Oklahoma City Thunder,2024-03-22,2023-24,Post-ASG
1610612761,11,0022301012,16,TOR,Toronto Raptors,2024-03-22,2023-24,Post-ASG
1610612747,9,0022301018,13,LAL,Los Angeles Lakers,2024-03-22,2023-24,Post-ASG
1610612755,10,0022301018,14,PHI,Philadelphia 76ers,2024-03-22,2023-24,Post-ASG
1610612738,13,0022301011,21,BOS,Boston Celtics,2024-03-22,2023-24,Post-ASG
1610612765,10,0022301011,15,DET,Detroit Pistons,2024-03-22,2023-24,Post-ASG
1610612744,10,0022301016,16,GSW,Golden State Warriors,2024-03-22,2023-24,Post-ASG
1610612754,10,0022301016,10,IND,Indiana Pacers,2024-03-22,2023-24,Post-ASG
1610612740,12,0022301013,12,NOP,New Orleans Pelicans,2024-03-22,2023-24,Post-ASG
1610612748,13,0022301013,18,MIA,Miami Heat,2024-03-22,2023-24,Post-ASG
1610612741,9,0022301006,19,CHI,Chicago Bulls,2024-03-21,2023-24,Post-ASG
1610612745,10,0022301006,17,HOU,Houston Rockets,2024-03-21,2023-24,Post-ASG
1610612749,9,0022301007,10,MIL,Milwaukee Bucks,2024-03-21,2023-24,Post-ASG
1610612751,10,0022301007,19,BKN,Brooklyn Nets,2024-03-21,2023-24,Post-ASG
1610612742,13,0022301008,16,DAL,Dallas Mavericks,2024-03-21,2023-24,Post-ASG
1610612762,11,0022301008,11,UTA,Utah Jazz,2024-03-21,2023-24,Post-ASG
1610612743,10,0022301009,10,DEN,Denver Nuggets,2024-03-21,2023-24,Post-ASG
1610612752,9,0022301009,10,NYK,New York Knicks,2024-03-21,2023-24,Post-ASG
1610612758,10,0022301005,20,SAC,Sacramento Kings,2024-03-21,2023-24,Post-ASG
1610612764,10,0022301005,18,WAS,Washington Wizards,2024-03-21,2023-24,Post-ASG
1610612740,12,0022301004,14,NOP,New Orleans Pelicans,2024-03-21,2023-24,Post-ASG
1610612753,15,0022301004,12,ORL,Orlando Magic,2024-03-21,2023-24,Post-ASG
1610612737,10,0022301010,15,ATL,Atlanta Hawks,2024-03-21,2023-24,Post-ASG
1610612756,9,0022301010,15,PHX,Phoenix Suns,2024-03-21,2023-24,Post-ASG
1610612760,12,0022301000,19,OKC,Oklahoma City Thunder,2024-03-20,2023-24,Post-ASG
1610612762,14,0022301000,10,UTA,Utah Jazz,2024-03-20,2023-24,Post-ASG
1610612739,9,0022300996,14,CLE,Cleveland Cavaliers,2024-03-20,2023-24,Post-ASG
1610612748,10,0022300996,14,MIA,Miami Heat,2024-03-20,2023-24,Post-ASG
1610612744,15,0022301001,15,GSW,Golden State Warriors,2024-03-20,2023-24,Post-ASG
1610612763,9,0022301001,12,MEM,Memphis Grizzlies,2024-03-20,2023-24,Post-ASG
1610612746,11,0022301003,15,LAC,LA Clippers,2024-03-20,2023-24,Post-ASG
1610612757,11,0022301003,9,POR,Portland Trail Blazers,2024-03-20,2023-24,Post-ASG
1610612758,13,0022300999,14,SAC,Sacramento Kings,2024-03-20,2023-24,Post-ASG
1610612761,11,0022300999,16,TOR,Toronto Raptors,2024-03-20,2023-24,Post-ASG
1610612755,11,0022301002,13,PHI,Philadelphia 76ers,2024-03-20,2023-24,Post-ASG
1610612756,14,0022301002,13,PHX,Phoenix Suns,2024-03-20,2023-24,Post-ASG
1610612738,9,0022300998,10,BOS,Boston Celtics,2024-03-20,2023-24,Post-ASG
1610612749,10,0022300998,17,MIL,Milwaukee Bucks,2024-03-20,2023-24,Post-ASG
1610612754,13,0022300997,14,IND,Indiana Pacers,2024-03-20,2023-24,Post-ASG
1610612765,12,0022300997,18,DET,Detroit Pistons,2024-03-20,2023-24,Post-ASG
1610612753,15,0022300991,10,ORL,Orlando Magic,2024-03-19,2023-24,Post-ASG
1610612766,11,0022300991,14,CHA,Charlotte Hornets,2024-03-19,2023-24,Post-ASG
1610612740,9,0022300993,17,NOP,New Orleans Pelicans,2024-03-19,2023-24,Post-ASG
1610612751,12,0022300993,18,BKN,Brooklyn Nets,2024-03-19,2023-24,Post-ASG
1610612743,9,0022300995,9,DEN,Denver Nuggets,2024-03-19,2023-24,Post-ASG
1610612750,9,0022300995,15,MIN,Minnesota Timberwolves,2024-03-19,2023-24,Post-ASG
1610612745,12,0022300992,19,HOU,Houston Rockets,2024-03-19,2023-24,Post-ASG
1610612764,9,0022300992,15,WAS,Washington Wizards,2024-03-19,2023-24,Post-ASG
1610612742,10,0022300994,19,DAL,Dallas Mavericks,2024-03-19,2023-24,Post-ASG
1610612759,10,0022300994,14,SAS,San Antonio Spurs,2024-03-19,2023-24,Post-ASG
1610612750,10,0022300987,14,MIN,Minnesota Timberwolves,2024-03-18,2023-24,Post-ASG
1610612762,10,0022300987,13,UTA,Utah Jazz,2024-03-18,2023-24,Post-ASG
1610612738,10,0022300984,15,BOS,Boston Celtics,2024-03-18,2023-24,Post-ASG
1610612765,11,0022300984,16,DET,Detroit Pistons,2024-03-18,2023-24,Post-ASG
1610612748,9,0022300985,11,MIA,Miami Heat,2024-03-18,2023-24,Post-ASG
1610612755,9,0022300985,13,PHI,Philadelphia 76ers,2024-03-18,2023-24,Post-ASG
1610612737,11,0022300990,12,ATL,Atlanta Hawks,2024-03-18,2023-24,Post-ASG
1610612747,12,0022300990,12,LAL,Los Angeles Lakers,2024-03-18,2023-24,Post-ASG
1610612744,10,0022300988,18,GSW,Golden State Warriors,2024-03-18,2023-24,Post-ASG
1610612752,9,0022300988,7,NYK,New York Knicks,2024-03-18,2023-24,Post-ASG
1610612741,9,0022300986,19,CHI,Chicago Bulls,2024-03-18,2023-24,Post-ASG
1610612757,10,0022300986,12,POR,Portland Trail Blazers,2024-03-18,2023-24,Post-ASG
1610612758,10,0022300989,22,SAC,Sacramento Kings,2024-03-18,2023-24,Post-ASG
1610612763,8,0022300989,15,MEM,Memphis Grizzlies,2024-03-18,2023-24,Post-ASG
1610612739,9,0022300983,14,CLE,Cleveland Cavaliers,2024-03-18,2023-24,Post-ASG
1610612754,9,0022300983,17,IND,Indiana Pacers,2024-03-18,2023-24,Post-ASG
1610612738,11,0022300980,15,BOS,Boston Celtics,2024-03-17,2023-24,Post-ASG
1610612764,10,0022300980,18,WAS,Washington Wizards,2024-03-17,2023-24,Post-ASG
1610612751,9,0022300981,16,BKN,Brooklyn Nets,2024-03-17,2023-24,Post-ASG
1610612759,10,0022300981,13,SAS,San Antonio Spurs,2024-03-17,2023-24,Post-ASG
1610612742,10,0022300978,16,DAL,Dallas Mavericks,2024-03-17,2023-24,Post-ASG
1610612743,10,0022300978,12,DEN,Denver Nuggets,2024-03-17,2023-24,Post-ASG
1610612737,10,0022300982,18,ATL,Atlanta Hawks,2024-03-17,2023-24,Post-ASG
1610612746,14,0022300982,14,LAC,LA Clippers,2024-03-17,2023-24,Post-ASG
1610612749,9,0022300976,11,MIL,Milwaukee Bucks,2024-03-17,2023-24,Post-ASG
1610612756,12,0022300976,13,PHX,Phoenix Suns,2024-03-17,2023-24,Post-ASG
1610612748,9,0022300977,17,MIA,Miami Heat,2024-03-17,2023-24,Post-ASG
1610612765,9,0022300977,11,DET,Detroit Pistons,2024-03-17,2023-24,Post-ASG
1610612753,15,0022300979,12,ORL,Orlando Magic,2024-03-17,2023-24,Post-ASG
1610612761,11,0022300979,17,TOR,Toronto Raptors,2024-03-17,2023-24,Post-ASG
1610612741,12,0022300971,21,CHI,Chicago Bulls,2024-03-16,2023-24,Post-ASG
1610612764,12,0022300971,15,WAS,Washington Wizards,2024-03-16,2023-24,Post-ASG
1610612750,13,0022300974,17,MIN,Minnesota Timberwolves,2024-03-16,2023-24,Post-ASG
1610612762,10,0022300974,15,UTA,Utah Jazz,2024-03-16,2023-24,Post-ASG
1610612739,10,0022300967,20,CLE,Cleveland Cavaliers,2024-03-16,2023-24,Post-ASG
1610612745,12,0022300967,16,HOU,Houston Rockets,2024-03-16,2023-24,Post-ASG
1610612752,9,0022300975,10,NYK,New York Knicks,2024-03-16,2023-24,Post-ASG
1610612758,11,0022300975,12,SAC,Sacramento Kings,2024-03-16,2023-24,Post-ASG
1610612755,9,0022300969,15,PHI,Philadelphia 76ers,2024-03-16,2023-24,Post-ASG
1610612766,9,0022300969,14,CHA,Charlotte Hornets,2024-03-16,2023-24,Post-ASG
1610612760,12,0022300972,17,OKC,Oklahoma City Thunder,2024-03-16,2023-24,Post-ASG
1610612763,9,0022300972,12,MEM,Memphis Grizzlies,2024-03-16,2023-24,Post-ASG
1610612740,9,0022300970,16,NOP,New Orleans Pelicans,2024-03-16,2023-24,Post-ASG
1610612757,11,0022300970,9,POR,Portland Trail Blazers,2024-03-16,2023-24,Post-ASG
1610612744,9,0022300973,15,GSW,Golden State Warriors,2024-03-16,2023-24,Post-ASG
1610612747,9,0022300973,16,LAL,Los Angeles Lakers,2024-03-16,2023-24,Post-ASG
1610612751,13,0022300968,22,BKN,Brooklyn Nets,2024-03-16,2023-24,Post-ASG
1610612754,13,0022300968,16,IND,Indiana Pacers,2024-03-16,2023-24,Post-ASG
1610612756,11,0022300961,11,PHX,Phoenix Suns,2024-03-15,2023-24,Post-ASG
1610612766,11,0022300961,15,CHA,Charlotte Hornets,2024-03-15,2023-24,Post-ASG
1610612737,9,0022300966,15,ATL,Atlanta Hawks,2024-03-15,2023-24,Post-ASG
1610612762,10,0022300966,14,UTA,Utah Jazz,2024-03-15,2023-24,Post-ASG
1610612753,11,0022300963,12,ORL,Orlando Magic,2024-03-15,2023-24,Post-ASG
1610612761,9,0022300963,19,TOR,Toronto Raptors,2024-03-15,2023-24,Post-ASG
1610612748,11,0022300962,14,MIA,Miami Heat,2024-03-15,2023-24,Post-ASG
1610612765,11,0022300962,16,DET,Detroit Pistons,2024-03-15,2023-24,Post-ASG
1610612743,12,0022300965,8,DEN,Denver Nuggets,2024-03-15,2023-24,Post-ASG
1610612759,10,0022300965,14,SAS,San Antonio Spurs,2024-03-15,2023-24,Post-ASG
1610612740,9,0022300964,12,NOP,New Orleans Pelicans,2024-03-15,2023-24,Post-ASG
1610612746,10,0022300964,19,LAC,LA Clippers,2024-03-15,2023-24,Post-ASG
1610612741,12,0022300956,15,CHI,Chicago Bulls,2024-03-14,2023-24,Post-ASG
1610612746,11,0022300956,15,LAC,LA Clippers,2024-03-14,2023-24,Post-ASG
1610612745,11,0022300957,17,HOU,Houston Rockets,2024-03-14,2023-24,Post-ASG
1610612764,13,0022300957,15,WAS,Washington Wizards,2024-03-14,2023-24,Post-ASG
1610612742,10,0022300959,19,DAL,Dallas Mavericks,2024-03-14,2023-24,Post-ASG
1610612760,13,0022300959,19,OKC,Oklahoma City Thunder,2024-03-14,2023-24,Post-ASG
1610612752,9,0022300960,13,NYK,New York Knicks,2024-03-14,2023-24,Post-ASG
1610612757,9,0022300960,11,POR,Portland Trail Blazers,2024-03-14,2023-24,Post-ASG
1610612749,9,0022300958,11,MIL,Milwaukee Bucks,2024-03-14,2023-24,Post-ASG
1610612755,10,0022300958,15,PHI,Philadelphia 76ers,2024-03-14,2023-24,Post-ASG
1610612738,10,0022300955,9,BOS,Boston Celtics,2024-03-14,2023-24,Post-ASG
1610612756,12,0022300955,13,PHX,Phoenix Suns,2024-03-14,2023-24,Post-ASG
1610612737,10,0022300953,12,ATL,Atlanta Hawks,2024-03-13,2023-24,Post-ASG
1610612757,9,0022300953,11,POR,Portland Trail Blazers,2024-03-13,2023-24,Post-ASG
1610612739,10,0022300951,19,CLE,Cleveland Cavaliers,2024-03-13,2023-24,Post-ASG
1610612740,12,0022300951,18,NOP,New Orleans Pelicans,2024-03-13,2023-24,Post-ASG
1610612751,12,0022300947,20,BKN,Brooklyn Nets,2024-03-13,2023-24,Post-ASG
1610612753,15,0022300947,9,ORL,Orlando Magic,2024-03-13,2023-24,Post-ASG
1610612761,9,0022300946,13,TOR,Toronto Raptors,2024-03-13,2023-24,Post-ASG
1610612765,10,0022300946,13,DET,Detroit Pistons,2024-03-13,2023-24,Post-ASG
1610612747,12,0022300954,13,LAL,Los Angeles Lakers,2024-03-13,2023-24,Post-ASG
1610612758,11,0022300954,13,SAC,Sacramento Kings,2024-03-13,2023-24,Post-ASG
1610612741,10,0022300948,17,CHI,Chicago Bulls,2024-03-13,2023-24,Post-ASG
1610612754,11,0022300948,20,IND,Indiana Pacers,2024-03-13,2023-24,Post-ASG
1610612763,9,0022300950,11,MEM,Memphis Grizzlies,2024-03-13,2023-24,Post-ASG
1610612766,8,0022300950,11,CHA,Charlotte Hornets,2024-03-13,2023-24,Post-ASG
1610612743,10,0022300949,13,DEN,Denver Nuggets,2024-03-13,2023-24,Post-ASG
1610612748,10,0022300949,14,MIA,Miami Heat,2024-03-13,2023-24,Post-ASG
1610612742,13,0022300952,19,DAL,Dallas Mavericks,2024-03-13,2023-24,Post-ASG
1610612744,12,0022300952,19,GSW,Golden State Warriors,2024-03-13,2023-24,Post-ASG
1610612754,10,0022300941,11,IND,Indiana Pacers,2024-03-12,2023-24,Post-ASG
1610612760,11,0022300941,17,OKC,Oklahoma City Thunder,2024-03-12,2023-24,Post-ASG
1610612746,14,0022300944,16,LAC,LA Clippers,2024-03-12,2023-24,Post-ASG
1610612750,13,0022300944,19,MIN,Minnesota Timberwolves,2024-03-12,2023-24,Post-ASG
1610612749,12,0022300945,13,MIL,Milwaukee Bucks,2024-03-12,2023-24,Post-ASG
1610612758,14,0022300945,26,SAC,Sacramento Kings,2024-03-12,2023-24,Post-ASG
1610612763,9,0022300940,15,MEM,Memphis Grizzlies,2024-03-12,2023-24,Post-ASG
1610612764,11,0022300940,12,WAS,Washington Wizards,2024-03-12,2023-24,Post-ASG
1610612738,11,0022300943,14,BOS,Boston Celtics,2024-03-12,2023-24,Post-ASG
1610612762,10,0022300943,16,UTA,Utah Jazz,2024-03-12,2023-24,Post-ASG
1610612745,10,0022300942,21,HOU,Houston Rockets,2024-03-12,2023-24,Post-ASG
1610612759,11,0022300942,16,SAS,San Antonio Spurs,2024-03-12,2023-24,Post-ASG
1610612752,11,0022300939,11,NYK,New York Knicks,2024-03-12,2023-24,Post-ASG
1610612755,12,0022300939,17,PHI,Philadelphia 76ers,2024-03-12,2023-24,Post-ASG
1610612738,11,0022300938,11,BOS,Boston Celtics,2024-03-11,2023-24,Post-ASG
1610612757,11,0022300938,14,POR,Portland Trail Blazers,2024-03-11,2023-24,Post-ASG
1610612743,10,0022300937,13,DEN,Denver Nuggets,2024-03-11,2023-24,Post-ASG
1610612761,9,0022300937,19,TOR,Toronto Raptors,2024-03-11,2023-24,Post-ASG
1610612744,9,0022300936,19,GSW,Golden State Warriors,2024-03-11,2023-24,Post-ASG
1610612759,11,0022300936,17,SAS,San Antonio Spurs,2024-03-11,2023-24,Post-ASG
1610612765,10,0022300933,8,DET,Detroit Pistons,2024-03-11,2023-24,Post-ASG
1610612766,9,0022300933,10,CHA,Charlotte Hornets,2024-03-11,2023-24,Post-ASG
1610612739,9,0022300934,15,CLE,Cleveland Cavaliers,2024-03-11,2023-24,Post-ASG
1610612756,9,0022300934,14,PHX,Phoenix Suns,2024-03-11,2023-24,Post-ASG
1610612741,12,0022300935,16,CHI,Chicago Bulls,2024-03-11,2023-24,Post-ASG
1610612742,14,0022300935,15,DAL,Dallas Mavericks,2024-03-11,2023-24,Post-ASG
1610612747,12,0022300932,13,LAL,Los Angeles Lakers,2024-03-10,2023-24,Post-ASG
1610612750,11,0022300932,13,MIN,Minnesota Timberwolves,2024-03-10,2023-24,Post-ASG
1610612746,10,0022300924,16,LAC,LA Clippers,2024-03-10,2023-24,Post-ASG
1610612749,9,0022300924,14,MIL,Milwaukee Bucks,2024-03-10,2023-24,Post-ASG
1610612753,10,0022300928,12,ORL,Orlando Magic,2024-03-10,2023-24,Post-ASG
1610612754,10,0022300928,16,IND,Indiana Pacers,2024-03-10,2023-24,Post-ASG
1610612739,11,0022300930,14,CLE,Cleveland Cavaliers,2024-03-10,2023-24,Post-ASG
1610612751,12,0022300930,19,BKN,Brooklyn Nets,2024-03-10,2023-24,Post-ASG
1610612737,10,0022300925,15,ATL,Atlanta Hawks,2024-03-10,2023-24,Post-ASG
1610612740,9,0022300925,10,NOP,New Orleans Pelicans,2024-03-10,2023-24,Post-ASG
1610612752,9,0022300927,13,NYK,New York Knicks,2024-03-10,2023-24,Post-ASG
1610612755,9,0022300927,15,PHI,Philadelphia 76ers,2024-03-10,2023-24,Post-ASG
1610612745,10,0022300929,14,HOU,Houston Rockets,2024-03-10,2023-24,Post-ASG
1610612758,10,0022300929,16,SAC,Sacramento Kings,2024-03-10,2023-24,Post-ASG
1610612760,15,0022300931,16,OKC,Oklahoma City Thunder,2024-03-10,2023-24,Post-ASG
1610612763,9,0022300931,11,MEM,Memphis Grizzlies,2024-03-10,2023-24,Post-ASG
1610612748,10,0022300926,11,MIA,Miami Heat,2024-03-10,2023-24,Post-ASG
1610612764,11,0022300926,15,WAS,Washington Wizards,2024-03-10,2023-24,Post-ASG
1610612743,14,0022300922,16,DEN,Denver Nuggets,2024-03-09,2023-24,Post-ASG
1610612762,11,0022300922,13,UTA,Utah Jazz,2024-03-09,2023-24,Post-ASG
1610612751,9,0022300918,19,BKN,Brooklyn Nets,2024-03-09,2023-24,Post-ASG
1610612766,9,0022300918,8,CHA,Charlotte Hornets,2024-03-09,2023-24,Post-ASG
1610612738,10,0022300920,9,BOS,Boston Celtics,2024-03-09,2023-24,Post-ASG
1610612756,10,0022300920,12,PHX,Phoenix Suns,2024-03-09,2023-24,Post-ASG
1610612744,13,0022300921,20,GSW,Golden State Warriors,2024-03-09,2023-24,Post-ASG
1610612759,10,0022300921,16,SAS,San Antonio Spurs,2024-03-09,2023-24,Post-ASG
1610612742,13,0022300919,24,DAL,Dallas Mavericks,2024-03-09,2023-24,Post-ASG
1610612765,12,0022300919,20,DET,Detroit Pistons,2024-03-09,2023-24,Post-ASG
1610612757,9,0022300923,13,POR,Portland Trail Blazers,2024-03-09,2023-24,Post-ASG
1610612761,10,0022300923,15,TOR,Toronto Raptors,2024-03-09,2023-24,Post-ASG
1610612741,12,0022300917,16,CHI,Chicago Bulls,2024-03-09,2023-24,Post-ASG
1610612746,11,0022300917,15,LAC,LA Clippers,2024-03-09,2023-24,Post-ASG
1610612752,12,0022300912,11,NYK,New York Knicks,2024-03-08,2023-24,Post-ASG
1610612753,14,0022300912,14,ORL,Orlando Magic,2024-03-08,2023-24,Post-ASG
1610612747,9,0022300915,13,LAL,Los Angeles Lakers,2024-03-08,2023-24,Post-ASG
1610612749,9,0022300915,12,MIL,Milwaukee Bucks,2024-03-08,2023-24,Post-ASG
1610612737,10,0022300913,14,ATL,Atlanta Hawks,2024-03-08,2023-24,Post-ASG
1610612763,9,0022300913,11,MEM,Memphis Grizzlies,2024-03-08,2023-24,Post-ASG
1610612740,9,0022300909,13,NOP,New Orleans Pelicans,2024-03-08,2023-24,Post-ASG
1610612755,10,0022300909,14,PHI,Philadelphia 76ers,2024-03-08,2023-24,Post-ASG
1610612764,10,0022300910,16,WAS,Washington Wizards,2024-03-08,2023-24,Post-ASG
1610612766,9,0022300910,9,CHA,Charlotte Hornets,2024-03-08,2023-24,Post-ASG
1610612745,10,0022300916,16,HOU,Houston Rockets,2024-03-08,2023-24,Post-ASG
1610612757,10,0022300916,15,POR,Portland Trail Blazers,2024-03-08,2023-24,Post-ASG
1610612748,9,0022300914,11,MIA,Miami Heat,2024-03-08,2023-24,Post-ASG
1610612760,10,0022300914,19,OKC,Oklahoma City Thunder,2024-03-08,2023-24,Post-ASG
1610612739,9,0022300911,15,CLE,Cleveland Cavaliers,2024-03-08,2023-24,Post-ASG
1610612750,9,0022300911,18,MIN,Minnesota Timberwolves,2024-03-08,2023-24,Post-ASG
1610612750,9,0022300903,21,MIN,Minnesota Timberwolves,2024-03-07,2023-24,Post-ASG
1610612754,11,0022300903,15,IND,Indiana Pacers,2024-03-07,2023-24,Post-ASG
1610612741,10,0022300907,16,CHI,Chicago Bulls,2024-03-07,2023-24,Post-ASG
1610612744,11,0022300907,21,GSW,Golden State Warriors,2024-03-07,2023-24,Post-ASG
1610612756,9,0022300905,13,PHX,Phoenix Suns,2024-03-07,2023-24,Post-ASG
1610612761,9,0022300905,15,TOR,Toronto Raptors,2024-03-07,2023-24,Post-ASG
1610612738,9,0022300906,14,BOS,Boston Celtics,2024-03-07,2023-24,Post-ASG
1610612743,10,0022300906,13,DEN,Denver Nuggets,2024-03-07,2023-24,Post-ASG
1610612751,10,0022300902,19,BKN,Brooklyn Nets,2024-03-07,2023-24,Post-ASG
1610612765,10,0022300902,14,DET,Detroit Pistons,2024-03-07,2023-24,Post-ASG
1610612742,10,0022300904,16,DAL,Dallas Mavericks,2024-03-07,2023-24,Post-ASG
1610612748,9,0022300904,14,MIA,Miami Heat,2024-03-07,2023-24,Post-ASG
1610612758,10,0022300908,17,SAC,Sacramento Kings,2024-03-07,2023-24,Post-ASG
1610612759,11,0022300908,22,SAS,San Antonio Spurs,2024-03-07,2023-24,Post-ASG
1610612741,9,0022300898,13,CHI,Chicago Bulls,2024-03-06,2023-24,Post-ASG
1610612762,9,0022300898,11,UTA,Utah Jazz,2024-03-06,2023-24,Post-ASG
1610612747,12,0022300901,14,LAL,Los Angeles Lakers,2024-03-06,2023-24,Post-ASG
1610612758,10,0022300901,14,SAC,Sacramento Kings,2024-03-06,2023-24,Post-ASG
1610612745,10,0022300897,16,HOU,Houston Rockets,2024-03-06,2023-24,Post-ASG
1610612746,10,0022300897,16,LAC,LA Clippers,2024-03-06,2023-24,Post-ASG
1610612753,10,0022300894,17,ORL,Orlando Magic,2024-03-06,2023-24,Post-ASG
1610612764,10,0022300894,18,WAS,Washington Wizards,2024-03-06,2023-24,Post-ASG
1610612737,10,0022300895,13,ATL,Atlanta Hawks,2024-03-06,2023-24,Post-ASG
1610612739,9,0022300895,12,CLE,Cleveland Cavaliers,2024-03-06,2023-24,Post-ASG
1610612757,9,0022300900,16,POR,Portland Trail Blazers,2024-03-06,2023-24,Post-ASG
1610612760,10,0022300900,14,OKC,Oklahoma City Thunder,2024-03-06,2023-24,Post-ASG
1610612755,10,0022300896,16,PHI,Philadelphia 76ers,2024-03-06,2023-24,Post-ASG
1610612763,9,0022300896,13,MEM,Memphis Grizzlies,2024-03-06,2023-24,Post-ASG
1610612744,15,0022300899,18,GSW,Golden State Warriors,2024-03-06,2023-24,Post-ASG
1610612749,13,0022300899,17,MIL,Milwaukee Bucks,2024-03-06,2023-24,Post-ASG
1610612737,9,0022300889,7,ATL,Atlanta Hawks,2024-03-05,2023-24,Post-ASG
1610612752,8,0022300889,9,NYK,New York Knicks,2024-03-05,2023-24,Post-ASG
1610612743,9,0022300893,10,DEN,Denver Nuggets,2024-03-05,2023-24,Post-ASG
1610612756,10,0022300893,16,PHX,Phoenix Suns,2024-03-05,2023-24,Post-ASG
1610612753,13,0022300885,11,ORL,Orlando Magic,2024-03-05,2023-24,Post-ASG
1610612766,8,0022300885,13,CHA,Charlotte Hornets,2024-03-05,2023-24,Post-ASG
1610612745,11,0022300891,15,HOU,Houston Rockets,2024-03-05,2023-24,Post-ASG
1610612759,10,0022300891,11,SAS,San Antonio Spurs,2024-03-05,2023-24,Post-ASG
1610612751,10,0022300887,26,BKN,Brooklyn Nets,2024-03-05,2023-24,Post-ASG
1610612755,10,0022300887,15,PHI,Philadelphia 76ers,2024-03-05,2023-24,Post-ASG
1610612740,14,0022300890,16,NOP,New Orleans Pelicans,2024-03-05,2023-24,Post-ASG
1610612761,12,0022300890,13,TOR,Toronto Raptors,2024-03-05,2023-24,Post-ASG
1610612738,9,0022300886,9,BOS,Boston Celtics,2024-03-05,2023-24,Post-ASG
1610612739,9,0022300886,14,CLE,Cleveland Cavaliers,2024-03-05,2023-24,Post-ASG
1610612748,10,0022300888,14,MIA,Miami Heat,2024-03-05,2023-24,Post-ASG
1610612765,9,0022300888,15,DET,Detroit Pistons,2024-03-05,2023-24,Post-ASG
1610612742,13,0022300892,22,DAL,Dallas Mavericks,2024-03-05,2023-24,Post-ASG
1610612754,12,0022300892,16,IND,Indiana Pacers,2024-03-05,2023-24,Post-ASG
1610612747,13,0022300884,15,LAL,Los Angeles Lakers,2024-03-04,2023-24,Post-ASG
1610612760,14,0022300884,19,OKC,Oklahoma City Thunder,2024-03-04,2023-24,Post-ASG
1610612750,9,0022300881,16,MIN,Minnesota Timberwolves,2024-03-04,2023-24,Post-ASG
1610612757,9,0022300881,14,POR,Portland Trail Blazers,2024-03-04,2023-24,Post-ASG
1610612741,9,0022300883,17,CHI,Chicago Bulls,2024-03-04,2023-24,Post-ASG
1610612758,10,0022300883,20,SAC,Sacramento Kings,2024-03-04,2023-24,Post-ASG
1610612746,9,0022300880,15,LAC,LA Clippers,2024-03-04,2023-24,Post-ASG
1610612749,9,0022300880,9,MIL,Milwaukee Bucks,2024-03-04,2023-24,Post-ASG
1610612751,9,0022300879,18,BKN,Brooklyn Nets,2024-03-04,2023-24,Post-ASG
1610612763,9,0022300879,14,MEM,Memphis Grizzlies,2024-03-04,2023-24,Post-ASG
1610612762,11,0022300882,17,UTA,Utah Jazz,2024-03-04,2023-24,Post-ASG
1610612764,11,0022300882,18,WAS,Washington Wizards,2024-03-04,2023-24,Post-ASG
1610612742,10,0022300871,16,DAL,Dallas Mavericks,2024-03-03,2023-24,Post-ASG
1610612755,9,0022300871,15,PHI,Philadelphia 76ers,2024-03-03,2023-24,Post-ASG
1610612754,10,0022300877,13,IND,Indiana Pacers,2024-03-03,2023-24,Post-ASG
1610612759,12,0022300877,16,SAS,San Antonio Spurs,2024-03-03,2023-24,Post-ASG
1610612756,10,0022300878,15,PHX,Phoenix Suns,2024-03-03,2023-24,Post-ASG
1610612760,11,0022300878,18,OKC,Oklahoma City Thunder,2024-03-03,2023-24,Post-ASG
1610612738,12,0022300872,10,BOS,Boston Celtics,2024-03-03,2023-24,Post-ASG
1610612744,13,0022300872,15,GSW,Golden State Warriors,2024-03-03,2023-24,Post-ASG
1610612753,15,0022300874,8,ORL,Orlando Magic,2024-03-03,2023-24,Post-ASG
1610612765,10,0022300874,12,DET,Detroit Pistons,2024-03-03,2023-24,Post-ASG
1610612746,9,0022300873,12,LAC,LA Clippers,2024-03-03,2023-24,Post-ASG
1610612750,9,0022300873,18,MIN,Minnesota Timberwolves,2024-03-03,2023-24,Post-ASG
1610612761,10,0022300875,10,TOR,Toronto Raptors,2024-03-03,2023-24,Post-ASG
1610612766,9,0022300875,8,CHA,Charlotte Hornets,2024-03-03,2023-24,Post-ASG
1610612739,9,0022300876,13,CLE,Cleveland Cavaliers,2024-03-03,2023-24,Post-ASG
1610612752,9,0022300876,9,NYK,New York Knicks,2024-03-03,2023-24,Post-ASG
1610612745,10,0022300870,17,HOU,Houston Rockets,2024-03-02,2023-24,Post-ASG
1610612756,13,0022300870,22,PHX,Phoenix Suns,2024-03-02,2023-24,Post-ASG
1610612757,11,0022300868,19,POR,Portland Trail Blazers,2024-03-02,2023-24,Post-ASG
1610612763,10,0022300868,16,MEM,Memphis Grizzlies,2024-03-02,2023-24,Post-ASG
1610612748,9,0022300867,16,MIA,Miami Heat,2024-03-02,2023-24,Post-ASG
1610612762,10,0022300867,14,UTA,Utah Jazz,2024-03-02,2023-24,Post-ASG
1610612737,10,0022300866,15,ATL,Atlanta Hawks,2024-03-02,2023-24,Post-ASG
1610612751,11,0022300866,17,BKN,Brooklyn Nets,2024-03-02,2023-24,Post-ASG
1610612743,9,0022300869,10,DEN,Denver Nuggets,2024-03-02,2023-24,Post-ASG
1610612747,9,0022300869,11,LAL,Los Angeles Lakers,2024-03-02,2023-24,Post-ASG
1610612750,9,0022300862,22,MIN,Minnesota Timberwolves,2024-03-01,2023-24,Post-ASG
1610612758,10,0022300862,15,SAC,Sacramento Kings,2024-03-01,2023-24,Post-ASG
1610612744,12,0022300860,17,GSW,Golden State Warriors,2024-03-01,2023-24,Post-ASG
1610612761,14,0022300860,20,TOR,Toronto Raptors,2024-03-01,2023-24,Post-ASG
1610612755,9,0022300858,11,PHI,Philadelphia 76ers,2024-03-01,2023-24,Post-ASG
1610612766,9,0022300858,14,CHA,Charlotte Hornets,2024-03-01,2023-24,Post-ASG
1610612741,11,0022300864,16,CHI,Chicago Bulls,2024-03-01,2023-24,Post-ASG
1610612749,13,0022300864,11,MIL,Milwaukee Bucks,2024-03-01,2023-24,Post-ASG
1610612740,13,0022300863,18,NOP,New Orleans Pelicans,2024-03-01,2023-24,Post-ASG
1610612754,14,0022300863,20,IND,Indiana Pacers,2024-03-01,2023-24,Post-ASG
1610612739,9,0022300857,14,CLE,Cleveland Cavaliers,2024-03-01,2023-24,Post-ASG
1610612765,10,0022300857,13,DET,Detroit Pistons,2024-03-01,2023-24,Post-ASG
1610612757,12,0022300861,16,POR,Portland Trail Blazers,2024-03-01,2023-24,Post-ASG
1610612763,10,0022300861,14,MEM,Memphis Grizzlies,2024-03-01,2023-24,Post-ASG
1610612738,12,0022300859,17,BOS,Boston Celtics,2024-03-01,2023-24,Post-ASG
1610612742,13,0022300859,16,DAL,Dallas Mavericks,2024-03-01,2023-24,Post-ASG
1610612746,14,0022300865,12,LAC,LA Clippers,2024-03-01,2023-24,Post-ASG
1610612764,13,0022300865,11,WAS,Washington Wizards,2024-03-01,2023-24,Post-ASG
1610612759,10,0022300853,18,SAS,San Antonio Spurs,2024-02-29,2023-24,Post-ASG
1610612760,13,0022300853,14,OKC,Oklahoma City Thunder,2024-02-29,2023-24,Post-ASG
1610612745,11,0022300854,17,HOU,Houston Rockets,2024-02-29,2023-24,Post-ASG
1610612756,9,0022300854,13,PHX,Phoenix Suns,2024-02-29,2023-24,Post-ASG
1610612749,11,0022300849,14,MIL,Milwaukee Bucks,2024-02-29,2023-24,Post-ASG
1610612766,9,0022300849,13,CHA,Charlotte Hornets,2024-02-29,2023-24,Post-ASG
1610612753,10,0022300850,15,ORL,Orlando Magic,2024-02-29,2023-24,Post-ASG
1610612762,9,0022300850,13,UTA,Utah Jazz,2024-02-29,2023-24,Post-ASG
1610612747,10,0022300856,16,LAL,Los Angeles Lakers,2024-02-29,2023-24,Post-ASG
1610612764,11,0022300856,14,WAS,Washington Wizards,2024-02-29,2023-24,Post-ASG
1610612743,10,0022300855,15,DEN,Denver Nuggets,2024-02-29,2023-24,Post-ASG
1610612748,9,0022300855,12,MIA,Miami Heat,2024-02-29,2023-24,Post-ASG
1610612744,12,0022300852,15,GSW,Golden State Warriors,2024-02-29,2023-24,Post-ASG
1610612752,9,0022300852,12,NYK,New York Knicks,2024-02-29,2023-24,Post-ASG
1610612737,11,0022300851,18,ATL,Atlanta Hawks,2024-02-29,2023-24,Post-ASG
1610612751,11,0022300851,17,BKN,Brooklyn Nets,2024-02-29,2023-24,Post-ASG
1610612743,14,0022300847,12,DEN,Denver Nuggets,2024-02-28,2023-24,Post-ASG
1610612758,12,0022300847,19,SAC,Sacramento Kings,2024-02-28,2023-24,Post-ASG
1610612742,11,0022300844,13,DAL,Dallas Mavericks,2024-02-28,2023-24,Post-ASG
1610612761,9,0022300844,11,TOR,Toronto Raptors,2024-02-28,2023-24,Post-ASG
1610612740,9,0022300843,17,NOP,New Orleans Pelicans,2024-02-28,2023-24,Post-ASG
1610612754,9,0022300843,12,IND,Indiana Pacers,2024-02-28,2023-24,Post-ASG
1610612739,9,0022300846,20,CLE,Cleveland Cavaliers,2024-02-28,2023-24,Post-ASG
1610612741,10,0022300846,18,CHI,Chicago Bulls,2024-02-28,2023-24,Post-ASG
1610612746,9,0022300848,16,LAC,LA Clippers,2024-02-28,2023-24,Post-ASG
1610612747,10,0022300848,12,LAL,Los Angeles Lakers,2024-02-28,2023-24,Post-ASG
1610612750,9,0022300845,13,MIN,Minnesota Timberwolves,2024-02-28,2023-24,Post-ASG
1610612763,10,0022300845,16,MEM,Memphis Grizzlies,2024-02-28,2023-24,Post-ASG
1610612737,9,0022300835,14,ATL,Atlanta Hawks,2024-02-27,2023-24,Post-ASG
1610612762,10,0022300835,14,UTA,Utah Jazz,2024-02-27,2023-24,Post-ASG
1610612738,11,0022300836,16,BOS,Boston Celtics,2024-02-27,2023-24,Post-ASG
1610612755,12,0022300836,20,PHI,Philadelphia 76ers,2024-02-27,2023-24,Post-ASG
1610612741,9,0022300839,18,CHI,Chicago Bulls,2024-02-27,2023-24,Post-ASG
1610612765,10,0022300839,10,DET,Detroit Pistons,2024-02-27,2023-24,Post-ASG
1610612749,13,0022300840,11,MIL,Milwaukee Bucks,2024-02-27,2023-24,Post-ASG
1610612766,12,0022300840,13,CHA,Charlotte Hornets,2024-02-27,2023-24,Post-ASG
1610612750,11,0022300838,19,MIN,Minnesota Timberwolves,2024-02-27,2023-24,Post-ASG
1610612759,10,0022300838,14,SAS,San Antonio Spurs,2024-02-27,2023-24,Post-ASG
1610612740,12,0022300837,14,NOP,New Orleans Pelicans,2024-02-27,2023-24,Post-ASG
1610612752,10,0022300837,10,NYK,New York Knicks,2024-02-27,2023-24,Post-ASG
1610612748,10,0022300842,12,MIA,Miami Heat,2024-02-27,2023-24,Post-ASG
1610612757,10,0022300842,16,POR,Portland Trail Blazers,2024-02-27,2023-24,Post-ASG
1610612745,12,0022300841,17,HOU,Houston Rockets,2024-02-27,2023-24,Post-ASG
1610612760,12,0022300841,21,OKC,Oklahoma City Thunder,2024-02-27,2023-24,Post-ASG
1610612751,12,0022300833,19,BKN,Brooklyn Nets,2024-02-27,2023-24,Post-ASG
1610612753,12,0022300833,13,ORL,Orlando Magic,2024-02-27,2023-24,Post-ASG
1610612744,13,0022300834,14,GSW,Golden State Warriors,2024-02-27,2023-24,Post-ASG
1610612764,10,0022300834,14,WAS,Washington Wizards,2024-02-27,2023-24,Post-ASG
1610612739,9,0022300832,11,CLE,Cleveland Cavaliers,2024-02-27,2023-24,Post-ASG
1610612742,10,0022300832,14,DAL,Dallas Mavericks,2024-02-27,2023-24,Post-ASG
1610612754,11,0022300829,12,IND,Indiana Pacers,2024-02-26,2023-24,Post-ASG
1610612761,9,0022300829,14,TOR,Toronto Raptors,2024-02-26,2023-24,Post-ASG
1610612752,9,0022300828,12,NYK,New York Knicks,2024-02-26,2023-24,Post-ASG
1610612765,10,0022300828,12,DET,Detroit Pistons,2024-02-26,2023-24,Post-ASG
1610612751,13,0022300830,21,BKN,Brooklyn Nets,2024-02-26,2023-24,Post-ASG
1610612763,11,0022300830,20,MEM,Memphis Grizzlies,2024-02-26,2023-24,Post-ASG
1610612748,9,0022300831,10,MIA,Miami Heat,2024-02-26,2023-24,Post-ASG
1610612758,9,0022300831,12,SAC,Sacramento Kings,2024-02-26,2023-24,Post-ASG
1610612740,9,0022300823,14,NOP,New Orleans Pelicans,2024-02-25,2023-24,Post-ASG
1610612741,10,0022300823,16,CHI,Chicago Bulls,2024-02-25,2023-24,Post-ASG
1610612739,6,0022300820,2,CLE,Cleveland Cavaliers,2024-02-25,2023-24,Post-ASG
1610612764,5,0022300820,1,WAS,Washington Wizards,2024-02-25,2023-24,Post-ASG
1610612737,9,0022300821,15,ATL,Atlanta Hawks,2024-02-25,2023-24,Post-ASG
1610612753,12,0022300821,16,ORL,Orlando Magic,2024-02-25,2023-24,Post-ASG
1610612759,11,0022300825,17,SAS,San Antonio Spurs,2024-02-25,2023-24,Post-ASG
1610612762,13,0022300825,13,UTA,Utah Jazz,2024-02-25,2023-24,Post-ASG
1610612749,13,0022300817,14,MIL,Milwaukee Bucks,2024-02-25,2023-24,Post-ASG
1610612755,12,0022300817,18,PHI,Philadelphia 76ers,2024-02-25,2023-24,Post-ASG
1610612745,10,0022300822,12,HOU,Houston Rockets,2024-02-25,2023-24,Post-ASG
1610612760,11,0022300822,18,OKC,Oklahoma City Thunder,2024-02-25,2023-24,Post-ASG
1610612746,10,0022300827,17,LAC,LA Clippers,2024-02-25,2023-24,Post-ASG
1610612758,10,0022300827,13,SAC,Sacramento Kings,2024-02-25,2023-24,Post-ASG
1610612743,14,0022300824,15,DEN,Denver Nuggets,2024-02-25,2023-24,Post-ASG
1610612744,14,0022300824,17,GSW,Golden State Warriors,2024-02-25,2023-24,Post-ASG
1610612747,11,0022300818,14,LAL,Los Angeles Lakers,2024-02-25,2023-24,Post-ASG
1610612756,11,0022300818,14,PHX,Phoenix Suns,2024-02-25,2023-24,Post-ASG
1610612742,12,0022300819,13,DAL,Dallas Mavericks,2024-02-25,2023-24,Post-ASG
1610612754,12,0022300819,9,IND,Indiana Pacers,2024-02-25,2023-24,Post-ASG
1610612757,11,0022300826,12,POR,Portland Trail Blazers,2024-02-25,2023-24,Post-ASG
1610612766,9,0022300826,13,CHA,Charlotte Hornets,2024-02-25,2023-24,Post-ASG
1610612750,12,0022300815,20,MIN,Minnesota Timberwolves,2024-02-24,2023-24,Post-ASG
1610612751,11,0022300815,18,BKN,Brooklyn Nets,2024-02-24,2023-24,Post-ASG
1610612753,11,0022300814,13,ORL,Orlando Magic,2024-02-24,2023-24,Post-ASG
1610612765,10,0022300814,13,DET,Detroit Pistons,2024-02-24,2023-24,Post-ASG
1610612738,10,0022300816,11,BOS,Boston Celtics,2024-02-24,2023-24,Post-ASG
1610612752,11,0022300816,15,NYK,New York Knicks,2024-02-24,2023-24,Post-ASG
1610612746,9,0022300807,14,LAC,LA Clippers,2024-02-23,2023-24,Post-ASG
1610612763,10,0022300807,12,MEM,Memphis Grizzlies,2024-02-23,2023-24,Post-ASG
1610612749,9,0022300808,15,MIL,Milwaukee Bucks,2024-02-23,2023-24,Post-ASG
1610612750,9,0022300808,13,MIN,Minnesota Timberwolves,2024-02-23,2023-24,Post-ASG
1610612739,10,0022300805,20,CLE,Cleveland Cavaliers,2024-02-23,2023-24,Post-ASG
1610612755,11,0022300805,12,PHI,Philadelphia 76ers,2024-02-23,2023-24,Post-ASG
1610612744,14,0022300811,13,GSW,Golden State Warriors,2024-02-23,2023-24,Post-ASG
1610612766,10,0022300811,12,CHA,Charlotte Hornets,2024-02-23,2023-24,Post-ASG
1610612740,10,0022300810,22,NOP,New Orleans Pelicans,2024-02-23,2023-24,Post-ASG
1610612748,9,0022300810,14,MIA,Miami Heat,2024-02-23,2023-24,Post-ASG
1610612760,14,0022300809,20,OKC,Oklahoma City Thunder,2024-02-23,2023-24,Post-ASG
1610612764,13,0022300809,13,WAS,Washington Wizards,2024-02-23,2023-24,Post-ASG
1610612745,9,0022300806,20,HOU,Houston Rockets,2024-02-23,2023-24,Post-ASG
1610612756,9,0022300806,15,PHX,Phoenix Suns,2024-02-23,2023-24,Post-ASG
1610612747,12,0022300813,16,LAL,Los Angeles Lakers,2024-02-23,2023-24,Post-ASG
1610612759,11,0022300813,17,SAS,San Antonio Spurs,2024-02-23,2023-24,Post-ASG
1610612737,9,0022300804,13,ATL,Atlanta Hawks,2024-02-23,2023-24,Post-ASG
1610612761,9,0022300804,17,TOR,Toronto Raptors,2024-02-23,2023-24,Post-ASG
1610612743,14,0022300812,11,DEN,Denver Nuggets,2024-02-23,2023-24,Post-ASG
1610612757,11,0022300812,13,POR,Portland Trail Blazers,2024-02-23,2023-24,Post-ASG
1610612742,12,0022300796,19,DAL,Dallas Mavericks,2024-02-22,2023-24,Post-ASG
1610612756,12,0022300796,13,PHX,Phoenix Suns,2024-02-22,2023-24,Post-ASG
1610612740,12,0022300798,14,NOP,New Orleans Pelicans,2024-02-22,2023-24,Post-ASG
1610612745,13,0022300798,16,HOU,Houston Rockets,2024-02-22,2023-24,Post-ASG
1610612754,10,0022300793,13,IND,Indiana Pacers,2024-02-22,2023-24,Post-ASG
1610612765,11,0022300793,18,DET,Detroit Pistons,2024-02-22,2023-24,Post-ASG
1610612752,11,0022300794,12,NYK,New York Knicks,2024-02-22,2023-24,Post-ASG
1610612755,13,0022300794,20,PHI,Philadelphia 76ers,2024-02-22,2023-24,Post-ASG
1610612746,10,0022300799,13,LAC,LA Clippers,2024-02-22,2023-24,Post-ASG
1610612760,12,0022300799,20,OKC,Oklahoma City Thunder,2024-02-22,2023-24,Post-ASG
1610612751,13,0022300795,21,BKN,Brooklyn Nets,2024-02-22,2023-24,Post-ASG
1610612761,13,0022300795,13,TOR,Toronto Raptors,2024-02-22,2023-24,Post-ASG
1610612762,9,0022300801,10,UTA,Utah Jazz,2024-02-22,2023-24,Post-ASG
1610612766,9,0022300801,13,CHA,Charlotte Hornets,2024-02-22,2023-24,Post-ASG
1610612739,10,0022300792,19,CLE,Cleveland Cavaliers,2024-02-22,2023-24,Post-ASG
1610612753,10,0022300792,13,ORL,Orlando Magic,2024-02-22,2023-24,Post-ASG
1610612758,11,0022300803,15,SAC,Sacramento Kings,2024-02-22,2023-24,Post-ASG
1610612759,10,0022300803,10,SAS,San Antonio Spurs,2024-02-22,2023-24,Post-ASG
1610612744,13,0022300802,19,GSW,Golden State Warriors,2024-02-22,2023-24,Post-ASG
1610612747,11,0022300802,14,LAL,Los Angeles Lakers,2024-02-22,2023-24,Post-ASG
1610612743,13,0022300800,16,DEN,Denver Nuggets,2024-02-22,2023-24,Post-ASG
1610612764,14,0022300800,15,WAS,Washington Wizards,2024-02-22,2023-24,Post-ASG
1610612738,13,0022300797,15,BOS,Boston Celtics,2024-02-22,2023-24,Post-ASG
1610612741,11,0022300797,21,CHI,Chicago Bulls,2024-02-22,2023-24,Post-ASG
1610612750,13,0022300791,18,MIN,Minnesota Timberwolves,2024-02-15,2023-24,Pre-ASG
1610612757,13,0022300791,15,POR,Portland Trail Blazers,2024-02-15,2023-24,Pre-ASG
1610612744,11,0022300576,17,GSW,Golden State Warriors,2024-02-15,2023-24,Pre-ASG
1610612762,9,0022300576,13,UTA,Utah Jazz,2024-02-15,2023-24,Pre-ASG
1610612749,10,0022300790,9,MIL,Milwaukee Bucks,2024-02-15,2023-24,Pre-ASG
1610612763,9,0022300790,14,MEM,Memphis Grizzlies,2024-02-15,2023-24,Pre-ASG
1610612737,10,0022300777,10,ATL,Atlanta Hawks,2024-02-14,2023-24,Pre-ASG
1610612766,12,0022300777,13,CHA,Charlotte Hornets,2024-02-14,2023-24,Pre-ASG
1610612738,11,0022300780,16,BOS,Boston Celtics,2024-02-14,2023-24,Pre-ASG
1610612751,14,0022300780,12,BKN,Brooklyn Nets,2024-02-14,2023-24,Pre-ASG
1610612743,9,0022300786,9,DEN,Denver Nuggets,2024-02-14,2023-24,Pre-ASG
1610612758,11,0022300786,15,SAC,Sacramento Kings,2024-02-14,2023-24,Pre-ASG
1610612748,9,0022300779,14,MIA,Miami Heat,2024-02-14,2023-24,Pre-ASG
1610612755,9,0022300779,12,PHI,Philadelphia 76ers,2024-02-14,2023-24,Pre-ASG
1610612739,8,0022300781,13,CLE,Cleveland Cavaliers,2024-02-14,2023-24,Pre-ASG
1610612741,9,0022300781,17,CHI,Chicago Bulls,2024-02-14,2023-24,Pre-ASG
1610612742,13,0022300785,12,DAL,Dallas Mavericks,2024-02-14,2023-24,Pre-ASG
1610612759,12,0022300785,11,SAS,San Antonio Spurs,2024-02-14,2023-24,Pre-ASG
1610612744,11,0022300789,18,GSW,Golden State Warriors,2024-02-14,2023-24,Pre-ASG
1610612746,9,0022300789,19,LAC,LA Clippers,2024-02-14,2023-24,Pre-ASG
1610612756,14,0022300787,16,PHX,Phoenix Suns,2024-02-14,2023-24,Pre-ASG
1610612765,13,0022300787,22,DET,Detroit Pistons,2024-02-14,2023-24,Pre-ASG
1610612752,9,0022300778,10,NYK,New York Knicks,2024-02-14,2023-24,Pre-ASG
1610612753,15,0022300778,14,ORL,Orlando Magic,2024-02-14,2023-24,Pre-ASG
1610612754,10,0022300782,17,IND,Indiana Pacers,2024-02-14,2023-24,Pre-ASG
1610612761,11,0022300782,14,TOR,Toronto Raptors,2024-02-14,2023-24,Pre-ASG
1610612740,9,0022300784,18,NOP,New Orleans Pelicans,2024-02-14,2023-24,Pre-ASG
1610612764,11,0022300784,15,WAS,Washington Wizards,2024-02-14,2023-24,Pre-ASG
1610612747,11,0022300788,14,LAL,Los Angeles Lakers,2024-02-14,2023-24,Pre-ASG
1610612762,13,0022300788,14,UTA,Utah Jazz,2024-02-14,2023-24,Pre-ASG
1610612745,10,0022300783,16,HOU,Houston Rockets,2024-02-14,2023-24,Pre-ASG
1610612763,10,0022300783,17,MEM,Memphis Grizzlies,2024-02-14,2023-24,Pre-ASG
1610612753,15,0022300772,12,ORL,Orlando Magic,2024-02-13,2023-24,Pre-ASG
1610612760,12,0022300772,17,OKC,Oklahoma City Thunder,2024-02-13,2023-24,Pre-ASG
1610612747,12,0022300776,17,LAL,Los Angeles Lakers,2024-02-13,2023-24,Pre-ASG
1610612765,12,0022300776,12,DET,Detroit Pistons,2024-02-13,2023-24,Pre-ASG
1610612756,11,0022300774,16,PHX,Phoenix Suns,2024-02-13,2023-24,Pre-ASG
1610612758,10,0022300774,17,SAC,Sacramento Kings,2024-02-13,2023-24,Pre-ASG
1610612738,9,0022300771,14,BOS,Boston Celtics,2024-02-13,2023-24,Pre-ASG
1610612751,10,0022300771,18,BKN,Brooklyn Nets,2024-02-13,2023-24,Pre-ASG
1610612748,12,0022300773,11,MIA,Miami Heat,2024-02-13,2023-24,Pre-ASG
1610612749,13,0022300773,14,MIL,Milwaukee Bucks,2024-02-13,2023-24,Pre-ASG
1610612750,13,0022300775,15,MIN,Minnesota Timberwolves,2024-02-13,2023-24,Pre-ASG
1610612757,12,0022300775,11,POR,Portland Trail Blazers,2024-02-13,2023-24,Pre-ASG
1610612745,9,0022300765,16,HOU,Houston Rockets,2024-02-12,2023-24,Pre-ASG
1610612752,9,0022300765,11,NYK,New York Knicks,2024-02-12,2023-24,Pre-ASG
1610612759,12,0022300764,15,SAS,San Antonio Spurs,2024-02-12,2023-24,Pre-ASG
1610612761,13,0022300764,17,TOR,Toronto Raptors,2024-02-12,2023-24,Pre-ASG
1610612744,13,0022300769,18,GSW,Golden State Warriors,2024-02-12,2023-24,Pre-ASG
1610612762,13,0022300769,14,UTA,Utah Jazz,2024-02-12,2023-24,Pre-ASG
1610612746,13,0022300770,15,LAC,LA Clippers,2024-02-12,2023-24,Pre-ASG
1610612750,12,0022300770,15,MIN,Minnesota Timberwolves,2024-02-12,2023-24,Pre-ASG
1610612739,9,0022300762,10,CLE,Cleveland Cavaliers,2024-02-12,2023-24,Pre-ASG
1610612755,9,0022300762,16,PHI,Philadelphia 76ers,2024-02-12,2023-24,Pre-ASG
1610612740,9,0022300766,15,NOP,New Orleans Pelicans,2024-02-12,2023-24,Pre-ASG
1610612763,9,0022300766,20,MEM,Memphis Grizzlies,2024-02-12,2023-24,Pre-ASG
1610612743,14,0022300767,18,DEN,Denver Nuggets,2024-02-12,2023-24,Pre-ASG
1610612749,14,0022300767,13,MIL,Milwaukee Bucks,2024-02-12,2023-24,Pre-ASG
1610612754,11,0022300761,12,IND,Indiana Pacers,2024-02-12,2023-24,Pre-ASG
1610612766,9,0022300761,15,CHA,Charlotte Hornets,2024-02-12,2023-24,Pre-ASG
1610612742,12,0022300768,16,DAL,Dallas Mavericks,2024-02-12,2023-24,Pre-ASG
1610612764,10,0022300768,17,WAS,Washington Wizards,2024-02-12,2023-24,Pre-ASG
1610612737,9,0022300763,9,ATL,Atlanta Hawks,2024-02-12,2023-24,Pre-ASG
1610612741,9,0022300763,14,CHI,Chicago Bulls,2024-02-12,2023-24,Pre-ASG
1610612738,10,0022300759,12,BOS,Boston Celtics,2024-02-11,2023-24,Pre-ASG
1610612748,10,0022300759,17,MIA,Miami Heat,2024-02-11,2023-24,Pre-ASG
1610612758,10,0022300760,14,SAC,Sacramento Kings,2024-02-11,2023-24,Pre-ASG
1610612760,11,0022300760,21,OKC,Oklahoma City Thunder,2024-02-11,2023-24,Pre-ASG
1610612742,13,0022300748,16,DAL,Dallas Mavericks,2024-02-10,2023-24,Pre-ASG
1610612760,14,0022300748,22,OKC,Oklahoma City Thunder,2024-02-10,2023-24,Pre-ASG
1610612737,8,0022300754,10,ATL,Atlanta Hawks,2024-02-10,2023-24,Pre-ASG
1610612745,10,0022300754,15,HOU,Houston Rockets,2024-02-10,2023-24,Pre-ASG
1610612744,11,0022300757,21,GSW,Golden State Warriors,2024-02-10,2023-24,Pre-ASG
1610612756,10,0022300757,13,PHX,Phoenix Suns,2024-02-10,2023-24,Pre-ASG
1610612740,10,0022300758,14,NOP,New Orleans Pelicans,2024-02-10,2023-24,Pre-ASG
1610612757,10,0022300758,14,POR,Portland Trail Blazers,2024-02-10,2023-24,Pre-ASG
1610612739,11,0022300756,12,CLE,Cleveland Cavaliers,2024-02-10,2023-24,Pre-ASG
1610612761,13,0022300756,12,TOR,Toronto Raptors,2024-02-10,2023-24,Pre-ASG
1610612755,8,0022300753,15,PHI,Philadelphia 76ers,2024-02-10,2023-24,Pre-ASG
1610612764,10,0022300753,16,WAS,Washington Wizards,2024-02-10,2023-24,Pre-ASG
1610612752,8,0022300755,9,NYK,New York Knicks,2024-02-10,2023-24,Pre-ASG
1610612754,10,0022300755,13,IND,Indiana Pacers,2024-02-10,2023-24,Pre-ASG
1610612741,9,0022300752,19,CHI,Chicago Bulls,2024-02-10,2023-24,Pre-ASG
1610612753,11,0022300752,13,ORL,Orlando Magic,2024-02-10,2023-24,Pre-ASG
1610612746,9,0022300749,14,LAC,LA Clippers,2024-02-10,2023-24,Pre-ASG
1610612765,11,0022300749,12,DET,Detroit Pistons,2024-02-10,2023-24,Pre-ASG
1610612751,12,0022300750,18,BKN,Brooklyn Nets,2024-02-10,2023-24,Pre-ASG
1610612759,12,0022300750,22,SAS,San Antonio Spurs,2024-02-10,2023-24,Pre-ASG
1610612763,9,0022300751,12,MEM,Memphis Grizzlies,2024-02-10,2023-24,Pre-ASG
1610612766,9,0022300751,11,CHA,Charlotte Hornets,2024-02-10,2023-24,Pre-ASG
1610612738,9,0022300743,16,BOS,Boston Celtics,2024-02-09,2023-24,Pre-ASG
1610612764,9,0022300743,10,WAS,Washington Wizards,2024-02-09,2023-24,Pre-ASG
1610612740,11,0022300747,18,NOP,New Orleans Pelicans,2024-02-09,2023-24,Pre-ASG
1610612747,11,0022300747,15,LAL,Los Angeles Lakers,2024-02-09,2023-24,Pre-ASG
1610612749,13,0022300745,12,MIL,Milwaukee Bucks,2024-02-09,2023-24,Pre-ASG
1610612766,10,0022300745,14,CHA,Charlotte Hornets,2024-02-09,2023-24,Pre-ASG
1610612737,9,0022300742,7,ATL,Atlanta Hawks,2024-02-09,2023-24,Pre-ASG
1610612755,9,0022300742,16,PHI,Philadelphia 76ers,2024-02-09,2023-24,Pre-ASG
1610612743,12,0022300746,19,DEN,Denver Nuggets,2024-02-09,2023-24,Pre-ASG
1610612758,14,0022300746,12,SAC,Sacramento Kings,2024-02-09,2023-24,Pre-ASG
1610612745,10,0022300744,15,HOU,Houston Rockets,2024-02-09,2023-24,Pre-ASG
1610612761,9,0022300744,10,TOR,Toronto Raptors,2024-02-09,2023-24,Pre-ASG
1610612753,14,0022300734,10,ORL,Orlando Magic,2024-02-08,2023-24,Pre-ASG
1610612759,10,0022300734,15,SAS,San Antonio Spurs,2024-02-08,2023-24,Pre-ASG
1610612757,9,0022300741,13,POR,Portland Trail Blazers,2024-02-08,2023-24,Pre-ASG
1610612765,9,0022300741,15,DET,Detroit Pistons,2024-02-08,2023-24,Pre-ASG
1610612744,12,0022300733,20,GSW,Golden State Warriors,2024-02-08,2023-24,Pre-ASG
1610612754,11,0022300733,9,IND,Indiana Pacers,2024-02-08,2023-24,Pre-ASG
1610612756,12,0022300739,14,PHX,Phoenix Suns,2024-02-08,2023-24,Pre-ASG
1610612762,13,0022300739,13,UTA,Utah Jazz,2024-02-08,2023-24,Pre-ASG
1610612743,9,0022300740,13,DEN,Denver Nuggets,2024-02-08,2023-24,Pre-ASG
1610612747,9,0022300740,16,LAL,Los Angeles Lakers,2024-02-08,2023-24,Pre-ASG
1610612739,12,0022300735,15,CLE,Cleveland Cavaliers,2024-02-08,2023-24,Pre-ASG
1610612751,9,0022300735,16,BKN,Brooklyn Nets,2024-02-08,2023-24,Pre-ASG
1610612742,12,0022300736,15,DAL,Dallas Mavericks,2024-02-08,2023-24,Pre-ASG
1610612752,8,0022300736,11,NYK,New York Knicks,2024-02-08,2023-24,Pre-ASG
1610612749,10,0022300738,13,MIL,Milwaukee Bucks,2024-02-08,2023-24,Pre-ASG
1610612750,13,0022300738,19,MIN,Minnesota Timberwolves,2024-02-08,2023-24,Pre-ASG
1610612741,9,0022300737,17,CHI,Chicago Bulls,2024-02-08,2023-24,Pre-ASG
1610612763,9,0022300737,15,MEM,Memphis Grizzlies,2024-02-08,2023-24,Pre-ASG
1610612744,13,0022300727,16,GSW,Golden State Warriors,2024-02-07,2023-24,Pre-ASG
1610612755,12,0022300727,13,PHI,Philadelphia 76ers,2024-02-07,2023-24,Pre-ASG
1610612748,11,0022300730,15,MIA,Miami Heat,2024-02-07,2023-24,Pre-ASG
1610612759,12,0022300730,18,SAS,San Antonio Spurs,2024-02-07,2023-24,Pre-ASG
1610612740,12,0022300731,16,NOP,New Orleans Pelicans,2024-02-07,2023-24,Pre-ASG
1610612746,12,0022300731,15,LAC,LA Clippers,2024-02-07,2023-24,Pre-ASG
1610612758,9,0022300732,14,SAC,Sacramento Kings,2024-02-07,2023-24,Pre-ASG
1610612765,9,0022300732,13,DET,Detroit Pistons,2024-02-07,2023-24,Pre-ASG
1610612761,9,0022300726,14,TOR,Toronto Raptors,2024-02-07,2023-24,Pre-ASG
1610612766,10,0022300726,14,CHA,Charlotte Hornets,2024-02-07,2023-24,Pre-ASG
1610612737,9,0022300729,9,ATL,Atlanta Hawks,2024-02-07,2023-24,Pre-ASG
1610612738,9,0022300729,12,BOS,Boston Celtics,2024-02-07,2023-24,Pre-ASG
1610612739,10,0022300728,16,CLE,Cleveland Cavaliers,2024-02-07,2023-24,Pre-ASG
1610612764,10,0022300728,16,WAS,Washington Wizards,2024-02-07,2023-24,Pre-ASG
1610612752,8,0022300722,11,NYK,New York Knicks,2024-02-06,2023-24,Pre-ASG
1610612763,10,0022300722,12,MEM,Memphis Grizzlies,2024-02-06,2023-24,Pre-ASG
1610612745,9,0022300719,14,HOU,Houston Rockets,2024-02-06,2023-24,Pre-ASG
1610612754,11,0022300719,16,IND,Indiana Pacers,2024-02-06,2023-24,Pre-ASG
1610612741,9,0022300723,14,CHI,Chicago Bulls,2024-02-06,2023-24,Pre-ASG
1610612750,9,0022300723,14,MIN,Minnesota Timberwolves,2024-02-06,2023-24,Pre-ASG
1610612760,12,0022300724,18,OKC,Oklahoma City Thunder,2024-02-06,2023-24,Pre-ASG
1610612762,10,0022300724,15,UTA,Utah Jazz,2024-02-06,2023-24,Pre-ASG
1610612749,9,0022300725,14,MIL,Milwaukee Bucks,2024-02-06,2023-24,Pre-ASG
1610612756,11,0022300725,16,PHX,Phoenix Suns,2024-02-06,2023-24,Pre-ASG
1610612742,9,0022300720,12,DAL,Dallas Mavericks,2024-02-06,2023-24,Pre-ASG
1610612751,10,0022300720,16,BKN,Brooklyn Nets,2024-02-06,2023-24,Pre-ASG
1610612748,11,0022300721,14,MIA,Miami Heat,2024-02-06,2023-24,Pre-ASG
1610612753,14,0022300721,14,ORL,Orlando Magic,2024-02-06,2023-24,Pre-ASG
1610612744,10,0022300717,20,GSW,Golden State Warriors,2024-02-05,2023-24,Pre-ASG
1610612751,8,0022300717,14,BKN,Brooklyn Nets,2024-02-05,2023-24,Pre-ASG
1610612737,9,0022300716,8,ATL,Atlanta Hawks,2024-02-05,2023-24,Pre-ASG
1610612746,9,0022300716,11,LAC,LA Clippers,2024-02-05,2023-24,Pre-ASG
1610612742,13,0022300715,15,DAL,Dallas Mavericks,2024-02-05,2023-24,Pre-ASG
1610612755,13,0022300715,16,PHI,Philadelphia 76ers,2024-02-05,2023-24,Pre-ASG
1610612747,9,0022300713,10,LAL,Los Angeles Lakers,2024-02-05,2023-24,Pre-ASG
1610612766,9,0022300713,12,CHA,Charlotte Hornets,2024-02-05,2023-24,Pre-ASG
1610612739,12,0022300714,15,CLE,Cleveland Cavaliers,2024-02-05,2023-24,Pre-ASG
1610612758,14,0022300714,13,SAC,Sacramento Kings,2024-02-05,2023-24,Pre-ASG
1610612740,12,0022300718,13,NOP,New Orleans Pelicans,2024-02-05,2023-24,Pre-ASG
1610612761,12,0022300718,14,TOR,Toronto Raptors,2024-02-05,2023-24,Pre-ASG
1610612743,9,0022300712,13,DEN,Denver Nuggets,2024-02-04,2023-24,Pre-ASG
1610612757,9,0022300712,12,POR,Portland Trail Blazers,2024-02-04,2023-24,Pre-ASG
1610612745,14,0022300709,26,HOU,Houston Rockets,2024-02-04,2023-24,Pre-ASG
1610612750,13,0022300709,21,MIN,Minnesota Timberwolves,2024-02-04,2023-24,Pre-ASG
1610612753,11,0022300704,12,ORL,Orlando Magic,2024-02-04,2023-24,Pre-ASG
1610612765,12,0022300704,14,DET,Detroit Pistons,2024-02-04,2023-24,Pre-ASG
1610612754,14,0022300707,13,IND,Indiana Pacers,2024-02-04,2023-24,Pre-ASG
1610612766,11,0022300707,13,CHA,Charlotte Hornets,2024-02-04,2023-24,Pre-ASG
1610612746,9,0022300708,11,LAC,LA Clippers,2024-02-04,2023-24,Pre-ASG
1610612748,8,0022300708,11,MIA,Miami Heat,2024-02-04,2023-24,Pre-ASG
1610612749,12,0022300711,13,MIL,Milwaukee Bucks,2024-02-04,2023-24,Pre-ASG
1610612762,10,0022300711,11,UTA,Utah Jazz,2024-02-04,2023-24,Pre-ASG
1610612738,14,0022300706,11,BOS,Boston Celtics,2024-02-04,2023-24,Pre-ASG
1610612763,8,0022300706,11,MEM,Memphis Grizzlies,2024-02-04,2023-24,Pre-ASG
1610612756,14,0022300705,14,PHX,Phoenix Suns,2024-02-04,2023-24,Pre-ASG
1610612764,13,0022300705,11,WAS,Washington Wizards,2024-02-04,2023-24,Pre-ASG
1610612760,11,0022300710,19,OKC,Oklahoma City Thunder,2024-02-04,2023-24,Pre-ASG
1610612761,9,0022300710,19,TOR,Toronto Raptors,2024-02-04,2023-24,Pre-ASG
1610612747,9,0022300701,12,LAL,Los Angeles Lakers,2024-02-03,2023-24,Pre-ASG
1610612752,8,0022300701,9,NYK,New York Knicks,2024-02-03,2023-24,Pre-ASG
1610612739,12,0022300703,17,CLE,Cleveland Cavaliers,2024-02-03,2023-24,Pre-ASG
1610612759,11,0022300703,21,SAS,San Antonio Spurs,2024-02-03,2023-24,Pre-ASG
1610612737,9,0022300699,16,ATL,Atlanta Hawks,2024-02-03,2023-24,Pre-ASG
1610612744,10,0022300699,15,GSW,Golden State Warriors,2024-02-03,2023-24,Pre-ASG
1610612742,8,0022300702,19,DAL,Dallas Mavericks,2024-02-03,2023-24,Pre-ASG
1610612749,10,0022300702,14,MIL,Milwaukee Bucks,2024-02-03,2023-24,Pre-ASG
1610612751,10,0022300698,14,BKN,Brooklyn Nets,2024-02-03,2023-24,Pre-ASG
1610612755,12,0022300698,14,PHI,Philadelphia 76ers,2024-02-03,2023-24,Pre-ASG
1610612741,10,0022300700,16,CHI,Chicago Bulls,2024-02-03,2023-24,Pre-ASG
1610612758,10,0022300700,13,SAC,Sacramento Kings,2024-02-03,2023-24,Pre-ASG
1610612737,9,0022300690,12,ATL,Atlanta Hawks,2024-02-02,2023-24,Pre-ASG
1610612756,9,0022300690,12,PHX,Phoenix Suns,2024-02-02,2023-24,Pre-ASG
1610612744,11,0022300693,15,GSW,Golden State Warriors,2024-02-02,2023-24,Pre-ASG
1610612763,11,0022300693,19,MEM,Memphis Grizzlies,2024-02-02,2023-24,Pre-ASG
1610612746,11,0022300688,15,LAC,LA Clippers,2024-02-02,2023-24,Pre-ASG
1610612765,11,0022300688,14,DET,Detroit Pistons,2024-02-02,2023-24,Pre-ASG
1610612740,10,0022300696,18,NOP,New Orleans Pelicans,2024-02-02,2023-24,Pre-ASG
1610612759,10,0022300696,14,SAS,San Antonio Spurs,2024-02-02,2023-24,Pre-ASG
1610612760,14,0022300695,13,OKC,Oklahoma City Thunder,2024-02-02,2023-24,Pre-ASG
1610612766,12,0022300695,13,CHA,Charlotte Hornets,2024-02-02,2023-24,Pre-ASG
1610612748,9,0022300689,14,MIA,Miami Heat,2024-02-02,2023-24,Pre-ASG
1610612764,11,0022300689,14,WAS,Washington Wizards,2024-02-02,2023-24,Pre-ASG
1610612743,13,0022300697,15,DEN,Denver Nuggets,2024-02-02,2023-24,Pre-ASG
1610612757,11,0022300697,14,POR,Portland Trail Blazers,2024-02-02,2023-24,Pre-ASG
1610612750,9,0022300694,12,MIN,Minnesota Timberwolves,2024-02-02,2023-24,Pre-ASG
1610612753,10,0022300694,9,ORL,Orlando Magic,2024-02-02,2023-24,Pre-ASG
1610612745,14,0022300692,15,HOU,Houston Rockets,2024-02-02,2023-24,Pre-ASG
1610612761,11,0022300692,19,TOR,Toronto Raptors,2024-02-02,2023-24,Pre-ASG
1610612754,11,0022300691,17,IND,Indiana Pacers,2024-02-02,2023-24,Pre-ASG
1610612758,9,0022300691,14,SAC,Sacramento Kings,2024-02-02,2023-24,Pre-ASG
1610612755,10,0022300686,18,PHI,Philadelphia 76ers,2024-02-01,2023-24,Pre-ASG
1610612762,11,0022300686,12,UTA,Utah Jazz,2024-02-01,2023-24,Pre-ASG
1610612752,8,0022300685,8,NYK,New York Knicks,2024-02-01,2023-24,Pre-ASG
1610612754,9,0022300685,18,IND,Indiana Pacers,2024-02-01,2023-24,Pre-ASG
1610612738,11,0022300684,13,BOS,Boston Celtics,2024-02-01,2023-24,Pre-ASG
1610612747,12,0022300684,15,LAL,Los Angeles Lakers,2024-02-01,2023-24,Pre-ASG
1610612739,10,0022300687,18,CLE,Cleveland Cavaliers,2024-02-01,2023-24,Pre-ASG
1610612763,9,0022300687,14,MEM,Memphis Grizzlies,2024-02-01,2023-24,Pre-ASG
1610612749,9,0022300683,15,MIL,Milwaukee Bucks,2024-01-31,2023-24,Pre-ASG
1610612757,9,0022300683,13,POR,Portland Trail Blazers,2024-01-31,2023-24,Pre-ASG
1610612742,11,0022300680,16,DAL,Dallas Mavericks,2024-01-31,2023-24,Pre-ASG
1610612750,13,0022300680,18,MIN,Minnesota Timberwolves,2024-01-31,2023-24,Pre-ASG
1610612751,10,0022300677,17,BKN,Brooklyn Nets,2024-01-31,2023-24,Pre-ASG
1610612756,12,0022300677,14,PHX,Phoenix Suns,2024-01-31,2023-24,Pre-ASG
1610612748,10,0022300678,13,MIA,Miami Heat,2024-01-31,2023-24,Pre-ASG
1610612758,10,0022300678,15,SAC,Sacramento Kings,2024-01-31,2023-24,Pre-ASG
1610612741,9,0022300674,17,CHI,Chicago Bulls,2024-01-31,2023-24,Pre-ASG
1610612766,11,0022300674,15,CHA,Charlotte Hornets,2024-01-31,2023-24,Pre-ASG
1610612746,11,0022300676,12,LAC,LA Clippers,2024-01-31,2023-24,Pre-ASG
1610612764,12,0022300676,15,WAS,Washington Wizards,2024-01-31,2023-24,Pre-ASG
1610612743,9,0022300682,11,DEN,Denver Nuggets,2024-01-31,2023-24,Pre-ASG
1610612760,12,0022300682,20,OKC,Oklahoma City Thunder,2024-01-31,2023-24,Pre-ASG
1610612740,9,0022300679,16,NOP,New Orleans Pelicans,2024-01-31,2023-24,Pre-ASG
1610612745,12,0022300679,19,HOU,Houston Rockets,2024-01-31,2023-24,Pre-ASG
1610612753,10,0022300681,13,ORL,Orlando Magic,2024-01-31,2023-24,Pre-ASG
1610612759,10,0022300681,15,SAS,San Antonio Spurs,2024-01-31,2023-24,Pre-ASG
1610612739,10,0022300675,15,CLE,Cleveland Cavaliers,2024-01-31,2023-24,Pre-ASG
1610612765,11,0022300675,12,DET,Detroit Pistons,2024-01-31,2023-24,Pre-ASG
1610612737,12,0022300669,10,ATL,Atlanta Hawks,2024-01-30,2023-24,Pre-ASG
1610612747,13,0022300669,16,LAL,Los Angeles Lakers,2024-01-30,2023-24,Pre-ASG
1610612741,9,0022300672,16,CHI,Chicago Bulls,2024-01-30,2023-24,Pre-ASG
1610612761,11,0022300672,19,TOR,Toronto Raptors,2024-01-30,2023-24,Pre-ASG
1610612744,10,0022300673,15,GSW,Golden State Warriors,2024-01-30,2023-24,Pre-ASG
1610612755,10,0022300673,15,PHI,Philadelphia 76ers,2024-01-30,2023-24,Pre-ASG
1610612738,9,0022300670,17,BOS,Boston Celtics,2024-01-30,2023-24,Pre-ASG
1610612754,9,0022300670,15,IND,Indiana Pacers,2024-01-30,2023-24,Pre-ASG
1610612752,11,0022300671,8,NYK,New York Knicks,2024-01-30,2023-24,Pre-ASG
1610612762,10,0022300671,13,UTA,Utah Jazz,2024-01-30,2023-24,Pre-ASG
1610612739,9,0022300658,16,CLE,Cleveland Cavaliers,2024-01-29,2023-24,Pre-ASG
1610612746,11,0022300658,14,LAC,LA Clippers,2024-01-29,2023-24,Pre-ASG
1610612750,9,0022300664,18,MIN,Minnesota Timberwolves,2024-01-29,2023-24,Pre-ASG
1610612760,11,0022300664,26,OKC,Oklahoma City Thunder,2024-01-29,2023-24,Pre-ASG
1610612759,10,0022300665,19,SAS,San Antonio Spurs,2024-01-29,2023-24,Pre-ASG
1610612764,10,0022300665,13,WAS,Washington Wizards,2024-01-29,2023-24,Pre-ASG
1610612738,9,0022300659,12,BOS,Boston Celtics,2024-01-29,2023-24,Pre-ASG
1610612740,10,0022300659,16,NOP,New Orleans Pelicans,2024-01-29,2023-24,Pre-ASG
1610612742,10,0022300666,17,DAL,Dallas Mavericks,2024-01-29,2023-24,Pre-ASG
1610612753,11,0022300666,23,ORL,Orlando Magic,2024-01-29,2023-24,Pre-ASG
1610612743,9,0022300667,13,DEN,Denver Nuggets,2024-01-29,2023-24,Pre-ASG
1610612749,9,0022300667,11,MIL,Milwaukee Bucks,2024-01-29,2023-24,Pre-ASG
1610612745,11,0022300662,15,HOU,Houston Rockets,2024-01-29,2023-24,Pre-ASG
1610612747,12,0022300662,14,LAL,Los Angeles Lakers,2024-01-29,2023-24,Pre-ASG
1610612752,11,0022300657,9,NYK,New York Knicks,2024-01-29,2023-24,Pre-ASG
1610612766,13,0022300657,9,CHA,Charlotte Hornets,2024-01-29,2023-24,Pre-ASG
1610612758,9,0022300663,8,SAC,Sacramento Kings,2024-01-29,2023-24,Pre-ASG
1610612763,8,0022300663,15,MEM,Memphis Grizzlies,2024-01-29,2023-24,Pre-ASG
1610612755,13,0022300668,21,PHI,Philadelphia 76ers,2024-01-29,2023-24,Pre-ASG
1610612757,12,0022300668,18,POR,Portland Trail Blazers,2024-01-29,2023-24,Pre-ASG
1610612751,12,0022300660,10,BKN,Brooklyn Nets,2024-01-29,2023-24,Pre-ASG
1610612762,13,0022300660,9,UTA,Utah Jazz,2024-01-29,2023-24,Pre-ASG
1610612748,10,0022300661,13,MIA,Miami Heat,2024-01-29,2023-24,Pre-ASG
1610612756,9,0022300661,15,PHX,Phoenix Suns,2024-01-29,2023-24,Pre-ASG
1610612760,13,0022300654,18,OKC,Oklahoma City Thunder,2024-01-28,2023-24,Pre-ASG
1610612765,11,0022300654,16,DET,Detroit Pistons,2024-01-28,2023-24,Pre-ASG
1610612741,9,0022300656,20,CHI,Chicago Bulls,2024-01-28,2023-24,Pre-ASG
1610612757,9,0022300656,11,POR,Portland Trail Blazers,2024-01-28,2023-24,Pre-ASG
1610612753,14,0022300655,16,ORL,Orlando Magic,2024-01-28,2023-24,Pre-ASG
1610612756,12,0022300655,16,PHX,Phoenix Suns,2024-01-28,2023-24,Pre-ASG
1610612754,9,0022300652,14,IND,Indiana Pacers,2024-01-28,2023-24,Pre-ASG
1610612763,10,0022300652,18,MEM,Memphis Grizzlies,2024-01-28,2023-24,Pre-ASG
1610612737,9,0022300653,9,ATL,Atlanta Hawks,2024-01-28,2023-24,Pre-ASG
1610612761,9,0022300653,17,TOR,Toronto Raptors,2024-01-28,2023-24,Pre-ASG
1610612745,10,0022300645,22,HOU,Houston Rockets,2024-01-27,2023-24,Pre-ASG
1610612751,9,0022300645,14,BKN,Brooklyn Nets,2024-01-27,2023-24,Pre-ASG
1610612744,10,0022300650,18,GSW,Golden State Warriors,2024-01-27,2023-24,Pre-ASG
1610612747,9,0022300650,16,LAL,Los Angeles Lakers,2024-01-27,2023-24,Pre-ASG
1610612764,10,0022300642,10,WAS,Washington Wizards,2024-01-27,2023-24,Pre-ASG
1610612765,11,0022300642,19,DET,Detroit Pistons,2024-01-27,2023-24,Pre-ASG
1610612748,11,0022300643,11,MIA,Miami Heat,2024-01-27,2023-24,Pre-ASG
1610612752,12,0022300643,13,NYK,New York Knicks,2024-01-27,2023-24,Pre-ASG
1610612762,10,0022300647,7,UTA,Utah Jazz,2024-01-27,2023-24,Pre-ASG
1610612766,9,0022300647,9,CHA,Charlotte Hornets,2024-01-27,2023-24,Pre-ASG
1610612738,13,0022300646,11,BOS,Boston Celtics,2024-01-27,2023-24,Pre-ASG
1610612746,12,0022300646,13,LAC,LA Clippers,2024-01-27,2023-24,Pre-ASG
1610612740,13,0022300648,18,NOP,New Orleans Pelicans,2024-01-27,2023-24,Pre-ASG
1610612749,14,0022300648,18,MIL,Milwaukee Bucks,2024-01-27,2023-24,Pre-ASG
1610612742,10,0022300651,18,DAL,Dallas Mavericks,2024-01-27,2023-24,Pre-ASG
1610612758,10,0022300651,18,SAC,Sacramento Kings,2024-01-27,2023-24,Pre-ASG
1610612743,9,0022300644,9,DEN,Denver Nuggets,2024-01-27,2023-24,Pre-ASG
1610612755,9,0022300644,15,PHI,Philadelphia 76ers,2024-01-27,2023-24,Pre-ASG
1610612750,9,0022300649,15,MIN,Minnesota Timberwolves,2024-01-27,2023-24,Pre-ASG
1610612759,10,0022300649,14,SAS,San Antonio Spurs,2024-01-27,2023-24,Pre-ASG
1610612746,11,0022300637,13,LAC,LA Clippers,2024-01-26,2023-24,Pre-ASG
1610612761,14,0022300637,17,TOR,Toronto Raptors,2024-01-26,2023-24,Pre-ASG
1610612740,13,0022300640,20,NOP,New Orleans Pelicans,2024-01-26,2023-24,Pre-ASG
1610612760,13,0022300640,17,OKC,Oklahoma City Thunder,2024-01-26,2023-24,Pre-ASG
1610612745,14,0022300635,15,HOU,Houston Rockets,2024-01-26,2023-24,Pre-ASG
1610612766,14,0022300635,20,CHA,Charlotte Hornets,2024-01-26,2023-24,Pre-ASG
1610612737,9,0022300634,10,ATL,Atlanta Hawks,2024-01-26,2023-24,Pre-ASG
1610612742,9,0022300634,18,DAL,Dallas Mavericks,2024-01-26,2023-24,Pre-ASG
1610612753,11,0022300638,17,ORL,Orlando Magic,2024-01-26,2023-24,Pre-ASG
1610612763,10,0022300638,17,MEM,Memphis Grizzlies,2024-01-26,2023-24,Pre-ASG
1610612739,9,0022300639,16,CLE,Cleveland Cavaliers,2024-01-26,2023-24,Pre-ASG
1610612749,9,0022300639,16,MIL,Milwaukee Bucks,2024-01-26,2023-24,Pre-ASG
1610612754,10,0022300636,14,IND,Indiana Pacers,2024-01-26,2023-24,Pre-ASG
1610612756,10,0022300636,16,PHX,Phoenix Suns,2024-01-26,2023-24,Pre-ASG
1610612757,12,0022300641,16,POR,Portland Trail Blazers,2024-01-26,2023-24,Pre-ASG
1610612759,11,0022300641,18,SAS,San Antonio Spurs,2024-01-26,2023-24,Pre-ASG
1610612744,9,0022300632,12,GSW,Golden State Warriors,2024-01-25,2023-24,Pre-ASG
1610612758,10,0022300632,13,SAC,Sacramento Kings,2024-01-25,2023-24,Pre-ASG
1610612754,12,0022300627,20,IND,Indiana Pacers,2024-01-25,2023-24,Pre-ASG
1610612755,12,0022300627,15,PHI,Philadelphia 76ers,2024-01-25,2023-24,Pre-ASG
1610612738,15,0022300630,13,BOS,Boston Celtics,2024-01-25,2023-24,Pre-ASG
1610612748,12,0022300630,7,MIA,Miami Heat,2024-01-25,2023-24,Pre-ASG
1610612741,9,0022300633,17,CHI,Chicago Bulls,2024-01-25,2023-24,Pre-ASG
1610612747,9,0022300633,16,LAL,Los Angeles Lakers,2024-01-25,2023-24,Pre-ASG
1610612762,12,0022300628,10,UTA,Utah Jazz,2024-01-25,2023-24,Pre-ASG
1610612764,15,0022300628,12,WAS,Washington Wizards,2024-01-25,2023-24,Pre-ASG
1610612750,9,0022300629,12,MIN,Minnesota Timberwolves,2024-01-25,2023-24,Pre-ASG
1610612751,9,0022300629,11,BKN,Brooklyn Nets,2024-01-25,2023-24,Pre-ASG
1610612743,14,0022300631,13,DEN,Denver Nuggets,2024-01-25,2023-24,Pre-ASG
1610612752,11,0022300631,14,NYK,New York Knicks,2024-01-25,2023-24,Pre-ASG
1610612765,11,0022300619,19,DET,Detroit Pistons,2024-01-24,2023-24,Pre-ASG
1610612766,11,0022300619,12,CHA,Charlotte Hornets,2024-01-24,2023-24,Pre-ASG
1610612759,12,0022300622,19,SAS,San Antonio Spurs,2024-01-24,2023-24,Pre-ASG
1610612760,14,0022300622,12,OKC,Oklahoma City Thunder,2024-01-24,2023-24,Pre-ASG
1610612739,11,0022300624,17,CLE,Cleveland Cavaliers,2024-01-24,2023-24,Pre-ASG
1610612749,13,0022300624,12,MIL,Milwaukee Bucks,2024-01-24,2023-24,Pre-ASG
1610612750,11,0022300620,16,MIN,Minnesota Timberwolves,2024-01-24,2023-24,Pre-ASG
1610612764,13,0022300620,15,WAS,Washington Wizards,2024-01-24,2023-24,Pre-ASG
1610612737,11,0022300626,12,ATL,Atlanta Hawks,2024-01-24,2023-24,Pre-ASG
1610612744,13,0022300626,14,GSW,Golden State Warriors,2024-01-24,2023-24,Pre-ASG
1610612745,10,0022300623,16,HOU,Houston Rockets,2024-01-24,2023-24,Pre-ASG
1610612757,9,0022300623,9,POR,Portland Trail Blazers,2024-01-24,2023-24,Pre-ASG
1610612742,13,0022300625,18,DAL,Dallas Mavericks,2024-01-24,2023-24,Pre-ASG
1610612756,12,0022300625,16,PHX,Phoenix Suns,2024-01-24,2023-24,Pre-ASG
1610612748,10,0022300621,14,MIA,Miami Heat,2024-01-24,2023-24,Pre-ASG
1610612763,9,0022300621,15,MEM,Memphis Grizzlies,2024-01-24,2023-24,Pre-ASG
1610612740,12,0022300616,19,NOP,New Orleans Pelicans,2024-01-23,2023-24,Pre-ASG
1610612762,12,0022300616,11,UTA,Utah Jazz,2024-01-23,2023-24,Pre-ASG
1610612757,9,0022300617,11,POR,Portland Trail Blazers,2024-01-23,2023-24,Pre-ASG
1610612760,13,0022300617,17,OKC,Oklahoma City Thunder,2024-01-23,2023-24,Pre-ASG
1610612746,10,0022300618,15,LAC,LA Clippers,2024-01-23,2023-24,Pre-ASG
1610612747,12,0022300618,14,LAL,Los Angeles Lakers,2024-01-23,2023-24,Pre-ASG
1610612743,9,0022300614,10,DEN,Denver Nuggets,2024-01-23,2023-24,Pre-ASG
1610612754,10,0022300614,12,IND,Indiana Pacers,2024-01-23,2023-24,Pre-ASG
1610612751,9,0022300615,12,BKN,Brooklyn Nets,2024-01-23,2023-24,Pre-ASG
1610612752,9,0022300615,10,NYK,New York Knicks,2024-01-23,2023-24,Pre-ASG
1610612761,10,0022300609,14,TOR,Toronto Raptors,2024-01-22,2023-24,Pre-ASG
1610612763,10,0022300609,12,MEM,Memphis Grizzlies,2024-01-22,2023-24,Pre-ASG
1610612739,10,0022300607,14,CLE,Cleveland Cavaliers,2024-01-22,2023-24,Pre-ASG
1610612753,13,0022300607,17,ORL,Orlando Magic,2024-01-22,2023-24,Pre-ASG
1610612741,9,0022300612,16,CHI,Chicago Bulls,2024-01-22,2023-24,Pre-ASG
1610612756,9,0022300612,13,PHX,Phoenix Suns,2024-01-22,2023-24,Pre-ASG
1610612749,9,0022300606,17,MIL,Milwaukee Bucks,2024-01-22,2023-24,Pre-ASG
1610612765,11,0022300606,17,DET,Detroit Pistons,2024-01-22,2023-24,Pre-ASG
1610612750,9,0022300610,16,MIN,Minnesota Timberwolves,2024-01-22,2023-24,Pre-ASG
1610612766,11,0022300610,14,CHA,Charlotte Hornets,2024-01-22,2023-24,Pre-ASG
1610612737,9,0022300613,15,ATL,Atlanta Hawks,2024-01-22,2023-24,Pre-ASG
1610612758,10,0022300613,14,SAC,Sacramento Kings,2024-01-22,2023-24,Pre-ASG
1610612755,11,0022300608,11,PHI,Philadelphia 76ers,2024-01-22,2023-24,Pre-ASG
1610612759,10,0022300608,18,SAS,San Antonio Spurs,2024-01-22,2023-24,Pre-ASG
1610612738,8,0022300611,13,BOS,Boston Celtics,2024-01-22,2023-24,Pre-ASG
1610612742,9,0022300611,15,DAL,Dallas Mavericks,2024-01-22,2023-24,Pre-ASG
1610612743,10,0022300602,14,DEN,Denver Nuggets,2024-01-21,2023-24,Pre-ASG
1610612764,10,0022300602,16,WAS,Washington Wizards,2024-01-21,2023-24,Pre-ASG
1610612746,9,0022300600,13,LAC,LA Clippers,2024-01-21,2023-24,Pre-ASG
1610612751,10,0022300600,17,BKN,Brooklyn Nets,2024-01-21,2023-24,Pre-ASG
1610612738,9,0022300603,18,BOS,Boston Celtics,2024-01-21,2023-24,Pre-ASG
1610612745,9,0022300603,13,HOU,Houston Rockets,2024-01-21,2023-24,Pre-ASG
1610612747,13,0022300605,12,LAL,Los Angeles Lakers,2024-01-21,2023-24,Pre-ASG
1610612757,13,0022300605,14,POR,Portland Trail Blazers,2024-01-21,2023-24,Pre-ASG
1610612754,11,0022300604,15,IND,Indiana Pacers,2024-01-21,2023-24,Pre-ASG
1610612756,10,0022300604,17,PHX,Phoenix Suns,2024-01-21,2023-24,Pre-ASG
1610612748,11,0022300601,16,MIA,Miami Heat,2024-01-21,2023-24,Pre-ASG
1610612753,14,0022300601,15,ORL,Orlando Magic,2024-01-21,2023-24,Pre-ASG
1610612755,11,0022300593,11,PHI,Philadelphia 76ers,2024-01-20,2023-24,Pre-ASG
1610612766,10,0022300593,15,CHA,Charlotte Hornets,2024-01-20,2023-24,Pre-ASG
1610612737,13,0022300595,11,ATL,Atlanta Hawks,2024-01-20,2023-24,Pre-ASG
1610612739,11,0022300595,14,CLE,Cleveland Cavaliers,2024-01-20,2023-24,Pre-ASG
1610612752,12,0022300596,11,NYK,New York Knicks,2024-01-20,2023-24,Pre-ASG
1610612761,13,0022300596,17,TOR,Toronto Raptors,2024-01-20,2023-24,Pre-ASG
1610612749,9,0022300592,15,MIL,Milwaukee Bucks,2024-01-20,2023-24,Pre-ASG
1610612765,11,0022300592,15,DET,Detroit Pistons,2024-01-20,2023-24,Pre-ASG
1610612759,11,0022300594,15,SAS,San Antonio Spurs,2024-01-20,2023-24,Pre-ASG
1610612764,10,0022300594,14,WAS,Washington Wizards,2024-01-20,2023-24,Pre-ASG
1610612741,11,0022300597,14,CHI,Chicago Bulls,2024-01-20,2023-24,Pre-ASG
1610612763,10,0022300597,16,MEM,Memphis Grizzlies,2024-01-20,2023-24,Pre-ASG
1610612750,9,0022300599,19,MIN,Minnesota Timberwolves,2024-01-20,2023-24,Pre-ASG
1610612760,11,0022300599,21,OKC,Oklahoma City Thunder,2024-01-20,2023-24,Pre-ASG
1610612745,10,0022300598,20,HOU,Houston Rockets,2024-01-20,2023-24,Pre-ASG
1610612762,10,0022300598,16,UTA,Utah Jazz,2024-01-20,2023-24,Pre-ASG
1610612754,10,0022300590,18,IND,Indiana Pacers,2024-01-19,2023-24,Pre-ASG
1610612757,10,0022300590,14,POR,Portland Trail Blazers,2024-01-19,2023-24,Pre-ASG
1610612738,9,0022300586,9,BOS,Boston Celtics,2024-01-19,2023-24,Pre-ASG
1610612743,9,0022300586,12,DEN,Denver Nuggets,2024-01-19,2023-24,Pre-ASG
1610612740,12,0022300588,16,NOP,New Orleans Pelicans,2024-01-19,2023-24,Pre-ASG
1610612756,12,0022300588,14,PHX,Phoenix Suns,2024-01-19,2023-24,Pre-ASG
1610612747,12,0022300591,13,LAL,Los Angeles Lakers,2024-01-19,2023-24,Pre-ASG
1610612751,11,0022300591,17,BKN,Brooklyn Nets,2024-01-19,2023-24,Pre-ASG
1610612759,11,0022300584,18,SAS,San Antonio Spurs,2024-01-19,2023-24,Pre-ASG
1610612766,9,0022300584,11,CHA,Charlotte Hornets,2024-01-19,2023-24,Pre-ASG
1610612737,9,0022300587,13,ATL,Atlanta Hawks,2024-01-19,2023-24,Pre-ASG
1610612748,10,0022300587,14,MIA,Miami Heat,2024-01-19,2023-24,Pre-ASG
1610612753,15,0022300585,15,ORL,Orlando Magic,2024-01-19,2023-24,Pre-ASG
1610612755,13,0022300585,11,PHI,Philadelphia 76ers,2024-01-19,2023-24,Pre-ASG
1610612754,9,0022300583,21,IND,Indiana Pacers,2024-01-18,2023-24,Pre-ASG
1610612758,10,0022300583,15,SAC,Sacramento Kings,2024-01-18,2023-24,Pre-ASG
1610612752,9,0022300579,10,NYK,New York Knicks,2024-01-18,2023-24,Pre-ASG
1610612764,10,0022300579,14,WAS,Washington Wizards,2024-01-18,2023-24,Pre-ASG
1610612760,11,0022300581,19,OKC,Oklahoma City Thunder,2024-01-18,2023-24,Pre-ASG
1610612762,10,0022300581,15,UTA,Utah Jazz,2024-01-18,2023-24,Pre-ASG
1610612750,11,0022300582,12,MIN,Minnesota Timberwolves,2024-01-18,2023-24,Pre-ASG
1610612763,10,0022300582,13,MEM,Memphis Grizzlies,2024-01-18,2023-24,Pre-ASG
1610612741,10,0022300580,14,CHI,Chicago Bulls,2024-01-18,2023-24,Pre-ASG
1610612761,9,0022300580,22,TOR,Toronto Raptors,2024-01-18,2023-24,Pre-ASG
1610612748,12,0022300574,13,MIA,Miami Heat,2024-01-17,2023-24,Pre-ASG
1610612761,12,0022300574,17,TOR,Toronto Raptors,2024-01-17,2023-24,Pre-ASG
1610612750,11,0022300569,14,MIN,Minnesota Timberwolves,2024-01-17,2023-24,Pre-ASG
1610612765,10,0022300569,18,DET,Detroit Pistons,2024-01-17,2023-24,Pre-ASG
1610612737,8,0022300570,11,ATL,Atlanta Hawks,2024-01-17,2023-24,Pre-ASG
1610612753,11,0022300570,11,ORL,Orlando Magic,2024-01-17,2023-24,Pre-ASG
1610612740,12,0022300575,15,NOP,New Orleans Pelicans,2024-01-17,2023-24,Pre-ASG
1610612766,13,0022300575,15,CHA,Charlotte Hornets,2024-01-17,2023-24,Pre-ASG
1610612739,11,0022300572,10,CLE,Cleveland Cavaliers,2024-01-17,2023-24,Pre-ASG
1610612749,14,0022300572,16,MIL,Milwaukee Bucks,2024-01-17,2023-24,Pre-ASG
1610612745,10,0022300573,17,HOU,Houston Rockets,2024-01-17,2023-24,Pre-ASG
1610612752,11,0022300573,14,NYK,New York Knicks,2024-01-17,2023-24,Pre-ASG
1610612751,10,0022300578,15,BKN,Brooklyn Nets,2024-01-17,2023-24,Pre-ASG
1610612757,10,0022300578,18,POR,Portland Trail Blazers,2024-01-17,2023-24,Pre-ASG
1610612742,12,0022300577,18,DAL,Dallas Mavericks,2024-01-17,2023-24,Pre-ASG
1610612747,11,0022300577,11,LAL,Los Angeles Lakers,2024-01-17,2023-24,Pre-ASG
1610612738,14,0022300571,17,BOS,Boston Celtics,2024-01-17,2023-24,Pre-ASG
1610612759,14,0022300571,15,SAS,San Antonio Spurs,2024-01-17,2023-24,Pre-ASG
1610612756,9,0022300567,15,PHX,Phoenix Suns,2024-01-16,2023-24,Pre-ASG
1610612758,9,0022300567,11,SAC,Sacramento Kings,2024-01-16,2023-24,Pre-ASG
1610612743,9,0022300566,13,DEN,Denver Nuggets,2024-01-16,2023-24,Pre-ASG
1610612755,9,0022300566,10,PHI,Philadelphia 76ers,2024-01-16,2023-24,Pre-ASG
1610612746,9,0022300568,11,LAC,LA Clippers,2024-01-16,2023-24,Pre-ASG
1610612760,12,0022300568,21,OKC,Oklahoma City Thunder,2024-01-16,2023-24,Pre-ASG
1610612744,11,0022300560,16,GSW,Golden State Warriors,2024-01-15,2023-24,Pre-ASG
1610612763,9,0022300560,15,MEM,Memphis Grizzlies,2024-01-15,2023-24,Pre-ASG
1610612740,10,0022300556,15,NOP,New Orleans Pelicans,2024-01-15,2023-24,Pre-ASG
1610612742,10,0022300556,19,DAL,Dallas Mavericks,2024-01-15,2023-24,Pre-ASG
1610612739,9,0022300561,16,CLE,Cleveland Cavaliers,2024-01-15,2023-24,Pre-ASG
1610612741,10,0022300561,19,CHI,Chicago Bulls,2024-01-15,2023-24,Pre-ASG
1610612745,12,0022300555,15,HOU,Houston Rockets,2024-01-15,2023-24,Pre-ASG
1610612755,11,0022300555,15,PHI,Philadelphia 76ers,2024-01-15,2023-24,Pre-ASG
1610612737,9,0022300559,6,ATL,Atlanta Hawks,2024-01-15,2023-24,Pre-ASG
1610612759,12,0022300559,18,SAS,San Antonio Spurs,2024-01-15,2023-24,Pre-ASG
1610612752,9,0022300557,12,NYK,New York Knicks,2024-01-15,2023-24,Pre-ASG
1610612753,10,0022300557,14,ORL,Orlando Magic,2024-01-15,2023-24,Pre-ASG
1610612738,9,0022300563,13,BOS,Boston Celtics,2024-01-15,2023-24,Pre-ASG
1610612761,9,0022300563,14,TOR,Toronto Raptors,2024-01-15,2023-24,Pre-ASG
1610612748,10,0022300562,13,MIA,Miami Heat,2024-01-15,2023-24,Pre-ASG
1610612751,10,0022300562,13,BKN,Brooklyn Nets,2024-01-15,2023-24,Pre-ASG
1610612747,9,0022300565,14,LAL,Los Angeles Lakers,2024-01-15,2023-24,Pre-ASG
1610612760,11,0022300565,21,OKC,Oklahoma City Thunder,2024-01-15,2023-24,Pre-ASG
1610612764,13,0022300558,15,WAS,Washington Wizards,2024-01-15,2023-24,Pre-ASG
1610612765,10,0022300558,16,DET,Detroit Pistons,2024-01-15,2023-24,Pre-ASG
1610612754,14,0022300564,23,IND,Indiana Pacers,2024-01-15,2023-24,Pre-ASG
1610612762,12,0022300564,8,UTA,Utah Jazz,2024-01-15,2023-24,Pre-ASG
1610612746,9,0022300553,12,LAC,LA Clippers,2024-01-14,2023-24,Pre-ASG
1610612750,8,0022300553,15,MIN,Minnesota Timberwolves,2024-01-14,2023-24,Pre-ASG
1610612748,10,0022300551,11,MIA,Miami Heat,2024-01-14,2023-24,Pre-ASG
1610612766,13,0022300551,17,CHA,Charlotte Hornets,2024-01-14,2023-24,Pre-ASG
1610612756,10,0022300554,17,PHX,Phoenix Suns,2024-01-14,2023-24,Pre-ASG
1610612757,8,0022300554,12,POR,Portland Trail Blazers,2024-01-14,2023-24,Pre-ASG
1610612743,10,0022300550,11,DEN,Denver Nuggets,2024-01-14,2023-24,Pre-ASG
1610612754,10,0022300550,22,IND,Indiana Pacers,2024-01-14,2023-24,Pre-ASG
1610612749,9,0022300552,15,MIL,Milwaukee Bucks,2024-01-14,2023-24,Pre-ASG
1610612758,9,0022300552,15,SAC,Sacramento Kings,2024-01-14,2023-24,Pre-ASG
1610612744,9,0022300545,18,GSW,Golden State Warriors,2024-01-13,2023-24,Pre-ASG
1610612749,9,0022300545,14,MIL,Milwaukee Bucks,2024-01-13,2023-24,Pre-ASG
1610612753,10,0022300546,13,ORL,Orlando Magic,2024-01-13,2023-24,Pre-ASG
1610612760,11,0022300546,17,OKC,Oklahoma City Thunder,2024-01-13,2023-24,Pre-ASG
1610612737,12,0022300543,9,ATL,Atlanta Hawks,2024-01-13,2023-24,Pre-ASG
1610612764,11,0022300543,10,WAS,Washington Wizards,2024-01-13,2023-24,Pre-ASG
1610612738,12,0022300542,15,BOS,Boston Celtics,2024-01-13,2023-24,Pre-ASG
1610612745,14,0022300542,15,HOU,Houston Rockets,2024-01-13,2023-24,Pre-ASG
1610612747,10,0022300549,17,LAL,Los Angeles Lakers,2024-01-13,2023-24,Pre-ASG
1610612762,10,0022300549,14,UTA,Utah Jazz,2024-01-13,2023-24,Pre-ASG
1610612740,9,0022300547,16,NOP,New Orleans Pelicans,2024-01-13,2023-24,Pre-ASG
1610612742,10,0022300547,19,DAL,Dallas Mavericks,2024-01-13,2023-24,Pre-ASG
1610612741,9,0022300548,12,CHI,Chicago Bulls,2024-01-13,2023-24,Pre-ASG
1610612759,10,0022300548,19,SAS,San Antonio Spurs,2024-01-13,2023-24,Pre-ASG
1610612752,9,0022300544,7,NYK,New York Knicks,2024-01-13,2023-24,Pre-ASG
1610612763,9,0022300544,18,MEM,Memphis Grizzlies,2024-01-13,2023-24,Pre-ASG
1610612748,8,0022300535,9,MIA,Miami Heat,2024-01-12,2023-24,Pre-ASG
1610612753,11,0022300535,21,ORL,Orlando Magic,2024-01-12,2023-24,Pre-ASG
1610612761,12,0022300540,17,TOR,Toronto Raptors,2024-01-12,2023-24,Pre-ASG
1610612762,14,0022300540,12,UTA,Utah Jazz,2024-01-12,2023-24,Pre-ASG
1610612740,12,0022300539,13,NOP,New Orleans Pelicans,2024-01-12,2023-24,Pre-ASG
1610612743,14,0022300539,9,DEN,Denver Nuggets,2024-01-12,2023-24,Pre-ASG
1610612746,12,0022300537,9,LAC,LA Clippers,2024-01-12,2023-24,Pre-ASG
1610612763,11,0022300537,15,MEM,Memphis Grizzlies,2024-01-12,2023-24,Pre-ASG
1610612750,14,0022300538,15,MIN,Minnesota Timberwolves,2024-01-12,2023-24,Pre-ASG
1610612757,12,0022300538,12,POR,Portland Trail Blazers,2024-01-12,2023-24,Pre-ASG
1610612759,14,0022300541,20,SAS,San Antonio Spurs,2024-01-12,2023-24,Pre-ASG
1610612766,12,0022300541,20,CHA,Charlotte Hornets,2024-01-12,2023-24,Pre-ASG
1610612745,10,0022300534,18,HOU,Houston Rockets,2024-01-12,2023-24,Pre-ASG
1610612765,10,0022300534,17,DET,Detroit Pistons,2024-01-12,2023-24,Pre-ASG
1610612737,12,0022300533,11,ATL,Atlanta Hawks,2024-01-12,2023-24,Pre-ASG
1610612754,14,0022300533,10,IND,Indiana Pacers,2024-01-12,2023-24,Pre-ASG
1610612755,12,0022300532,12,PHI,Philadelphia 76ers,2024-01-12,2023-24,Pre-ASG
1610612758,15,0022300532,17,SAC,Sacramento Kings,2024-01-12,2023-24,Pre-ASG
1610612741,9,0022300536,16,CHI,Chicago Bulls,2024-01-12,2023-24,Pre-ASG
1610612744,10,0022300536,14,GSW,Golden State Warriors,2024-01-12,2023-24,Pre-ASG
1610612739,9,0022300527,12,CLE,Cleveland Cavaliers,2024-01-11,2023-24,Pre-ASG
1610612751,11,0022300527,20,BKN,Brooklyn Nets,2024-01-11,2023-24,Pre-ASG
1610612742,9,0022300530,19,DAL,Dallas Mavericks,2024-01-11,2023-24,Pre-ASG
1610612752,9,0022300530,15,NYK,New York Knicks,2024-01-11,2023-24,Pre-ASG
1610612757,11,0022300529,14,POR,Portland Trail Blazers,2024-01-11,2023-24,Pre-ASG
1610612760,15,0022300529,13,OKC,Oklahoma City Thunder,2024-01-11,2023-24,Pre-ASG
1610612738,13,0022300528,13,BOS,Boston Celtics,2024-01-11,2023-24,Pre-ASG
1610612749,13,0022300528,14,MIL,Milwaukee Bucks,2024-01-11,2023-24,Pre-ASG
1610612747,12,0022300531,15,LAL,Los Angeles Lakers,2024-01-11,2023-24,Pre-ASG
1610612756,14,0022300531,18,PHX,Phoenix Suns,2024-01-11,2023-24,Pre-ASG
1610612758,14,0022300518,14,SAC,Sacramento Kings,2024-01-10,2023-24,Pre-ASG
1610612766,11,0022300518,13,CHA,Charlotte Hornets,2024-01-10,2023-24,Pre-ASG
1610612740,13,0022300525,20,NOP,New Orleans Pelicans,2024-01-10,2023-24,Pre-ASG
1610612744,12,0022300525,17,GSW,Golden State Warriors,2024-01-10,2023-24,Pre-ASG
1610612754,10,0022300520,13,IND,Indiana Pacers,2024-01-10,2023-24,Pre-ASG
1610612764,9,0022300520,15,WAS,Washington Wizards,2024-01-10,2023-24,Pre-ASG
1610612748,8,0022300522,11,MIA,Miami Heat,2024-01-10,2023-24,Pre-ASG
1610612760,11,0022300522,19,OKC,Oklahoma City Thunder,2024-01-10,2023-24,Pre-ASG
1610612759,13,0022300519,19,SAS,San Antonio Spurs,2024-01-10,2023-24,Pre-ASG
1610612765,11,0022300519,16,DET,Detroit Pistons,2024-01-10,2023-24,Pre-ASG
1610612737,9,0022300521,7,ATL,Atlanta Hawks,2024-01-10,2023-24,Pre-ASG
1610612755,11,0022300521,16,PHI,Philadelphia 76ers,2024-01-10,2023-24,Pre-ASG
1610612746,9,0022300526,15,LAC,LA Clippers,2024-01-10,2023-24,Pre-ASG
1610612761,10,0022300526,18,TOR,Toronto Raptors,2024-01-10,2023-24,Pre-ASG
1610612743,14,0022300524,15,DEN,Denver Nuggets,2024-01-10,2023-24,Pre-ASG
1610612762,14,0022300524,15,UTA,Utah Jazz,2024-01-10,2023-24,Pre-ASG
1610612738,9,0022300517,10,BOS,Boston Celtics,2024-01-10,2023-24,Pre-ASG
1610612750,9,0022300517,13,MIN,Minnesota Timberwolves,2024-01-10,2023-24,Pre-ASG
1610612741,9,0022300523,9,CHI,Chicago Bulls,2024-01-10,2023-24,Pre-ASG
1610612745,9,0022300523,12,HOU,Houston Rockets,2024-01-10,2023-24,Pre-ASG
1610612742,13,0022300515,18,DAL,Dallas Mavericks,2024-01-09,2023-24,Pre-ASG
1610612763,11,0022300515,16,MEM,Memphis Grizzlies,2024-01-09,2023-24,Pre-ASG
1610612752,12,0022300514,16,NYK,New York Knicks,2024-01-09,2023-24,Pre-ASG
1610612757,12,0022300514,10,POR,Portland Trail Blazers,2024-01-09,2023-24,Pre-ASG
1610612750,11,0022300513,19,MIN,Minnesota Timberwolves,2024-01-09,2023-24,Pre-ASG
1610612753,10,0022300513,14,ORL,Orlando Magic,2024-01-09,2023-24,Pre-ASG
1610612758,12,0022300512,15,SAC,Sacramento Kings,2024-01-09,2023-24,Pre-ASG
1610612765,11,0022300512,18,DET,Detroit Pistons,2024-01-09,2023-24,Pre-ASG
1610612747,9,0022300516,12,LAL,Los Angeles Lakers,2024-01-09,2023-24,Pre-ASG
1610612761,9,0022300516,17,TOR,Toronto Raptors,2024-01-09,2023-24,Pre-ASG
1610612741,10,0022300506,16,CHI,Chicago Bulls,2024-01-08,2023-24,Pre-ASG
1610612766,10,0022300506,12,CHA,Charlotte Hornets,2024-01-08,2023-24,Pre-ASG
1610612745,9,0022300509,15,HOU,Houston Rockets,2024-01-08,2023-24,Pre-ASG
1610612748,9,0022300509,15,MIA,Miami Heat,2024-01-08,2023-24,Pre-ASG
1610612746,12,0022300511,14,LAC,LA Clippers,2024-01-08,2023-24,Pre-ASG
1610612756,13,0022300511,14,PHX,Phoenix Suns,2024-01-08,2023-24,Pre-ASG
1610612738,10,0022300507,12,BOS,Boston Celtics,2024-01-08,2023-24,Pre-ASG
1610612754,11,0022300507,18,IND,Indiana Pacers,2024-01-08,2023-24,Pre-ASG
1610612749,12,0022300510,17,MIL,Milwaukee Bucks,2024-01-08,2023-24,Pre-ASG
1610612762,10,0022300510,10,UTA,Utah Jazz,2024-01-08,2023-24,Pre-ASG
1610612760,9,0022300508,10,OKC,Oklahoma City Thunder,2024-01-08,2023-24,Pre-ASG
1610612764,10,0022300508,18,WAS,Washington Wizards,2024-01-08,2023-24,Pre-ASG
1610612739,10,0022300497,13,CLE,Cleveland Cavaliers,2024-01-07,2023-24,Pre-ASG
1610612759,10,0022300497,16,SAS,San Antonio Spurs,2024-01-07,2023-24,Pre-ASG
1610612737,9,0022300499,10,ATL,Atlanta Hawks,2024-01-07,2023-24,Pre-ASG
1610612753,10,0022300499,16,ORL,Orlando Magic,2024-01-07,2023-24,Pre-ASG
1610612740,12,0022300500,18,NOP,New Orleans Pelicans,2024-01-07,2023-24,Pre-ASG
1610612758,14,0022300500,15,SAC,Sacramento Kings,2024-01-07,2023-24,Pre-ASG
1610612744,12,0022300504,17,GSW,Golden State Warriors,2024-01-07,2023-24,Pre-ASG
1610612761,12,0022300504,13,TOR,Toronto Raptors,2024-01-07,2023-24,Pre-ASG
1610612743,14,0022300502,14,DEN,Denver Nuggets,2024-01-07,2023-24,Pre-ASG
1610612765,11,0022300502,15,DET,Detroit Pistons,2024-01-07,2023-24,Pre-ASG
1610612742,9,0022300501,14,DAL,Dallas Mavericks,2024-01-07,2023-24,Pre-ASG
1610612750,9,0022300501,12,MIN,Minnesota Timberwolves,2024-01-07,2023-24,Pre-ASG
1610612756,10,0022300503,14,PHX,Phoenix Suns,2024-01-07,2023-24,Pre-ASG
1610612763,9,0022300503,11,MEM,Memphis Grizzlies,2024-01-07,2023-24,Pre-ASG
1610612746,9,0022300505,16,LAC,LA Clippers,2024-01-07,2023-24,Pre-ASG
1610612747,9,0022300505,13,LAL,Los Angeles Lakers,2024-01-07,2023-24,Pre-ASG
1610612751,11,0022300498,19,BKN,Brooklyn Nets,2024-01-07,2023-24,Pre-ASG
1610612757,9,0022300498,16,POR,Portland Trail Blazers,2024-01-07,2023-24,Pre-ASG
1610612745,9,0022300496,14,HOU,Houston Rockets,2024-01-06,2023-24,Pre-ASG
1610612749,11,0022300496,18,MIL,Milwaukee Bucks,2024-01-06,2023-24,Pre-ASG
1610612752,11,0022300494,12,NYK,New York Knicks,2024-01-06,2023-24,Pre-ASG
1610612764,13,0022300494,8,WAS,Washington Wizards,2024-01-06,2023-24,Pre-ASG
1610612738,12,0022300493,17,BOS,Boston Celtics,2024-01-06,2023-24,Pre-ASG
1610612754,14,0022300493,17,IND,Indiana Pacers,2024-01-06,2023-24,Pre-ASG
1610612755,9,0022300495,18,PHI,Philadelphia 76ers,2024-01-06,2023-24,Pre-ASG
1610612762,10,0022300495,10,UTA,Utah Jazz,2024-01-06,2023-24,Pre-ASG
1610612744,11,0022300490,14,GSW,Golden State Warriors,2024-01-05,2023-24,Pre-ASG
1610612765,11,0022300490,16,DET,Detroit Pistons,2024-01-05,2023-24,Pre-ASG
1610612743,11,0022300488,11,DEN,Denver Nuggets,2024-01-05,2023-24,Pre-ASG
1610612753,9,0022300488,12,ORL,Orlando Magic,2024-01-05,2023-24,Pre-ASG
1610612748,12,0022300489,15,MIA,Miami Heat,2024-01-05,2023-24,Pre-ASG
1610612756,12,0022300489,18,PHX,Phoenix Suns,2024-01-05,2023-24,Pre-ASG
1610612739,11,0022300482,15,CLE,Cleveland Cavaliers,2024-01-05,2023-24,Pre-ASG
1610612764,13,0022300482,11,WAS,Washington Wizards,2024-01-05,2023-24,Pre-ASG
1610612740,12,0022300486,18,NOP,New Orleans Pelicans,2024-01-05,2023-24,Pre-ASG
1610612746,13,0022300486,13,LAC,LA Clippers,2024-01-05,2023-24,Pre-ASG
1610612752,12,0022300483,14,NYK,New York Knicks,2024-01-05,2023-24,Pre-ASG
1610612755,12,0022300483,17,PHI,Philadelphia 76ers,2024-01-05,2023-24,Pre-ASG
1610612742,11,0022300487,16,DAL,Dallas Mavericks,2024-01-05,2023-24,Pre-ASG
1610612757,11,0022300487,16,POR,Portland Trail Blazers,2024-01-05,2023-24,Pre-ASG
1610612751,10,0022300481,18,BKN,Brooklyn Nets,2024-01-05,2023-24,Pre-ASG
1610612760,13,0022300481,15,OKC,Oklahoma City Thunder,2024-01-05,2023-24,Pre-ASG
1610612745,12,0022300485,15,HOU,Houston Rockets,2024-01-05,2023-24,Pre-ASG
1610612750,14,0022300485,14,MIN,Minnesota Timberwolves,2024-01-05,2023-24,Pre-ASG
1610612741,9,0022300484,16,CHI,Chicago Bulls,2024-01-05,2023-24,Pre-ASG
1610612766,11,0022300484,15,CHA,Charlotte Hornets,2024-01-05,2023-24,Pre-ASG
1610612747,8,0022300491,10,LAL,Los Angeles Lakers,2024-01-05,2023-24,Pre-ASG
1610612763,10,0022300491,18,MEM,Memphis Grizzlies,2024-01-05,2023-24,Pre-ASG
1610612758,10,0022300492,14,SAC,Sacramento Kings,2024-01-05,2023-24,Pre-ASG
1610612761,9,0022300492,16,TOR,Toronto Raptors,2024-01-05,2023-24,Pre-ASG
1610612738,13,0022300479,11,BOS,Boston Celtics,2024-01-05,2023-24,Pre-ASG
1610612762,13,0022300479,9,UTA,Utah Jazz,2024-01-05,2023-24,Pre-ASG
1610612737,12,0022300480,11,ATL,Atlanta Hawks,2024-01-05,2023-24,Pre-ASG
1610612754,14,0022300480,9,IND,Indiana Pacers,2024-01-05,2023-24,Pre-ASG
1610612749,10,0022300477,13,MIL,Milwaukee Bucks,2024-01-04,2023-24,Pre-ASG
1610612759,10,0022300477,18,SAS,San Antonio Spurs,2024-01-04,2023-24,Pre-ASG
1610612743,10,0022300478,10,DEN,Denver Nuggets,2024-01-04,2023-24,Pre-ASG
1610612744,9,0022300478,17,GSW,Golden State Warriors,2024-01-04,2023-24,Pre-ASG
1610612740,11,0022300471,18,NOP,New Orleans Pelicans,2024-01-03,2023-24,Pre-ASG
1610612750,12,0022300471,13,MIN,Minnesota Timberwolves,2024-01-03,2023-24,Pre-ASG
1610612745,10,0022300469,10,HOU,Houston Rockets,2024-01-03,2023-24,Pre-ASG
1610612751,11,0022300469,19,BKN,Brooklyn Nets,2024-01-03,2023-24,Pre-ASG
1610612741,11,0022300468,20,CHI,Chicago Bulls,2024-01-03,2023-24,Pre-ASG
1610612752,11,0022300468,11,NYK,New York Knicks,2024-01-03,2023-24,Pre-ASG
1610612746,9,0022300473,15,LAC,LA Clippers,2024-01-03,2023-24,Pre-ASG
1610612756,11,0022300473,16,PHX,Phoenix Suns,2024-01-03,2023-24,Pre-ASG
1610612747,10,0022300475,17,LAL,Los Angeles Lakers,2024-01-03,2023-24,Pre-ASG
1610612748,12,0022300475,12,MIA,Miami Heat,2024-01-03,2023-24,Pre-ASG
1610612737,9,0022300467,15,ATL,Atlanta Hawks,2024-01-03,2023-24,Pre-ASG
1610612760,10,0022300467,24,OKC,Oklahoma City Thunder,2024-01-03,2023-24,Pre-ASG
1610612753,12,0022300476,27,ORL,Orlando Magic,2024-01-03,2023-24,Pre-ASG
1610612758,11,0022300476,15,SAC,Sacramento Kings,2024-01-03,2023-24,Pre-ASG
1610612749,13,0022300466,13,MIL,Milwaukee Bucks,2024-01-03,2023-24,Pre-ASG
1610612754,13,0022300466,13,IND,Indiana Pacers,2024-01-03,2023-24,Pre-ASG
1610612761,9,0022300470,17,TOR,Toronto Raptors,2024-01-03,2023-24,Pre-ASG
1610612763,10,0022300470,19,MEM,Memphis Grizzlies,2024-01-03,2023-24,Pre-ASG
1610612762,10,0022300474,13,UTA,Utah Jazz,2024-01-03,2023-24,Pre-ASG
1610612765,10,0022300474,12,DET,Detroit Pistons,2024-01-03,2023-24,Pre-ASG
1610612739,11,0022300465,11,CLE,Cleveland Cavaliers,2024-01-03,2023-24,Pre-ASG
1610612764,14,0022300465,13,WAS,Washington Wizards,2024-01-03,2023-24,Pre-ASG
1610612742,14,0022300472,16,DAL,Dallas Mavericks,2024-01-03,2023-24,Pre-ASG
1610612757,13,0022300472,22,POR,Portland Trail Blazers,2024-01-03,2023-24,Pre-ASG
1610612758,11,0022300464,17,SAC,Sacramento Kings,2024-01-02,2023-24,Pre-ASG
1610612766,10,0022300464,15,CHA,Charlotte Hornets,2024-01-02,2023-24,Pre-ASG
1610612738,9,0022300462,16,BOS,Boston Celtics,2024-01-02,2023-24,Pre-ASG
1610612760,11,0022300462,25,OKC,Oklahoma City Thunder,2024-01-02,2023-24,Pre-ASG
1610612759,12,0022300460,23,SAS,San Antonio Spurs,2024-01-02,2023-24,Pre-ASG
1610612763,13,0022300460,16,MEM,Memphis Grizzlies,2024-01-02,2023-24,Pre-ASG
1610612740,13,0022300461,16,NOP,New Orleans Pelicans,2024-01-02,2023-24,Pre-ASG
1610612751,13,0022300461,12,BKN,Brooklyn Nets,2024-01-02,2023-24,Pre-ASG
1610612744,10,0022300463,19,GSW,Golden State Warriors,2024-01-02,2023-24,Pre-ASG
1610612753,10,0022300463,14,ORL,Orlando Magic,2024-01-02,2023-24,Pre-ASG
1610612741,11,0022300459,24,CHI,Chicago Bulls,2024-01-02,2023-24,Pre-ASG
1610612755,14,0022300459,13,PHI,Philadelphia 76ers,2024-01-02,2023-24,Pre-ASG
1610612742,13,0022300457,17,DAL,Dallas Mavericks,2024-01-01,2023-24,Pre-ASG
1610612762,12,0022300457,11,UTA,Utah Jazz,2024-01-01,2023-24,Pre-ASG
1610612756,13,0022300456,13,PHX,Phoenix Suns,2024-01-01,2023-24,Pre-ASG
1610612757,11,0022300456,17,POR,Portland Trail Blazers,2024-01-01,2023-24,Pre-ASG
1610612750,10,0022300451,15,MIN,Minnesota Timberwolves,2024-01-01,2023-24,Pre-ASG
1610612752,10,0022300451,12,NYK,New York Knicks,2024-01-01,2023-24,Pre-ASG
1610612743,12,0022300455,9,DEN,Denver Nuggets,2024-01-01,2023-24,Pre-ASG
1610612766,11,0022300455,12,CHA,Charlotte Hornets,2024-01-01,2023-24,Pre-ASG
1610612739,10,0022300452,10,CLE,Cleveland Cavaliers,2024-01-01,2023-24,Pre-ASG
1610612761,9,0022300452,9,TOR,Toronto Raptors,2024-01-01,2023-24,Pre-ASG
1610612749,9,0022300454,12,MIL,Milwaukee Bucks,2024-01-01,2023-24,Pre-ASG
1610612754,10,0022300454,15,IND,Indiana Pacers,2024-01-01,2023-24,Pre-ASG
1610612745,13,0022300453,14,HOU,Houston Rockets,2024-01-01,2023-24,Pre-ASG
1610612765,12,0022300453,16,DET,Detroit Pistons,2024-01-01,2023-24,Pre-ASG
1610612746,12,0022300458,14,LAC,LA Clippers,2024-01-01,2023-24,Pre-ASG
1610612748,12,0022300458,13,MIA,Miami Heat,2024-01-01,2023-24,Pre-ASG
1610612758,15,0022300449,15,SAC,Sacramento Kings,2023-12-31,2023-24,Pre-ASG
1610612763,13,0022300449,19,MEM,Memphis Grizzlies,2023-12-31,2023-24,Pre-ASG
1610612751,10,0022300447,18,BKN,Brooklyn Nets,2023-12-31,2023-24,Pre-ASG
1610612760,12,0022300447,18,OKC,Oklahoma City Thunder,2023-12-31,2023-24,Pre-ASG
1610612737,9,0022300445,8,ATL,Atlanta Hawks,2023-12-31,2023-24,Pre-ASG
1610612764,10,0022300445,11,WAS,Washington Wizards,2023-12-31,2023-24,Pre-ASG
1610612740,10,0022300446,15,NOP,New Orleans Pelicans,2023-12-31,2023-24,Pre-ASG
1610612747,10,0022300446,17,LAL,Los Angeles Lakers,2023-12-31,2023-24,Pre-ASG
1610612753,11,0022300450,15,ORL,Orlando Magic,2023-12-31,2023-24,Pre-ASG
1610612756,9,0022300450,14,PHX,Phoenix Suns,2023-12-31,2023-24,Pre-ASG
1610612738,13,0022300448,15,BOS,Boston Celtics,2023-12-31,2023-24,Pre-ASG
1610612759,13,0022300448,13,SAS,San Antonio Spurs,2023-12-31,2023-24,Pre-ASG
1610612761,9,0022300440,17,TOR,Toronto Raptors,2023-12-30,2023-24,Pre-ASG
1610612765,10,0022300440,15,DET,Detroit Pistons,2023-12-30,2023-24,Pre-ASG
1610612748,10,0022300439,13,MIA,Miami Heat,2023-12-30,2023-24,Pre-ASG
1610612762,10,0022300439,12,UTA,Utah Jazz,2023-12-30,2023-24,Pre-ASG
1610612747,9,0022300443,16,LAL,Los Angeles Lakers,2023-12-30,2023-24,Pre-ASG
1610612750,9,0022300443,21,MIN,Minnesota Timberwolves,2023-12-30,2023-24,Pre-ASG
1610612752,12,0022300441,13,NYK,New York Knicks,2023-12-30,2023-24,Pre-ASG
1610612754,13,0022300441,15,IND,Indiana Pacers,2023-12-30,2023-24,Pre-ASG
1610612742,9,0022300444,13,DAL,Dallas Mavericks,2023-12-30,2023-24,Pre-ASG
1610612744,10,0022300444,20,GSW,Golden State Warriors,2023-12-30,2023-24,Pre-ASG
1610612741,10,0022300442,17,CHI,Chicago Bulls,2023-12-30,2023-24,Pre-ASG
1610612755,12,0022300442,17,PHI,Philadelphia 76ers,2023-12-30,2023-24,Pre-ASG
1610612756,10,0022300436,15,PHX,Phoenix Suns,2023-12-29,2023-24,Pre-ASG
1610612766,9,0022300436,12,CHA,Charlotte Hornets,2023-12-29,2023-24,Pre-ASG
1610612746,9,0022300438,16,LAC,LA Clippers,2023-12-29,2023-24,Pre-ASG
1610612763,10,0022300438,19,MEM,Memphis Grizzlies,2023-12-29,2023-24,Pre-ASG
1610612751,9,0022300430,16,BKN,Brooklyn Nets,2023-12-29,2023-24,Pre-ASG
1610612764,10,0022300430,11,WAS,Washington Wizards,2023-12-29,2023-24,Pre-ASG
1610612757,9,0022300437,13,POR,Portland Trail Blazers,2023-12-29,2023-24,Pre-ASG
1610612759,11,0022300437,19,SAS,San Antonio Spurs,2023-12-29,2023-24,Pre-ASG
1610612739,10,0022300433,20,CLE,Cleveland Cavaliers,2023-12-29,2023-24,Pre-ASG
1610612749,10,0022300433,13,MIL,Milwaukee Bucks,2023-12-29,2023-24,Pre-ASG
1610612745,9,0022300434,15,HOU,Houston Rockets,2023-12-29,2023-24,Pre-ASG
1610612755,10,0022300434,14,PHI,Philadelphia 76ers,2023-12-29,2023-24,Pre-ASG
1610612752,9,0022300429,13,NYK,New York Knicks,2023-12-29,2023-24,Pre-ASG
1610612753,9,0022300429,10,ORL,Orlando Magic,2023-12-29,2023-24,Pre-ASG
1610612738,10,0022300432,12,BOS,Boston Celtics,2023-12-29,2023-24,Pre-ASG
1610612761,11,0022300432,17,TOR,Toronto Raptors,2023-12-29,2023-24,Pre-ASG
1610612737,9,0022300431,12,ATL,Atlanta Hawks,2023-12-29,2023-24,Pre-ASG
1610612758,10,0022300431,12,SAC,Sacramento Kings,2023-12-29,2023-24,Pre-ASG
1610612743,13,0022300435,11,DEN,Denver Nuggets,2023-12-29,2023-24,Pre-ASG
1610612760,13,0022300435,13,OKC,Oklahoma City Thunder,2023-12-29,2023-24,Pre-ASG
1610612743,13,0022300425,10,DEN,Denver Nuggets,2023-12-28,2023-24,Pre-ASG
1610612763,10,0022300425,13,MEM,Memphis Grizzlies,2023-12-28,2023-24,Pre-ASG
1610612744,13,0022300426,15,GSW,Golden State Warriors,2023-12-28,2023-24,Pre-ASG
1610612748,10,0022300426,15,MIA,Miami Heat,2023-12-28,2023-24,Pre-ASG
1610612747,11,0022300428,14,LAL,Los Angeles Lakers,2023-12-28,2023-24,Pre-ASG
1610612766,12,0022300428,13,CHA,Charlotte Hornets,2023-12-28,2023-24,Pre-ASG
1610612741,11,0022300422,21,CHI,Chicago Bulls,2023-12-28,2023-24,Pre-ASG
1610612754,9,0022300422,17,IND,Indiana Pacers,2023-12-28,2023-24,Pre-ASG
1610612742,10,0022300423,24,DAL,Dallas Mavericks,2023-12-28,2023-24,Pre-ASG
1610612750,9,0022300423,16,MIN,Minnesota Timberwolves,2023-12-28,2023-24,Pre-ASG
1610612757,10,0022300427,16,POR,Portland Trail Blazers,2023-12-28,2023-24,Pre-ASG
1610612759,12,0022300427,20,SAS,San Antonio Spurs,2023-12-28,2023-24,Pre-ASG
1610612740,10,0022300424,16,NOP,New Orleans Pelicans,2023-12-28,2023-24,Pre-ASG
1610612762,11,0022300424,16,UTA,Utah Jazz,2023-12-28,2023-24,Pre-ASG
1610612738,9,0022300421,12,BOS,Boston Celtics,2023-12-28,2023-24,Pre-ASG
1610612765,10,0022300421,17,DET,Detroit Pistons,2023-12-28,2023-24,Pre-ASG
1610612745,12,0022300418,12,HOU,Houston Rockets,2023-12-27,2023-24,Pre-ASG
1610612756,12,0022300418,16,PHX,Phoenix Suns,2023-12-27,2023-24,Pre-ASG
1610612752,9,0022300419,11,NYK,New York Knicks,2023-12-27,2023-24,Pre-ASG
1610612760,12,0022300419,19,OKC,Oklahoma City Thunder,2023-12-27,2023-24,Pre-ASG
1610612749,14,0022300417,16,MIL,Milwaukee Bucks,2023-12-27,2023-24,Pre-ASG
1610612751,12,0022300417,15,BKN,Brooklyn Nets,2023-12-27,2023-24,Pre-ASG
1610612761,13,0022300416,20,TOR,Toronto Raptors,2023-12-27,2023-24,Pre-ASG
1610612764,15,0022300416,13,WAS,Washington Wizards,2023-12-27,2023-24,Pre-ASG
1610612753,13,0022300415,17,ORL,Orlando Magic,2023-12-27,2023-24,Pre-ASG
1610612755,12,0022300415,18,PHI,Philadelphia 76ers,2023-12-27,2023-24,Pre-ASG
1610612739,9,0022300420,20,CLE,Cleveland Cavaliers,2023-12-27,2023-24,Pre-ASG
1610612742,9,0022300420,14,DAL,Dallas Mavericks,2023-12-27,2023-24,Pre-ASG
1610612753,10,0022300407,14,ORL,Orlando Magic,2023-12-26,2023-24,Pre-ASG
1610612764,10,0022300407,11,WAS,Washington Wizards,2023-12-26,2023-24,Pre-ASG
1610612737,11,0022300408,12,ATL,Atlanta Hawks,2023-12-26,2023-24,Pre-ASG
1610612741,9,0022300408,15,CHI,Chicago Bulls,2023-12-26,2023-24,Pre-ASG
1610612757,13,0022300413,11,POR,Portland Trail Blazers,2023-12-26,2023-24,Pre-ASG
1610612758,15,0022300413,18,SAC,Sacramento Kings,2023-12-26,2023-24,Pre-ASG
1610612759,13,0022300412,21,SAS,San Antonio Spurs,2023-12-26,2023-24,Pre-ASG
1610612762,14,0022300412,15,UTA,Utah Jazz,2023-12-26,2023-24,Pre-ASG
1610612740,10,0022300410,24,NOP,New Orleans Pelicans,2023-12-26,2023-24,Pre-ASG
1610612763,10,0022300410,17,MEM,Memphis Grizzlies,2023-12-26,2023-24,Pre-ASG
1610612750,14,0022300411,19,MIN,Minnesota Timberwolves,2023-12-26,2023-24,Pre-ASG
1610612760,12,0022300411,15,OKC,Oklahoma City Thunder,2023-12-26,2023-24,Pre-ASG
1610612745,10,0022300409,11,HOU,Houston Rockets,2023-12-26,2023-24,Pre-ASG
1610612754,9,0022300409,18,IND,Indiana Pacers,2023-12-26,2023-24,Pre-ASG
1610612751,9,0022300406,16,BKN,Brooklyn Nets,2023-12-26,2023-24,Pre-ASG
1610612765,10,0022300406,24,DET,Detroit Pistons,2023-12-26,2023-24,Pre-ASG
1610612746,9,0022300414,12,LAC,LA Clippers,2023-12-26,2023-24,Pre-ASG
1610612766,10,0022300414,13,CHA,Charlotte Hornets,2023-12-26,2023-24,Pre-ASG
1610612743,10,0022300402,14,DEN,Denver Nuggets,2023-12-25,2023-24,Pre-ASG
1610612744,10,0022300402,20,GSW,Golden State Warriors,2023-12-25,2023-24,Pre-ASG
1610612738,9,0022300403,10,BOS,Boston Celtics,2023-12-25,2023-24,Pre-ASG
1610612747,9,0022300403,13,LAL,Los Angeles Lakers,2023-12-25,2023-24,Pre-ASG
1610612742,11,0022300405,15,DAL,Dallas Mavericks,2023-12-25,2023-24,Pre-ASG
1610612756,10,0022300405,13,PHX,Phoenix Suns,2023-12-25,2023-24,Pre-ASG
1610612748,9,0022300404,13,MIA,Miami Heat,2023-12-25,2023-24,Pre-ASG
1610612755,11,0022300404,15,PHI,Philadelphia 76ers,2023-12-25,2023-24,Pre-ASG
1610612749,10,0022300401,16,MIL,Milwaukee Bucks,2023-12-25,2023-24,Pre-ASG
1610612752,9,0022300401,10,NYK,New York Knicks,2023-12-25,2023-24,Pre-ASG
1610612738,13,0022300389,14,BOS,Boston Celtics,2023-12-23,2023-24,Pre-ASG
1610612746,11,0022300389,13,LAC,LA Clippers,2023-12-23,2023-24,Pre-ASG
1610612740,10,0022300392,19,NOP,New Orleans Pelicans,2023-12-23,2023-24,Pre-ASG
1610612745,10,0022300392,11,HOU,Houston Rockets,2023-12-23,2023-24,Pre-ASG
1610612751,12,0022300394,17,BKN,Brooklyn Nets,2023-12-23,2023-24,Pre-ASG
1610612765,10,0022300394,20,DET,Detroit Pistons,2023-12-23,2023-24,Pre-ASG
1610612747,9,0022300397,15,LAL,Los Angeles Lakers,2023-12-23,2023-24,Pre-ASG
1610612760,12,0022300397,20,OKC,Oklahoma City Thunder,2023-12-23,2023-24,Pre-ASG
1610612744,13,0022300399,11,GSW,Golden State Warriors,2023-12-23,2023-24,Pre-ASG
1610612757,13,0022300399,14,POR,Portland Trail Blazers,2023-12-23,2023-24,Pre-ASG
1610612753,10,0022300391,13,ORL,Orlando Magic,2023-12-23,2023-24,Pre-ASG
1610612754,10,0022300391,18,IND,Indiana Pacers,2023-12-23,2023-24,Pre-ASG
1610612739,9,0022300396,16,CLE,Cleveland Cavaliers,2023-12-23,2023-24,Pre-ASG
1610612741,9,0022300396,15,CHI,Chicago Bulls,2023-12-23,2023-24,Pre-ASG
1610612743,10,0022300390,14,DEN,Denver Nuggets,2023-12-23,2023-24,Pre-ASG
1610612766,10,0022300390,16,CHA,Charlotte Hornets,2023-12-23,2023-24,Pre-ASG
1610612750,10,0022300400,16,MIN,Minnesota Timberwolves,2023-12-23,2023-24,Pre-ASG
1610612758,12,0022300400,14,SAC,Sacramento Kings,2023-12-23,2023-24,Pre-ASG
1610612761,9,0022300395,14,TOR,Toronto Raptors,2023-12-23,2023-24,Pre-ASG
1610612762,9,0022300395,14,UTA,Utah Jazz,2023-12-23,2023-24,Pre-ASG
1610612749,12,0022300388,15,MIL,Milwaukee Bucks,2023-12-23,2023-24,Pre-ASG
1610612752,14,0022300388,14,NYK,New York Knicks,2023-12-23,2023-24,Pre-ASG
1610612742,11,0022300398,15,DAL,Dallas Mavericks,2023-12-23,2023-24,Pre-ASG
1610612759,13,0022300398,18,SAS,San Antonio Spurs,2023-12-23,2023-24,Pre-ASG
1610612737,8,0022300393,11,ATL,Atlanta Hawks,2023-12-23,2023-24,Pre-ASG
1610612763,9,0022300393,19,MEM,Memphis Grizzlies,2023-12-23,2023-24,Pre-ASG
1610612743,11,0022300383,16,DEN,Denver Nuggets,2023-12-22,2023-24,Pre-ASG
1610612751,9,0022300383,20,BKN,Brooklyn Nets,2023-12-22,2023-24,Pre-ASG
1610612737,9,0022300384,10,ATL,Atlanta Hawks,2023-12-22,2023-24,Pre-ASG
1610612748,9,0022300384,16,MIA,Miami Heat,2023-12-22,2023-24,Pre-ASG
1610612756,12,0022300387,19,PHX,Phoenix Suns,2023-12-22,2023-24,Pre-ASG
1610612758,14,0022300387,13,SAC,Sacramento Kings,2023-12-22,2023-24,Pre-ASG
1610612742,12,0022300385,16,DAL,Dallas Mavericks,2023-12-22,2023-24,Pre-ASG
1610612745,13,0022300385,13,HOU,Houston Rockets,2023-12-22,2023-24,Pre-ASG
1610612744,14,0022300386,18,GSW,Golden State Warriors,2023-12-22,2023-24,Pre-ASG
1610612764,13,0022300386,11,WAS,Washington Wizards,2023-12-22,2023-24,Pre-ASG
1610612755,12,0022300382,11,PHI,Philadelphia 76ers,2023-12-22,2023-24,Pre-ASG
1610612761,11,0022300382,14,TOR,Toronto Raptors,2023-12-22,2023-24,Pre-ASG
1610612749,10,0022300378,14,MIL,Milwaukee Bucks,2023-12-21,2023-24,Pre-ASG
1610612753,9,0022300378,11,ORL,Orlando Magic,2023-12-21,2023-24,Pre-ASG
1610612757,9,0022300381,17,POR,Portland Trail Blazers,2023-12-21,2023-24,Pre-ASG
1610612764,10,0022300381,15,WAS,Washington Wizards,2023-12-21,2023-24,Pre-ASG
1610612739,12,0022300375,19,CLE,Cleveland Cavaliers,2023-12-21,2023-24,Pre-ASG
1610612740,10,0022300375,18,NOP,New Orleans Pelicans,2023-12-21,2023-24,Pre-ASG
1610612741,11,0022300376,20,CHI,Chicago Bulls,2023-12-21,2023-24,Pre-ASG
1610612759,13,0022300376,24,SAS,San Antonio Spurs,2023-12-21,2023-24,Pre-ASG
1610612746,11,0022300379,19,LAC,LA Clippers,2023-12-21,2023-24,Pre-ASG
1610612760,12,0022300379,23,OKC,Oklahoma City Thunder,2023-12-21,2023-24,Pre-ASG
1610612747,9,0022300380,7,LAL,Los Angeles Lakers,2023-12-21,2023-24,Pre-ASG
1610612750,9,0022300380,7,MIN,Minnesota Timberwolves,2023-12-21,2023-24,Pre-ASG
1610612754,10,0022300377,15,IND,Indiana Pacers,2023-12-21,2023-24,Pre-ASG
1610612763,9,0022300377,14,MEM,Memphis Grizzlies,2023-12-21,2023-24,Pre-ASG
1610612762,9,0022300374,13,UTA,Utah Jazz,2023-12-21,2023-24,Pre-ASG
1610612765,10,0022300374,10,DET,Detroit Pistons,2023-12-21,2023-24,Pre-ASG
1610612748,10,0022300366,11,MIA,Miami Heat,2023-12-20,2023-24,Pre-ASG
1610612753,12,0022300366,17,ORL,Orlando Magic,2023-12-20,2023-24,Pre-ASG
1610612742,10,0022300372,14,DAL,Dallas Mavericks,2023-12-20,2023-24,Pre-ASG
1610612746,8,0022300372,11,LAC,LA Clippers,2023-12-20,2023-24,Pre-ASG
1610612739,9,0022300364,12,CLE,Cleveland Cavaliers,2023-12-20,2023-24,Pre-ASG
1610612762,9,0022300364,13,UTA,Utah Jazz,2023-12-20,2023-24,Pre-ASG
1610612737,9,0022300371,12,ATL,Atlanta Hawks,2023-12-20,2023-24,Pre-ASG
1610612745,9,0022300371,14,HOU,Houston Rockets,2023-12-20,2023-24,Pre-ASG
1610612743,10,0022300369,12,DEN,Denver Nuggets,2023-12-20,2023-24,Pre-ASG
1610612761,9,0022300369,13,TOR,Toronto Raptors,2023-12-20,2023-24,Pre-ASG
1610612738,10,0022300373,8,BOS,Boston Celtics,2023-12-20,2023-24,Pre-ASG
1610612758,14,0022300373,15,SAC,Sacramento Kings,2023-12-20,2023-24,Pre-ASG
1610612741,11,0022300370,11,CHI,Chicago Bulls,2023-12-20,2023-24,Pre-ASG
1610612747,13,0022300370,10,LAL,Los Angeles Lakers,2023-12-20,2023-24,Pre-ASG
1610612750,13,0022300367,17,MIN,Minnesota Timberwolves,2023-12-20,2023-24,Pre-ASG
1610612755,13,0022300367,16,PHI,Philadelphia 76ers,2023-12-20,2023-24,Pre-ASG
1610612751,11,0022300368,19,BKN,Brooklyn Nets,2023-12-20,2023-24,Pre-ASG
1610612752,12,0022300368,11,NYK,New York Knicks,2023-12-20,2023-24,Pre-ASG
1610612754,12,0022300365,13,IND,Indiana Pacers,2023-12-20,2023-24,Pre-ASG
1610612766,13,0022300365,19,CHA,Charlotte Hornets,2023-12-20,2023-24,Pre-ASG
1610612749,13,0022300361,18,MIL,Milwaukee Bucks,2023-12-19,2023-24,Pre-ASG
1610612759,11,0022300361,19,SAS,San Antonio Spurs,2023-12-19,2023-24,Pre-ASG
1610612756,9,0022300363,10,PHX,Phoenix Suns,2023-12-19,2023-24,Pre-ASG
1610612757,10,0022300363,11,POR,Portland Trail Blazers,2023-12-19,2023-24,Pre-ASG
1610612740,10,0022300360,19,NOP,New Orleans Pelicans,2023-12-19,2023-24,Pre-ASG
1610612763,10,0022300360,19,MEM,Memphis Grizzlies,2023-12-19,2023-24,Pre-ASG
1610612738,10,0022300362,11,BOS,Boston Celtics,2023-12-19,2023-24,Pre-ASG
1610612744,11,0022300362,17,GSW,Golden State Warriors,2023-12-19,2023-24,Pre-ASG
1610612748,9,0022300353,12,MIA,Miami Heat,2023-12-18,2023-24,Pre-ASG
1610612750,9,0022300353,16,MIN,Minnesota Timberwolves,2023-12-18,2023-24,Pre-ASG
1610612761,9,0022300354,14,TOR,Toronto Raptors,2023-12-18,2023-24,Pre-ASG
1610612766,9,0022300354,12,CHA,Charlotte Hornets,2023-12-18,2023-24,Pre-ASG
1610612742,13,0022300356,17,DAL,Dallas Mavericks,2023-12-18,2023-24,Pre-ASG
1610612743,12,0022300356,8,DEN,Denver Nuggets,2023-12-18,2023-24,Pre-ASG
1610612737,9,0022300352,14,ATL,Atlanta Hawks,2023-12-18,2023-24,Pre-ASG
1610612765,10,0022300352,20,DET,Detroit Pistons,2023-12-18,2023-24,Pre-ASG
1610612758,14,0022300358,14,SAC,Sacramento Kings,2023-12-18,2023-24,Pre-ASG
1610612764,11,0022300358,12,WAS,Washington Wizards,2023-12-18,2023-24,Pre-ASG
1610612741,9,0022300351,13,CHI,Chicago Bulls,2023-12-18,2023-24,Pre-ASG
1610612755,10,0022300351,13,PHI,Philadelphia 76ers,2023-12-18,2023-24,Pre-ASG
1610612747,9,0022300359,18,LAL,Los Angeles Lakers,2023-12-18,2023-24,Pre-ASG
1610612752,10,0022300359,14,NYK,New York Knicks,2023-12-18,2023-24,Pre-ASG
1610612760,14,0022300355,17,OKC,Oklahoma City Thunder,2023-12-18,2023-24,Pre-ASG
1610612763,11,0022300355,15,MEM,Memphis Grizzlies,2023-12-18,2023-24,Pre-ASG
1610612751,11,0022300357,18,BKN,Brooklyn Nets,2023-12-18,2023-24,Pre-ASG
1610612762,11,0022300357,17,UTA,Utah Jazz,2023-12-18,2023-24,Pre-ASG
1610612746,11,0022300350,16,LAC,LA Clippers,2023-12-18,2023-24,Pre-ASG
1610612754,10,0022300350,15,IND,Indiana Pacers,2023-12-18,2023-24,Pre-ASG
1610612739,10,0022300349,21,CLE,Cleveland Cavaliers,2023-12-18,2023-24,Pre-ASG
1610612745,10,0022300349,19,HOU,Houston Rockets,2023-12-18,2023-24,Pre-ASG
1610612738,12,0022300344,13,BOS,Boston Celtics,2023-12-17,2023-24,Pre-ASG
1610612753,13,0022300344,15,ORL,Orlando Magic,2023-12-17,2023-24,Pre-ASG
1610612745,9,0022300346,12,HOU,Houston Rockets,2023-12-17,2023-24,Pre-ASG
1610612749,14,0022300346,16,MIL,Milwaukee Bucks,2023-12-17,2023-24,Pre-ASG
1610612744,10,0022300348,16,GSW,Golden State Warriors,2023-12-17,2023-24,Pre-ASG
1610612757,9,0022300348,13,POR,Portland Trail Blazers,2023-12-17,2023-24,Pre-ASG
1610612756,9,0022300347,17,PHX,Phoenix Suns,2023-12-17,2023-24,Pre-ASG
1610612764,11,0022300347,17,WAS,Washington Wizards,2023-12-17,2023-24,Pre-ASG
1610612740,12,0022300345,17,NOP,New Orleans Pelicans,2023-12-17,2023-24,Pre-ASG
1610612759,12,0022300345,18,SAS,San Antonio Spurs,2023-12-17,2023-24,Pre-ASG
1610612741,10,0022300337,17,CHI,Chicago Bulls,2023-12-16,2023-24,Pre-ASG
1610612748,10,0022300337,13,MIA,Miami Heat,2023-12-16,2023-24,Pre-ASG
1610612742,13,0022300341,16,DAL,Dallas Mavericks,2023-12-16,2023-24,Pre-ASG
1610612757,10,0022300341,17,POR,Portland Trail Blazers,2023-12-16,2023-24,Pre-ASG
1610612737,10,0022300336,14,ATL,Atlanta Hawks,2023-12-16,2023-24,Pre-ASG
1610612739,10,0022300336,15,CLE,Cleveland Cavaliers,2023-12-16,2023-24,Pre-ASG
1610612749,13,0022300334,22,MIL,Milwaukee Bucks,2023-12-16,2023-24,Pre-ASG
1610612765,12,0022300334,20,DET,Detroit Pistons,2023-12-16,2023-24,Pre-ASG
1610612743,10,0022300340,13,DEN,Denver Nuggets,2023-12-16,2023-24,Pre-ASG
1610612760,11,0022300340,24,OKC,Oklahoma City Thunder,2023-12-16,2023-24,Pre-ASG
1610612744,9,0022300339,16,GSW,Golden State Warriors,2023-12-16,2023-24,Pre-ASG
1610612751,9,0022300339,15,BKN,Brooklyn Nets,2023-12-16,2023-24,Pre-ASG
1610612758,13,0022300342,11,SAC,Sacramento Kings,2023-12-16,2023-24,Pre-ASG
1610612762,11,0022300342,12,UTA,Utah Jazz,2023-12-16,2023-24,Pre-ASG
1610612750,12,0022300338,15,MIN,Minnesota Timberwolves,2023-12-16,2023-24,Pre-ASG
1610612754,13,0022300338,15,IND,Indiana Pacers,2023-12-16,2023-24,Pre-ASG
1610612755,15,0022300335,12,PHI,Philadelphia 76ers,2023-12-16,2023-24,Pre-ASG
1610612766,12,0022300335,16,CHA,Charlotte Hornets,2023-12-16,2023-24,Pre-ASG
1610612746,14,0022300343,15,LAC,LA Clippers,2023-12-16,2023-24,Pre-ASG
1610612752,13,0022300343,13,NYK,New York Knicks,2023-12-16,2023-24,Pre-ASG
1610612755,15,0022300327,12,PHI,Philadelphia 76ers,2023-12-15,2023-24,Pre-ASG
1610612765,11,0022300327,20,DET,Detroit Pistons,2023-12-15,2023-24,Pre-ASG
1610612745,10,0022300332,15,HOU,Houston Rockets,2023-12-15,2023-24,Pre-ASG
1610612763,10,0022300332,21,MEM,Memphis Grizzlies,2023-12-15,2023-24,Pre-ASG
1610612747,10,0022300331,11,LAL,Los Angeles Lakers,2023-12-15,2023-24,Pre-ASG
1610612759,12,0022300331,16,SAS,San Antonio Spurs,2023-12-15,2023-24,Pre-ASG
1610612737,11,0022300330,10,ATL,Atlanta Hawks,2023-12-15,2023-24,Pre-ASG
1610612761,13,0022300330,17,TOR,Toronto Raptors,2023-12-15,2023-24,Pre-ASG
1610612740,10,0022300326,19,NOP,New Orleans Pelicans,2023-12-15,2023-24,Pre-ASG
1610612766,9,0022300326,16,CHA,Charlotte Hornets,2023-12-15,2023-24,Pre-ASG
1610612752,13,0022300333,11,NYK,New York Knicks,2023-12-15,2023-24,Pre-ASG
1610612756,12,0022300333,20,PHX,Phoenix Suns,2023-12-15,2023-24,Pre-ASG
1610612738,10,0022300329,14,BOS,Boston Celtics,2023-12-15,2023-24,Pre-ASG
1610612753,14,0022300329,18,ORL,Orlando Magic,2023-12-15,2023-24,Pre-ASG
1610612754,13,0022300328,24,IND,Indiana Pacers,2023-12-15,2023-24,Pre-ASG
1610612764,12,0022300328,15,WAS,Washington Wizards,2023-12-15,2023-24,Pre-ASG
1610612741,10,0022300320,12,CHI,Chicago Bulls,2023-12-14,2023-24,Pre-ASG
1610612748,10,0022300320,16,MIA,Miami Heat,2023-12-14,2023-24,Pre-ASG
1610612742,13,0022300321,17,DAL,Dallas Mavericks,2023-12-14,2023-24,Pre-ASG
1610612750,13,0022300321,15,MIN,Minnesota Timberwolves,2023-12-14,2023-24,Pre-ASG
1610612738,9,0022300319,11,BOS,Boston Celtics,2023-12-14,2023-24,Pre-ASG
1610612739,9,0022300319,15,CLE,Cleveland Cavaliers,2023-12-14,2023-24,Pre-ASG
1610612758,10,0022300324,12,SAC,Sacramento Kings,2023-12-14,2023-24,Pre-ASG
1610612760,11,0022300324,12,OKC,Oklahoma City Thunder,2023-12-14,2023-24,Pre-ASG
1610612743,13,0022300322,10,DEN,Denver Nuggets,2023-12-14,2023-24,Pre-ASG
1610612751,12,0022300322,19,BKN,Brooklyn Nets,2023-12-14,2023-24,Pre-ASG
1610612744,10,0022300325,14,GSW,Golden State Warriors,2023-12-14,2023-24,Pre-ASG
1610612746,9,0022300325,15,LAC,LA Clippers,2023-12-14,2023-24,Pre-ASG
1610612757,12,0022300323,15,POR,Portland Trail Blazers,2023-12-14,2023-24,Pre-ASG
1610612762,10,0022300323,10,UTA,Utah Jazz,2023-12-14,2023-24,Pre-ASG
1610612752,9,0022300318,14,NYK,New York Knicks,2023-12-13,2023-24,Pre-ASG
1610612762,11,0022300318,17,UTA,Utah Jazz,2023-12-13,2023-24,Pre-ASG
1610612751,9,0022300317,17,BKN,Brooklyn Nets,2023-12-13,2023-24,Pre-ASG
1610612756,10,0022300317,21,PHX,Phoenix Suns,2023-12-13,2023-24,Pre-ASG
1610612755,15,0022300310,14,PHI,Philadelphia 76ers,2023-12-13,2023-24,Pre-ASG
1610612765,11,0022300310,22,DET,Detroit Pistons,2023-12-13,2023-24,Pre-ASG
1610612748,9,0022300312,11,MIA,Miami Heat,2023-12-13,2023-24,Pre-ASG
1610612766,9,0022300312,16,CHA,Charlotte Hornets,2023-12-13,2023-24,Pre-ASG
1610612745,11,0022300314,12,HOU,Houston Rockets,2023-12-13,2023-24,Pre-ASG
1610612763,11,0022300314,21,MEM,Memphis Grizzlies,2023-12-13,2023-24,Pre-ASG
1610612747,10,0022300316,17,LAL,Los Angeles Lakers,2023-12-13,2023-24,Pre-ASG
1610612759,10,0022300316,14,SAS,San Antonio Spurs,2023-12-13,2023-24,Pre-ASG
1610612749,12,0022300315,14,MIL,Milwaukee Bucks,2023-12-13,2023-24,Pre-ASG
1610612754,13,0022300315,15,IND,Indiana Pacers,2023-12-13,2023-24,Pre-ASG
1610612737,8,0022300313,10,ATL,Atlanta Hawks,2023-12-13,2023-24,Pre-ASG
1610612761,9,0022300313,15,TOR,Toronto Raptors,2023-12-13,2023-24,Pre-ASG
1610612740,12,0022300311,18,NOP,New Orleans Pelicans,2023-12-13,2023-24,Pre-ASG
1610612764,12,0022300311,11,WAS,Washington Wizards,2023-12-13,2023-24,Pre-ASG
1610612746,12,0022300309,14,LAC,LA Clippers,2023-12-12,2023-24,Pre-ASG
1610612758,14,0022300309,16,SAC,Sacramento Kings,2023-12-12,2023-24,Pre-ASG
1610612741,11,0022300307,16,CHI,Chicago Bulls,2023-12-12,2023-24,Pre-ASG
1610612743,10,0022300307,19,DEN,Denver Nuggets,2023-12-12,2023-24,Pre-ASG
1610612744,11,0022300308,24,GSW,Golden State Warriors,2023-12-12,2023-24,Pre-ASG
1610612756,11,0022300308,18,PHX,Phoenix Suns,2023-12-12,2023-24,Pre-ASG
1610612742,11,0022300306,14,DAL,Dallas Mavericks,2023-12-12,2023-24,Pre-ASG
1610612747,9,0022300306,14,LAL,Los Angeles Lakers,2023-12-12,2023-24,Pre-ASG
1610612738,9,0022300305,16,BOS,Boston Celtics,2023-12-12,2023-24,Pre-ASG
1610612739,9,0022300305,15,CLE,Cleveland Cavaliers,2023-12-12,2023-24,Pre-ASG
1610612755,15,0022300295,14,PHI,Philadelphia 76ers,2023-12-11,2023-24,Pre-ASG
1610612764,13,0022300295,16,WAS,Washington Wizards,2023-12-11,2023-24,Pre-ASG
1610612752,9,0022300297,10,NYK,New York Knicks,2023-12-11,2023-24,Pre-ASG
1610612761,10,0022300297,16,TOR,Toronto Raptors,2023-12-11,2023-24,Pre-ASG
1610612751,12,0022300303,17,BKN,Brooklyn Nets,2023-12-11,2023-24,Pre-ASG
1610612758,15,0022300303,19,SAC,Sacramento Kings,2023-12-11,2023-24,Pre-ASG
1610612740,10,0022300301,15,NOP,New Orleans Pelicans,2023-12-11,2023-24,Pre-ASG
1610612750,13,0022300301,18,MIN,Minnesota Timberwolves,2023-12-11,2023-24,Pre-ASG
1610612741,10,0022300300,16,CHI,Chicago Bulls,2023-12-11,2023-24,Pre-ASG
1610612749,9,0022300300,12,MIL,Milwaukee Bucks,2023-12-11,2023-24,Pre-ASG
1610612754,9,0022300293,11,IND,Indiana Pacers,2023-12-11,2023-24,Pre-ASG
1610612765,10,0022300293,13,DET,Detroit Pistons,2023-12-11,2023-24,Pre-ASG
1610612748,9,0022300292,14,MIA,Miami Heat,2023-12-11,2023-24,Pre-ASG
1610612766,9,0022300292,17,CHA,Charlotte Hornets,2023-12-11,2023-24,Pre-ASG
1610612746,9,0022300304,12,LAC,LA Clippers,2023-12-11,2023-24,Pre-ASG
1610612757,8,0022300304,12,POR,Portland Trail Blazers,2023-12-11,2023-24,Pre-ASG
1610612745,10,0022300298,12,HOU,Houston Rockets,2023-12-11,2023-24,Pre-ASG
1610612759,11,0022300298,14,SAS,San Antonio Spurs,2023-12-11,2023-24,Pre-ASG
1610612760,15,0022300302,15,OKC,Oklahoma City Thunder,2023-12-11,2023-24,Pre-ASG
1610612762,11,0022300302,11,UTA,Utah Jazz,2023-12-11,2023-24,Pre-ASG
1610612742,10,0022300299,20,DAL,Dallas Mavericks,2023-12-11,2023-24,Pre-ASG
1610612763,11,0022300299,17,MEM,Memphis Grizzlies,2023-12-11,2023-24,Pre-ASG
1610612737,9,0022300296,10,ATL,Atlanta Hawks,2023-12-11,2023-24,Pre-ASG
1610612743,10,0022300296,12,DEN,Denver Nuggets,2023-12-11,2023-24,Pre-ASG
1610612739,9,0022300294,18,CLE,Cleveland Cavaliers,2023-12-11,2023-24,Pre-ASG
1610612753,10,0022300294,11,ORL,Orlando Magic,2023-12-11,2023-24,Pre-ASG
1610612753,12,0022301217,14,ORL,Orlando Magic,2023-12-08,2023-24,Pre-ASG
1610612765,13,0022301217,19,DET,Detroit Pistons,2023-12-08,2023-24,Pre-ASG
1610612761,10,0022301216,15,TOR,Toronto Raptors,2023-12-08,2023-24,Pre-ASG
1610612766,9,0022301216,11,CHA,Charlotte Hornets,2023-12-08,2023-24,Pre-ASG
1610612738,11,0022301227,17,BOS,Boston Celtics,2023-12-08,2023-24,Pre-ASG
1610612752,9,0022301227,11,NYK,New York Knicks,2023-12-08,2023-24,Pre-ASG
1610612756,12,0022301228,19,PHX,Phoenix Suns,2023-12-08,2023-24,Pre-ASG
1610612758,13,0022301228,14,SAC,Sacramento Kings,2023-12-08,2023-24,Pre-ASG
1610612742,11,0022301226,17,DAL,Dallas Mavericks,2023-12-08,2023-24,Pre-ASG
1610612757,9,0022301226,13,POR,Portland Trail Blazers,2023-12-08,2023-24,Pre-ASG
1610612741,10,0022301223,14,CHI,Chicago Bulls,2023-12-08,2023-24,Pre-ASG
1610612759,10,0022301223,22,SAS,San Antonio Spurs,2023-12-08,2023-24,Pre-ASG
1610612743,11,0022301224,18,DEN,Denver Nuggets,2023-12-08,2023-24,Pre-ASG
1610612745,9,0022301224,11,HOU,Houston Rockets,2023-12-08,2023-24,Pre-ASG
1610612746,8,0022301225,14,LAC,LA Clippers,2023-12-08,2023-24,Pre-ASG
1610612762,10,0022301225,11,UTA,Utah Jazz,2023-12-08,2023-24,Pre-ASG
1610612751,10,0022301219,16,BKN,Brooklyn Nets,2023-12-08,2023-24,Pre-ASG
1610612764,14,0022301219,15,WAS,Washington Wizards,2023-12-08,2023-24,Pre-ASG
1610612750,11,0022301221,14,MIN,Minnesota Timberwolves,2023-12-08,2023-24,Pre-ASG
1610612763,13,0022301221,18,MEM,Memphis Grizzlies,2023-12-08,2023-24,Pre-ASG
1610612744,10,0022301222,14,GSW,Golden State Warriors,2023-12-08,2023-24,Pre-ASG
1610612760,11,0022301222,22,OKC,Oklahoma City Thunder,2023-12-08,2023-24,Pre-ASG
1610612737,10,0022301218,11,ATL,Atlanta Hawks,2023-12-08,2023-24,Pre-ASG
1610612755,10,0022301218,13,PHI,Philadelphia 76ers,2023-12-08,2023-24,Pre-ASG
1610612739,11,0022301220,20,CLE,Cleveland Cavaliers,2023-12-08,2023-24,Pre-ASG
1610612748,8,0022301220,13,MIA,Miami Heat,2023-12-08,2023-24,Pre-ASG
1610612749,10,0022301229,15,MIL,Milwaukee Bucks,2023-12-07,2023-24,Pre-ASG
1610612754,10,0022301229,14,IND,Indiana Pacers,2023-12-07,2023-24,Pre-ASG
1610612740,13,0022301230,12,NOP,New Orleans Pelicans,2023-12-07,2023-24,Pre-ASG
1610612747,13,0022301230,15,LAL,Los Angeles Lakers,2023-12-07,2023-24,Pre-ASG
1610612763,13,0022301206,15,MEM,Memphis Grizzlies,2023-12-06,2023-24,Pre-ASG
1610612765,11,0022301206,16,DET,Detroit Pistons,2023-12-06,2023-24,Pre-ASG
1610612745,9,0022301212,18,HOU,Houston Rockets,2023-12-06,2023-24,Pre-ASG
1610612760,11,0022301212,24,OKC,Oklahoma City Thunder,2023-12-06,2023-24,Pre-ASG
1610612755,10,0022301208,14,PHI,Philadelphia 76ers,2023-12-06,2023-24,Pre-ASG
1610612764,10,0022301208,13,WAS,Washington Wizards,2023-12-06,2023-24,Pre-ASG
1610612742,13,0022301213,15,DAL,Dallas Mavericks,2023-12-06,2023-24,Pre-ASG
1610612762,11,0022301213,6,UTA,Utah Jazz,2023-12-06,2023-24,Pre-ASG
1610612737,9,0022301209,13,ATL,Atlanta Hawks,2023-12-06,2023-24,Pre-ASG
1610612751,9,0022301209,16,BKN,Brooklyn Nets,2023-12-06,2023-24,Pre-ASG
1610612744,10,0022301214,18,GSW,Golden State Warriors,2023-12-06,2023-24,Pre-ASG
1610612757,9,0022301214,18,POR,Portland Trail Blazers,2023-12-06,2023-24,Pre-ASG
1610612741,11,0022301211,21,CHI,Chicago Bulls,2023-12-06,2023-24,Pre-ASG
1610612766,8,0022301211,13,CHA,Charlotte Hornets,2023-12-06,2023-24,Pre-ASG
1610612750,9,0022301210,17,MIN,Minnesota Timberwolves,2023-12-06,2023-24,Pre-ASG
1610612759,10,0022301210,14,SAS,San Antonio Spurs,2023-12-06,2023-24,Pre-ASG
1610612748,9,0022301207,11,MIA,Miami Heat,2023-12-06,2023-24,Pre-ASG
1610612761,10,0022301207,14,TOR,Toronto Raptors,2023-12-06,2023-24,Pre-ASG
1610612743,10,0022301215,13,DEN,Denver Nuggets,2023-12-06,2023-24,Pre-ASG
1610612746,9,0022301215,12,LAC,LA Clippers,2023-12-06,2023-24,Pre-ASG
1610612739,9,0022301205,18,CLE,Cleveland Cavaliers,2023-12-06,2023-24,Pre-ASG
1610612753,10,0022301205,19,ORL,Orlando Magic,2023-12-06,2023-24,Pre-ASG
1610612749,13,0022301201,16,MIL,Milwaukee Bucks,2023-12-05,2023-24,Pre-ASG
1610612752,14,0022301201,17,NYK,New York Knicks,2023-12-05,2023-24,Pre-ASG
1610612747,10,0022301203,17,LAL,Los Angeles Lakers,2023-12-05,2023-24,Pre-ASG
1610612756,10,0022301203,18,PHX,Phoenix Suns,2023-12-05,2023-24,Pre-ASG
1610612738,9,0022301202,12,BOS,Boston Celtics,2023-12-04,2023-24,Pre-ASG
1610612754,9,0022301202,11,IND,Indiana Pacers,2023-12-04,2023-24,Pre-ASG
1610612740,10,0022301204,15,NOP,New Orleans Pelicans,2023-12-04,2023-24,Pre-ASG
1610612758,10,0022301204,18,SAC,Sacramento Kings,2023-12-04,2023-24,Pre-ASG
1610612739,10,0022300283,14,CLE,Cleveland Cavaliers,2023-12-02,2023-24,Pre-ASG
1610612765,10,0022300283,19,DET,Detroit Pistons,2023-12-02,2023-24,Pre-ASG
1610612756,10,0022300288,17,PHX,Phoenix Suns,2023-12-02,2023-24,Pre-ASG
1610612763,9,0022300288,18,MEM,Memphis Grizzlies,2023-12-02,2023-24,Pre-ASG
1610612744,9,0022300280,11,GSW,Golden State Warriors,2023-12-02,2023-24,Pre-ASG
1610612746,9,0022300280,18,LAC,LA Clippers,2023-12-02,2023-24,Pre-ASG
1610612745,13,0022300291,12,HOU,Houston Rockets,2023-12-02,2023-24,Pre-ASG
1610612747,12,0022300291,15,LAL,Los Angeles Lakers,2023-12-02,2023-24,Pre-ASG
1610612737,9,0022300286,14,ATL,Atlanta Hawks,2023-12-02,2023-24,Pre-ASG
1610612749,9,0022300286,14,MIL,Milwaukee Bucks,2023-12-02,2023-24,Pre-ASG
1610612757,9,0022300289,12,POR,Portland Trail Blazers,2023-12-02,2023-24,Pre-ASG
1610612762,10,0022300289,14,UTA,Utah Jazz,2023-12-02,2023-24,Pre-ASG
1610612740,10,0022300285,18,NOP,New Orleans Pelicans,2023-12-02,2023-24,Pre-ASG
1610612741,10,0022300285,19,CHI,Chicago Bulls,2023-12-02,2023-24,Pre-ASG
1610612743,10,0022300290,13,DEN,Denver Nuggets,2023-12-02,2023-24,Pre-ASG
1610612758,10,0022300290,13,SAC,Sacramento Kings,2023-12-02,2023-24,Pre-ASG
1610612751,9,0022300282,20,BKN,Brooklyn Nets,2023-12-02,2023-24,Pre-ASG
1610612753,12,0022300282,18,ORL,Orlando Magic,2023-12-02,2023-24,Pre-ASG
1610612748,10,0022300284,16,MIA,Miami Heat,2023-12-02,2023-24,Pre-ASG
1610612754,10,0022300284,19,IND,Indiana Pacers,2023-12-02,2023-24,Pre-ASG
1610612750,8,0022300281,15,MIN,Minnesota Timberwolves,2023-12-02,2023-24,Pre-ASG
1610612766,9,0022300281,12,CHA,Charlotte Hornets,2023-12-02,2023-24,Pre-ASG
1610612742,11,0022300287,11,DAL,Dallas Mavericks,2023-12-02,2023-24,Pre-ASG
1610612760,11,0022300287,18,OKC,Oklahoma City Thunder,2023-12-02,2023-24,Pre-ASG
1610612742,12,0022300277,19,DAL,Dallas Mavericks,2023-12-01,2023-24,Pre-ASG
1610612763,14,0022300277,18,MEM,Memphis Grizzlies,2023-12-01,2023-24,Pre-ASG
1610612740,10,0022300278,15,NOP,New Orleans Pelicans,2023-12-01,2023-24,Pre-ASG
1610612759,12,0022300278,19,SAS,San Antonio Spurs,2023-12-01,2023-24,Pre-ASG
1610612753,10,0022300274,12,ORL,Orlando Magic,2023-12-01,2023-24,Pre-ASG
1610612764,10,0022300274,16,WAS,Washington Wizards,2023-12-01,2023-24,Pre-ASG
1610612743,9,0022300279,13,DEN,Denver Nuggets,2023-12-01,2023-24,Pre-ASG
1610612756,10,0022300279,19,PHX,Phoenix Suns,2023-12-01,2023-24,Pre-ASG
1610612752,9,0022300276,11,NYK,New York Knicks,2023-12-01,2023-24,Pre-ASG
1610612761,10,0022300276,16,TOR,Toronto Raptors,2023-12-01,2023-24,Pre-ASG
1610612738,10,0022300275,19,BOS,Boston Celtics,2023-12-01,2023-24,Pre-ASG
1610612755,9,0022300275,19,PHI,Philadelphia 76ers,2023-12-01,2023-24,Pre-ASG
1610612752,9,0022300268,10,NYK,New York Knicks,2023-11-30,2023-24,Pre-ASG
1610612765,12,0022300268,15,DET,Detroit Pistons,2023-11-30,2023-24,Pre-ASG
1610612741,10,0022300269,17,CHI,Chicago Bulls,2023-11-30,2023-24,Pre-ASG
1610612749,9,0022300269,14,MIL,Milwaukee Bucks,2023-11-30,2023-24,Pre-ASG
1610612748,11,0022300267,19,MIA,Miami Heat,2023-11-30,2023-24,Pre-ASG
1610612754,11,0022300267,23,IND,Indiana Pacers,2023-11-30,2023-24,Pre-ASG
1610612747,12,0022300271,14,LAL,Los Angeles Lakers,2023-11-30,2023-24,Pre-ASG
1610612760,13,0022300271,18,OKC,Oklahoma City Thunder,2023-11-30,2023-24,Pre-ASG
1610612737,9,0022300272,18,ATL,Atlanta Hawks,2023-11-30,2023-24,Pre-ASG
1610612759,10,0022300272,18,SAS,San Antonio Spurs,2023-11-30,2023-24,Pre-ASG
1610612744,9,0022300273,13,GSW,Golden State Warriors,2023-11-30,2023-24,Pre-ASG
1610612746,12,0022300273,17,LAC,LA Clippers,2023-11-30,2023-24,Pre-ASG
1610612739,8,0022300265,11,CLE,Cleveland Cavaliers,2023-11-30,2023-24,Pre-ASG
1610612757,9,0022300265,8,POR,Portland Trail Blazers,2023-11-30,2023-24,Pre-ASG
1610612750,9,0022300270,12,MIN,Minnesota Timberwolves,2023-11-30,2023-24,Pre-ASG
1610612762,10,0022300270,14,UTA,Utah Jazz,2023-11-30,2023-24,Pre-ASG
1610612751,9,0022300266,15,BKN,Brooklyn Nets,2023-11-30,2023-24,Pre-ASG
1610612766,9,0022300266,10,CHA,Charlotte Hornets,2023-11-30,2023-24,Pre-ASG
1610612753,12,0022300259,15,ORL,Orlando Magic,2023-11-29,2023-24,Pre-ASG
1610612764,13,0022300259,15,WAS,Washington Wizards,2023-11-29,2023-24,Pre-ASG
1610612740,10,0022300262,22,NOP,New Orleans Pelicans,2023-11-29,2023-24,Pre-ASG
1610612755,11,0022300262,23,PHI,Philadelphia 76ers,2023-11-29,2023-24,Pre-ASG
1610612762,11,0022300261,10,UTA,Utah Jazz,2023-11-29,2023-24,Pre-ASG
1610612763,9,0022300261,11,MEM,Memphis Grizzlies,2023-11-29,2023-24,Pre-ASG
1610612746,11,0022300264,13,LAC,LA Clippers,2023-11-29,2023-24,Pre-ASG
1610612758,14,0022300264,20,SAC,Sacramento Kings,2023-11-29,2023-24,Pre-ASG
1610612743,14,0022300263,17,DEN,Denver Nuggets,2023-11-29,2023-24,Pre-ASG
1610612745,13,0022300263,16,HOU,Houston Rockets,2023-11-29,2023-24,Pre-ASG
1610612756,10,0022300260,20,PHX,Phoenix Suns,2023-11-29,2023-24,Pre-ASG
1610612761,10,0022300260,14,TOR,Toronto Raptors,2023-11-29,2023-24,Pre-ASG
1610612747,13,0022300258,17,LAL,Los Angeles Lakers,2023-11-29,2023-24,Pre-ASG
1610612765,13,0022300258,18,DET,Detroit Pistons,2023-11-29,2023-24,Pre-ASG
1610612748,8,0022300056,10,MIA,Miami Heat,2023-11-28,2023-24,Pre-ASG
1610612749,11,0022300056,18,MIL,Milwaukee Bucks,2023-11-28,2023-24,Pre-ASG
1610612752,12,0022300057,12,NYK,New York Knicks,2023-11-28,2023-24,Pre-ASG
1610612766,13,0022300057,13,CHA,Charlotte Hornets,2023-11-28,2023-24,Pre-ASG
1610612744,11,0022300060,23,GSW,Golden State Warriors,2023-11-28,2023-24,Pre-ASG
1610612758,12,0022300060,19,SAC,Sacramento Kings,2023-11-28,2023-24,Pre-ASG
1610612742,12,0022300059,20,DAL,Dallas Mavericks,2023-11-28,2023-24,Pre-ASG
1610612745,9,0022300059,15,HOU,Houston Rockets,2023-11-28,2023-24,Pre-ASG
1610612737,12,0022300055,12,ATL,Atlanta Hawks,2023-11-28,2023-24,Pre-ASG
1610612739,9,0022300055,12,CLE,Cleveland Cavaliers,2023-11-28,2023-24,Pre-ASG
1610612738,11,0022300053,14,BOS,Boston Celtics,2023-11-28,2023-24,Pre-ASG
1610612741,13,0022300053,23,CHI,Chicago Bulls,2023-11-28,2023-24,Pre-ASG
1610612750,9,0022300058,18,MIN,Minnesota Timberwolves,2023-11-28,2023-24,Pre-ASG
1610612760,11,0022300058,19,OKC,Oklahoma City Thunder,2023-11-28,2023-24,Pre-ASG
1610612751,9,0022300054,13,BKN,Brooklyn Nets,2023-11-28,2023-24,Pre-ASG
1610612761,10,0022300054,15,TOR,Toronto Raptors,2023-11-28,2023-24,Pre-ASG
1610612747,12,0022300255,15,LAL,Los Angeles Lakers,2023-11-27,2023-24,Pre-ASG
1610612755,12,0022300255,9,PHI,Philadelphia 76ers,2023-11-27,2023-24,Pre-ASG
1610612764,13,0022300253,13,WAS,Washington Wizards,2023-11-27,2023-24,Pre-ASG
1610612765,11,0022300253,19,DET,Detroit Pistons,2023-11-27,2023-24,Pre-ASG
1610612743,10,0022300257,18,DEN,Denver Nuggets,2023-11-27,2023-24,Pre-ASG
1610612746,9,0022300257,14,LAC,LA Clippers,2023-11-27,2023-24,Pre-ASG
1610612740,10,0022300256,21,NOP,New Orleans Pelicans,2023-11-27,2023-24,Pre-ASG
1610612762,10,0022300256,10,UTA,Utah Jazz,2023-11-27,2023-24,Pre-ASG
1610612754,12,0022300254,20,IND,Indiana Pacers,2023-11-27,2023-24,Pre-ASG
1610612757,9,0022300254,13,POR,Portland Trail Blazers,2023-11-27,2023-24,Pre-ASG
1610612752,9,0022300247,13,NYK,New York Knicks,2023-11-26,2023-24,Pre-ASG
1610612756,10,0022300247,17,PHX,Phoenix Suns,2023-11-26,2023-24,Pre-ASG
1610612741,9,0022300250,10,CHI,Chicago Bulls,2023-11-26,2023-24,Pre-ASG
1610612751,9,0022300250,11,BKN,Brooklyn Nets,2023-11-26,2023-24,Pre-ASG
1610612749,11,0022300245,15,MIL,Milwaukee Bucks,2023-11-26,2023-24,Pre-ASG
1610612757,9,0022300245,13,POR,Portland Trail Blazers,2023-11-26,2023-24,Pre-ASG
1610612739,9,0022300251,16,CLE,Cleveland Cavaliers,2023-11-26,2023-24,Pre-ASG
1610612761,10,0022300251,14,TOR,Toronto Raptors,2023-11-26,2023-24,Pre-ASG
1610612753,10,0022300248,15,ORL,Orlando Magic,2023-11-26,2023-24,Pre-ASG
1610612766,11,0022300248,20,CHA,Charlotte Hornets,2023-11-26,2023-24,Pre-ASG
1610612750,12,0022300249,16,MIN,Minnesota Timberwolves,2023-11-26,2023-24,Pre-ASG
1610612763,13,0022300249,15,MEM,Memphis Grizzlies,2023-11-26,2023-24,Pre-ASG
1610612737,9,0022300246,12,ATL,Atlanta Hawks,2023-11-26,2023-24,Pre-ASG
1610612738,9,0022300246,16,BOS,Boston Celtics,2023-11-26,2023-24,Pre-ASG
1610612743,15,0022300252,15,DEN,Denver Nuggets,2023-11-26,2023-24,Pre-ASG
1610612759,13,0022300252,27,SAS,San Antonio Spurs,2023-11-26,2023-24,Pre-ASG
1610612755,9,0022300239,14,PHI,Philadelphia 76ers,2023-11-25,2023-24,Pre-ASG
1610612760,11,0022300239,27,OKC,Oklahoma City Thunder,2023-11-25,2023-24,Pre-ASG
1610612737,14,0022300241,15,ATL,Atlanta Hawks,2023-11-25,2023-24,Pre-ASG
1610612764,12,0022300241,14,WAS,Washington Wizards,2023-11-25,2023-24,Pre-ASG
1610612742,12,0022300244,15,DAL,Dallas Mavericks,2023-11-25,2023-24,Pre-ASG
1610612746,13,0022300244,12,LAC,LA Clippers,2023-11-25,2023-24,Pre-ASG
1610612748,10,0022300240,13,MIA,Miami Heat,2023-11-25,2023-24,Pre-ASG
1610612751,12,0022300240,23,BKN,Brooklyn Nets,2023-11-25,2023-24,Pre-ASG
1610612740,9,0022300243,20,NOP,New Orleans Pelicans,2023-11-25,2023-24,Pre-ASG
1610612762,10,0022300243,11,UTA,Utah Jazz,2023-11-25,2023-24,Pre-ASG
1610612739,9,0022300242,16,CLE,Cleveland Cavaliers,2023-11-25,2023-24,Pre-ASG
1610612747,8,0022300242,14,LAL,Los Angeles Lakers,2023-11-25,2023-24,Pre-ASG
1610612740,9,0022300052,20,NOP,New Orleans Pelicans,2023-11-24,2023-24,Pre-ASG
1610612746,9,0022300052,12,LAC,LA Clippers,2023-11-24,2023-24,Pre-ASG
1610612748,9,0022300045,12,MIA,Miami Heat,2023-11-24,2023-24,Pre-ASG
1610612752,9,0022300045,13,NYK,New York Knicks,2023-11-24,2023-24,Pre-ASG
1610612756,9,0022300044,13,PHX,Phoenix Suns,2023-11-24,2023-24,Pre-ASG
1610612763,14,0022300044,15,MEM,Memphis Grizzlies,2023-11-24,2023-24,Pre-ASG
1610612754,10,0022300047,13,IND,Indiana Pacers,2023-11-24,2023-24,Pre-ASG
1610612765,11,0022300047,18,DET,Detroit Pistons,2023-11-24,2023-24,Pre-ASG
1610612738,11,0022300043,15,BOS,Boston Celtics,2023-11-24,2023-24,Pre-ASG
1610612753,11,0022300043,16,ORL,Orlando Magic,2023-11-24,2023-24,Pre-ASG
1610612750,9,0022300050,16,MIN,Minnesota Timberwolves,2023-11-24,2023-24,Pre-ASG
1610612758,10,0022300050,17,SAC,Sacramento Kings,2023-11-24,2023-24,Pre-ASG
1610612741,11,0022300046,12,CHI,Chicago Bulls,2023-11-24,2023-24,Pre-ASG
1610612761,10,0022300046,9,TOR,Toronto Raptors,2023-11-24,2023-24,Pre-ASG
1610612749,11,0022300049,17,MIL,Milwaukee Bucks,2023-11-24,2023-24,Pre-ASG
1610612764,9,0022300049,14,WAS,Washington Wizards,2023-11-24,2023-24,Pre-ASG
1610612743,11,0022300048,15,DEN,Denver Nuggets,2023-11-24,2023-24,Pre-ASG
1610612745,9,0022300048,13,HOU,Houston Rockets,2023-11-24,2023-24,Pre-ASG
1610612744,11,0022300051,17,GSW,Golden State Warriors,2023-11-24,2023-24,Pre-ASG
1610612759,10,0022300051,19,SAS,San Antonio Spurs,2023-11-24,2023-24,Pre-ASG
1610612750,13,0022300232,18,MIN,Minnesota Timberwolves,2023-11-22,2023-24,Pre-ASG
1610612755,13,0022300232,18,PHI,Philadelphia 76ers,2023-11-22,2023-24,Pre-ASG
1610612757,11,0022300237,14,POR,Portland Trail Blazers,2023-11-22,2023-24,Pre-ASG
1610612762,11,0022300237,6,UTA,Utah Jazz,2023-11-22,2023-24,Pre-ASG
1610612754,9,0022300230,15,IND,Indiana Pacers,2023-11-22,2023-24,Pre-ASG
1610612761,9,0022300230,14,TOR,Toronto Raptors,2023-11-22,2023-24,Pre-ASG
1610612745,12,0022300231,16,HOU,Houston Rockets,2023-11-22,2023-24,Pre-ASG
1610612763,12,0022300231,19,MEM,Memphis Grizzlies,2023-11-22,2023-24,Pre-ASG
1610612741,9,0022300234,12,CHI,Chicago Bulls,2023-11-22,2023-24,Pre-ASG
1610612760,11,0022300234,24,OKC,Oklahoma City Thunder,2023-11-22,2023-24,Pre-ASG
1610612737,9,0022300227,17,ATL,Atlanta Hawks,2023-11-22,2023-24,Pre-ASG
1610612751,9,0022300227,17,BKN,Brooklyn Nets,2023-11-22,2023-24,Pre-ASG
1610612742,12,0022300238,18,DAL,Dallas Mavericks,2023-11-22,2023-24,Pre-ASG
1610612747,9,0022300238,12,LAL,Los Angeles Lakers,2023-11-22,2023-24,Pre-ASG
1610612744,12,0022300236,19,GSW,Golden State Warriors,2023-11-22,2023-24,Pre-ASG
1610612756,11,0022300236,23,PHX,Phoenix Suns,2023-11-22,2023-24,Pre-ASG
1610612738,8,0022300228,10,BOS,Boston Celtics,2023-11-22,2023-24,Pre-ASG
1610612749,10,0022300228,15,MIL,Milwaukee Bucks,2023-11-22,2023-24,Pre-ASG
1610612764,10,0022300225,13,WAS,Washington Wizards,2023-11-22,2023-24,Pre-ASG
1610612766,9,0022300225,11,CHA,Charlotte Hornets,2023-11-22,2023-24,Pre-ASG
1610612743,11,0022300226,14,DEN,Denver Nuggets,2023-11-22,2023-24,Pre-ASG
1610612753,10,0022300226,12,ORL,Orlando Magic,2023-11-22,2023-24,Pre-ASG
1610612739,12,0022300229,15,CLE,Cleveland Cavaliers,2023-11-22,2023-24,Pre-ASG
1610612748,10,0022300229,14,MIA,Miami Heat,2023-11-22,2023-24,Pre-ASG
1610612746,10,0022300235,12,LAC,LA Clippers,2023-11-22,2023-24,Pre-ASG
1610612759,11,0022300235,17,SAS,San Antonio Spurs,2023-11-22,2023-24,Pre-ASG
1610612740,10,0022300233,21,NOP,New Orleans Pelicans,2023-11-22,2023-24,Pre-ASG
1610612758,11,0022300233,18,SAC,Sacramento Kings,2023-11-22,2023-24,Pre-ASG
1610612739,9,0022300040,20,CLE,Cleveland Cavaliers,2023-11-21,2023-24,Pre-ASG
1610612755,11,0022300040,15,PHI,Philadelphia 76ers,2023-11-21,2023-24,Pre-ASG
1610612756,11,0022300041,16,PHX,Phoenix Suns,2023-11-21,2023-24,Pre-ASG
1610612757,13,0022300041,16,POR,Portland Trail Blazers,2023-11-21,2023-24,Pre-ASG
1610612753,13,0022300038,12,ORL,Orlando Magic,2023-11-21,2023-24,Pre-ASG
1610612761,13,0022300038,18,TOR,Toronto Raptors,2023-11-21,2023-24,Pre-ASG
1610612747,10,0022300042,14,LAL,Los Angeles Lakers,2023-11-21,2023-24,Pre-ASG
1610612762,12,0022300042,13,UTA,Utah Jazz,2023-11-21,2023-24,Pre-ASG
1610612737,9,0022300039,10,ATL,Atlanta Hawks,2023-11-21,2023-24,Pre-ASG
1610612754,11,0022300039,19,IND,Indiana Pacers,2023-11-21,2023-24,Pre-ASG
1610612741,12,0022300220,15,CHI,Chicago Bulls,2023-11-20,2023-24,Pre-ASG
1610612748,11,0022300220,8,MIA,Miami Heat,2023-11-20,2023-24,Pre-ASG
1610612740,11,0022300222,22,NOP,New Orleans Pelicans,2023-11-20,2023-24,Pre-ASG
1610612758,13,0022300222,21,SAC,Sacramento Kings,2023-11-20,2023-24,Pre-ASG
1610612746,12,0022300223,9,LAC,LA Clippers,2023-11-20,2023-24,Pre-ASG
1610612759,11,0022300223,18,SAS,San Antonio Spurs,2023-11-20,2023-24,Pre-ASG
1610612744,10,0022300224,14,GSW,Golden State Warriors,2023-11-20,2023-24,Pre-ASG
1610612745,10,0022300224,15,HOU,Houston Rockets,2023-11-20,2023-24,Pre-ASG
1610612743,10,0022300218,15,DEN,Denver Nuggets,2023-11-20,2023-24,Pre-ASG
1610612765,11,0022300218,18,DET,Detroit Pistons,2023-11-20,2023-24,Pre-ASG
1610612738,9,0022300217,12,BOS,Boston Celtics,2023-11-20,2023-24,Pre-ASG
1610612766,9,0022300217,11,CHA,Charlotte Hornets,2023-11-20,2023-24,Pre-ASG
1610612750,11,0022300221,20,MIN,Minnesota Timberwolves,2023-11-20,2023-24,Pre-ASG
1610612752,13,0022300221,13,NYK,New York Knicks,2023-11-20,2023-24,Pre-ASG
1610612749,12,0022300219,13,MIL,Milwaukee Bucks,2023-11-20,2023-24,Pre-ASG
1610612764,14,0022300219,11,WAS,Washington Wizards,2023-11-20,2023-24,Pre-ASG
1610612761,12,0022300211,15,TOR,Toronto Raptors,2023-11-19,2023-24,Pre-ASG
1610612765,10,0022300211,19,DET,Detroit Pistons,2023-11-19,2023-24,Pre-ASG
1610612742,13,0022300212,16,DAL,Dallas Mavericks,2023-11-19,2023-24,Pre-ASG
1610612758,13,0022300212,17,SAC,Sacramento Kings,2023-11-19,2023-24,Pre-ASG
1610612739,11,0022300210,20,CLE,Cleveland Cavaliers,2023-11-19,2023-24,Pre-ASG
1610612743,12,0022300210,15,DEN,Denver Nuggets,2023-11-19,2023-24,Pre-ASG
1610612753,14,0022300209,16,ORL,Orlando Magic,2023-11-19,2023-24,Pre-ASG
1610612754,13,0022300209,20,IND,Indiana Pacers,2023-11-19,2023-24,Pre-ASG
1610612745,10,0022300216,17,HOU,Houston Rockets,2023-11-19,2023-24,Pre-ASG
1610612747,9,0022300216,16,LAL,Los Angeles Lakers,2023-11-19,2023-24,Pre-ASG
1610612738,10,0022300213,12,BOS,Boston Celtics,2023-11-19,2023-24,Pre-ASG
1610612763,10,0022300213,19,MEM,Memphis Grizzlies,2023-11-19,2023-24,Pre-ASG
1610612751,10,0022300208,18,BKN,Brooklyn Nets,2023-11-19,2023-24,Pre-ASG
1610612755,14,0022300208,13,PHI,Philadelphia 76ers,2023-11-19,2023-24,Pre-ASG
1610612756,10,0022300214,19,PHX,Phoenix Suns,2023-11-19,2023-24,Pre-ASG
1610612762,9,0022300214,13,UTA,Utah Jazz,2023-11-19,2023-24,Pre-ASG
1610612757,13,0022300215,13,POR,Portland Trail Blazers,2023-11-19,2023-24,Pre-ASG
1610612760,15,0022300215,17,OKC,Oklahoma City Thunder,2023-11-19,2023-24,Pre-ASG
1610612740,9,0022300203,26,NOP,New Orleans Pelicans,2023-11-18,2023-24,Pre-ASG
1610612750,9,0022300203,20,MIN,Minnesota Timberwolves,2023-11-18,2023-24,Pre-ASG
1610612752,9,0022300202,8,NYK,New York Knicks,2023-11-18,2023-24,Pre-ASG
1610612766,9,0022300202,17,CHA,Charlotte Hornets,2023-11-18,2023-24,Pre-ASG
1610612759,12,0022300206,26,SAS,San Antonio Spurs,2023-11-18,2023-24,Pre-ASG
1610612763,10,0022300206,18,MEM,Memphis Grizzlies,2023-11-18,2023-24,Pre-ASG
1610612744,9,0022300207,15,GSW,Golden State Warriors,2023-11-18,2023-24,Pre-ASG
1610612760,11,0022300207,21,OKC,Oklahoma City Thunder,2023-11-18,2023-24,Pre-ASG
1610612741,10,0022300204,16,CHI,Chicago Bulls,2023-11-18,2023-24,Pre-ASG
1610612748,9,0022300204,11,MIA,Miami Heat,2023-11-18,2023-24,Pre-ASG
1610612742,10,0022300205,20,DAL,Dallas Mavericks,2023-11-18,2023-24,Pre-ASG
1610612749,9,0022300205,12,MIL,Milwaukee Bucks,2023-11-18,2023-24,Pre-ASG
1610612752,12,0022300028,11,NYK,New York Knicks,2023-11-17,2023-24,Pre-ASG
1610612764,13,0022300028,15,WAS,Washington Wizards,2023-11-17,2023-24,Pre-ASG
1610612739,12,0022300030,11,CLE,Cleveland Cavaliers,2023-11-17,2023-24,Pre-ASG
1610612765,11,0022300030,20,DET,Detroit Pistons,2023-11-17,2023-24,Pre-ASG
1610612749,12,0022300027,12,MIL,Milwaukee Bucks,2023-11-17,2023-24,Pre-ASG
1610612766,12,0022300027,19,CHA,Charlotte Hornets,2023-11-17,2023-24,Pre-ASG
1610612758,10,0022300032,13,SAC,Sacramento Kings,2023-11-17,2023-24,Pre-ASG
1610612759,11,0022300032,23,SAS,San Antonio Spurs,2023-11-17,2023-24,Pre-ASG
1610612741,10,0022300033,16,CHI,Chicago Bulls,2023-11-17,2023-24,Pre-ASG
1610612753,10,0022300033,14,ORL,Orlando Magic,2023-11-17,2023-24,Pre-ASG
1610612745,10,0022300037,22,HOU,Houston Rockets,2023-11-17,2023-24,Pre-ASG
1610612746,9,0022300037,16,LAC,LA Clippers,2023-11-17,2023-24,Pre-ASG
1610612747,11,0022300036,12,LAL,Los Angeles Lakers,2023-11-17,2023-24,Pre-ASG
1610612757,11,0022300036,13,POR,Portland Trail Blazers,2023-11-17,2023-24,Pre-ASG
1610612756,11,0022300035,18,PHX,Phoenix Suns,2023-11-17,2023-24,Pre-ASG
1610612762,10,0022300035,13,UTA,Utah Jazz,2023-11-17,2023-24,Pre-ASG
1610612738,8,0022300031,12,BOS,Boston Celtics,2023-11-17,2023-24,Pre-ASG
1610612761,10,0022300031,17,TOR,Toronto Raptors,2023-11-17,2023-24,Pre-ASG
1610612737,9,0022300029,14,ATL,Atlanta Hawks,2023-11-17,2023-24,Pre-ASG
1610612755,10,0022300029,15,PHI,Philadelphia 76ers,2023-11-17,2023-24,Pre-ASG
1610612740,10,0022300034,20,NOP,New Orleans Pelicans,2023-11-17,2023-24,Pre-ASG
1610612743,10,0022300034,18,DEN,Denver Nuggets,2023-11-17,2023-24,Pre-ASG
1610612748,9,0022300200,10,MIA,Miami Heat,2023-11-16,2023-24,Pre-ASG
1610612751,10,0022300200,20,BKN,Brooklyn Nets,2023-11-16,2023-24,Pre-ASG
1610612744,13,0022300201,19,GSW,Golden State Warriors,2023-11-16,2023-24,Pre-ASG
1610612760,11,0022300201,21,OKC,Oklahoma City Thunder,2023-11-16,2023-24,Pre-ASG
1610612738,9,0022300194,12,BOS,Boston Celtics,2023-11-15,2023-24,Pre-ASG
1610612755,11,0022300194,12,PHI,Philadelphia 76ers,2023-11-15,2023-24,Pre-ASG
1610612737,9,0022300193,17,ATL,Atlanta Hawks,2023-11-15,2023-24,Pre-ASG
1610612752,9,0022300193,11,NYK,New York Knicks,2023-11-15,2023-24,Pre-ASG
1610612747,12,0022300198,9,LAL,Los Angeles Lakers,2023-11-15,2023-24,Pre-ASG
1610612758,13,0022300198,14,SAC,Sacramento Kings,2023-11-15,2023-24,Pre-ASG
1610612750,12,0022300197,15,MIN,Minnesota Timberwolves,2023-11-15,2023-24,Pre-ASG
1610612756,12,0022300197,15,PHX,Phoenix Suns,2023-11-15,2023-24,Pre-ASG
1610612739,12,0022300199,16,CLE,Cleveland Cavaliers,2023-11-15,2023-24,Pre-ASG
1610612757,13,0022300199,17,POR,Portland Trail Blazers,2023-11-15,2023-24,Pre-ASG
1610612741,10,0022300196,17,CHI,Chicago Bulls,2023-11-15,2023-24,Pre-ASG
1610612753,10,0022300196,13,ORL,Orlando Magic,2023-11-15,2023-24,Pre-ASG
1610612742,12,0022300192,14,DAL,Dallas Mavericks,2023-11-15,2023-24,Pre-ASG
1610612764,13,0022300192,16,WAS,Washington Wizards,2023-11-15,2023-24,Pre-ASG
1610612749,14,0022300195,17,MIL,Milwaukee Bucks,2023-11-15,2023-24,Pre-ASG
1610612761,13,0022300195,16,TOR,Toronto Raptors,2023-11-15,2023-24,Pre-ASG
1610612757,13,0022300023,14,POR,Portland Trail Blazers,2023-11-14,2023-24,Pre-ASG
1610612762,12,0022300023,10,UTA,Utah Jazz,2023-11-14,2023-24,Pre-ASG
1610612743,10,0022300024,12,DEN,Denver Nuggets,2023-11-14,2023-24,Pre-ASG
1610612746,8,0022300024,15,LAC,LA Clippers,2023-11-14,2023-24,Pre-ASG
1610612759,11,0022300021,16,SAS,San Antonio Spurs,2023-11-14,2023-24,Pre-ASG
1610612760,14,0022300021,17,OKC,Oklahoma City Thunder,2023-11-14,2023-24,Pre-ASG
1610612748,10,0022300017,11,MIA,Miami Heat,2023-11-14,2023-24,Pre-ASG
1610612766,10,0022300017,11,CHA,Charlotte Hornets,2023-11-14,2023-24,Pre-ASG
1610612740,12,0022300022,20,NOP,New Orleans Pelicans,2023-11-14,2023-24,Pre-ASG
1610612742,13,0022300022,18,DAL,Dallas Mavericks,2023-11-14,2023-24,Pre-ASG
1610612737,10,0022300018,10,ATL,Atlanta Hawks,2023-11-14,2023-24,Pre-ASG
1610612765,10,0022300018,17,DET,Detroit Pistons,2023-11-14,2023-24,Pre-ASG
1610612747,11,0022300026,13,LAL,Los Angeles Lakers,2023-11-14,2023-24,Pre-ASG
1610612763,13,0022300026,17,MEM,Memphis Grizzlies,2023-11-14,2023-24,Pre-ASG
1610612751,9,0022300020,18,BKN,Brooklyn Nets,2023-11-14,2023-24,Pre-ASG
1610612753,12,0022300020,16,ORL,Orlando Magic,2023-11-14,2023-24,Pre-ASG
1610612754,11,0022300019,21,IND,Indiana Pacers,2023-11-14,2023-24,Pre-ASG
1610612755,11,0022300019,14,PHI,Philadelphia 76ers,2023-11-14,2023-24,Pre-ASG
1610612744,12,0022300025,23,GSW,Golden State Warriors,2023-11-14,2023-24,Pre-ASG
1610612750,10,0022300025,21,MIN,Minnesota Timberwolves,2023-11-14,2023-24,Pre-ASG
1610612739,11,0022300191,14,CLE,Cleveland Cavaliers,2023-11-13,2023-24,Pre-ASG
1610612758,14,0022300191,14,SAC,Sacramento Kings,2023-11-13,2023-24,Pre-ASG
1610612738,8,0022300188,13,BOS,Boston Celtics,2023-11-13,2023-24,Pre-ASG
1610612752,10,0022300188,12,NYK,New York Knicks,2023-11-13,2023-24,Pre-ASG
1610612741,9,0022300190,15,CHI,Chicago Bulls,2023-11-13,2023-24,Pre-ASG
1610612749,10,0022300190,21,MIL,Milwaukee Bucks,2023-11-13,2023-24,Pre-ASG
1610612761,10,0022300189,14,TOR,Toronto Raptors,2023-11-13,2023-24,Pre-ASG
1610612764,9,0022300189,15,WAS,Washington Wizards,2023-11-13,2023-24,Pre-ASG
1610612746,9,0022300179,18,LAC,LA Clippers,2023-11-12,2023-24,Pre-ASG
1610612763,10,0022300179,17,MEM,Memphis Grizzlies,2023-11-12,2023-24,Pre-ASG
1610612756,10,0022300185,19,PHX,Phoenix Suns,2023-11-12,2023-24,Pre-ASG
1610612760,11,0022300185,16,OKC,Oklahoma City Thunder,2023-11-12,2023-24,Pre-ASG
1610612747,9,0022300187,11,LAL,Los Angeles Lakers,2023-11-12,2023-24,Pre-ASG
1610612757,10,0022300187,13,POR,Portland Trail Blazers,2023-11-12,2023-24,Pre-ASG
1610612743,10,0022300182,12,DEN,Denver Nuggets,2023-11-12,2023-24,Pre-ASG
1610612745,10,0022300182,18,HOU,Houston Rockets,2023-11-12,2023-24,Pre-ASG
1610612752,13,0022300177,11,NYK,New York Knicks,2023-11-12,2023-24,Pre-ASG
1610612766,13,0022300177,17,CHA,Charlotte Hornets,2023-11-12,2023-24,Pre-ASG
1610612751,10,0022300178,16,BKN,Brooklyn Nets,2023-11-12,2023-24,Pre-ASG
1610612764,9,0022300178,15,WAS,Washington Wizards,2023-11-12,2023-24,Pre-ASG
1610612754,10,0022300180,14,IND,Indiana Pacers,2023-11-12,2023-24,Pre-ASG
1610612755,10,0022300180,9,PHI,Philadelphia 76ers,2023-11-12,2023-24,Pre-ASG
1610612744,12,0022300186,17,GSW,Golden State Warriors,2023-11-12,2023-24,Pre-ASG
1610612750,10,0022300186,17,MIN,Minnesota Timberwolves,2023-11-12,2023-24,Pre-ASG
1610612748,9,0022300184,16,MIA,Miami Heat,2023-11-12,2023-24,Pre-ASG
1610612759,9,0022300184,18,SAS,San Antonio Spurs,2023-11-12,2023-24,Pre-ASG
1610612741,9,0022300181,13,CHI,Chicago Bulls,2023-11-12,2023-24,Pre-ASG
1610612765,10,0022300181,14,DET,Detroit Pistons,2023-11-12,2023-24,Pre-ASG
1610612740,12,0022300183,19,NOP,New Orleans Pelicans,2023-11-12,2023-24,Pre-ASG
1610612742,14,0022300183,15,DAL,Dallas Mavericks,2023-11-12,2023-24,Pre-ASG
1610612739,12,0022300176,17,CLE,Cleveland Cavaliers,2023-11-11,2023-24,Pre-ASG
1610612744,13,0022300176,21,GSW,Golden State Warriors,2023-11-11,2023-24,Pre-ASG
1610612737,9,0022300175,12,ATL,Atlanta Hawks,2023-11-11,2023-24,Pre-ASG
1610612748,9,0022300175,11,MIA,Miami Heat,2023-11-11,2023-24,Pre-ASG
1610612749,13,0022300173,25,MIL,Milwaukee Bucks,2023-11-11,2023-24,Pre-ASG
1610612753,9,0022300173,14,ORL,Orlando Magic,2023-11-11,2023-24,Pre-ASG
1610612738,12,0022300174,16,BOS,Boston Celtics,2023-11-11,2023-24,Pre-ASG
1610612761,13,0022300174,15,TOR,Toronto Raptors,2023-11-11,2023-24,Pre-ASG
1610612738,11,0022300010,15,BOS,Boston Celtics,2023-11-10,2023-24,Pre-ASG
1610612751,11,0022300010,16,BKN,Brooklyn Nets,2023-11-10,2023-24,Pre-ASG
1610612762,9,0022300012,8,UTA,Utah Jazz,2023-11-10,2023-24,Pre-ASG
1610612763,10,0022300012,20,MEM,Memphis Grizzlies,2023-11-10,2023-24,Pre-ASG
1610612758,11,0022300016,20,SAC,Sacramento Kings,2023-11-10,2023-24,Pre-ASG
1610612760,10,0022300016,16,OKC,Oklahoma City Thunder,2023-11-10,2023-24,Pre-ASG
1610612764,10,0022300009,14,WAS,Washington Wizards,2023-11-10,2023-24,Pre-ASG
1610612766,9,0022300009,14,CHA,Charlotte Hornets,2023-11-10,2023-24,Pre-ASG
1610612740,10,0022300011,21,NOP,New Orleans Pelicans,2023-11-10,2023-24,Pre-ASG
1610612745,10,0022300011,19,HOU,Houston Rockets,2023-11-10,2023-24,Pre-ASG
1610612750,9,0022300013,17,MIN,Minnesota Timberwolves,2023-11-10,2023-24,Pre-ASG
1610612759,10,0022300013,14,SAS,San Antonio Spurs,2023-11-10,2023-24,Pre-ASG
1610612747,9,0022300015,17,LAL,Los Angeles Lakers,2023-11-10,2023-24,Pre-ASG
1610612756,10,0022300015,17,PHX,Phoenix Suns,2023-11-10,2023-24,Pre-ASG
1610612755,12,0022300008,15,PHI,Philadelphia 76ers,2023-11-10,2023-24,Pre-ASG
1610612765,10,0022300008,21,DET,Detroit Pistons,2023-11-10,2023-24,Pre-ASG
1610612742,12,0022300014,22,DAL,Dallas Mavericks,2023-11-10,2023-24,Pre-ASG
1610612746,12,0022300014,14,LAC,LA Clippers,2023-11-10,2023-24,Pre-ASG
1610612737,10,0022300172,16,ATL,Atlanta Hawks,2023-11-09,2023-24,Pre-ASG
1610612753,11,0022300172,15,ORL,Orlando Magic,2023-11-09,2023-24,Pre-ASG
1610612749,10,0022300171,20,MIL,Milwaukee Bucks,2023-11-09,2023-24,Pre-ASG
1610612754,10,0022300171,17,IND,Indiana Pacers,2023-11-09,2023-24,Pre-ASG
1610612764,14,0022300157,18,WAS,Washington Wizards,2023-11-08,2023-24,Pre-ASG
1610612766,12,0022300157,19,CHA,Charlotte Hornets,2023-11-08,2023-24,Pre-ASG
1610612740,11,0022300166,13,NOP,New Orleans Pelicans,2023-11-08,2023-24,Pre-ASG
1610612750,13,0022300166,19,MIN,Minnesota Timberwolves,2023-11-08,2023-24,Pre-ASG
1610612749,10,0022300165,17,MIL,Milwaukee Bucks,2023-11-08,2023-24,Pre-ASG
1610612765,9,0022300165,19,DET,Detroit Pistons,2023-11-08,2023-24,Pre-ASG
1610612742,11,0022300168,20,DAL,Dallas Mavericks,2023-11-08,2023-24,Pre-ASG
1610612761,10,0022300168,15,TOR,Toronto Raptors,2023-11-08,2023-24,Pre-ASG
1610612739,9,0022300167,17,CLE,Cleveland Cavaliers,2023-11-08,2023-24,Pre-ASG
1610612760,11,0022300167,24,OKC,Oklahoma City Thunder,2023-11-08,2023-24,Pre-ASG
1610612743,11,0022300169,12,DEN,Denver Nuggets,2023-11-08,2023-24,Pre-ASG
1610612744,10,0022300169,13,GSW,Golden State Warriors,2023-11-08,2023-24,Pre-ASG
1610612741,10,0022300162,15,CHI,Chicago Bulls,2023-11-08,2023-24,Pre-ASG
1610612756,11,0022300162,16,PHX,Phoenix Suns,2023-11-08,2023-24,Pre-ASG
1610612746,9,0022300160,15,LAC,LA Clippers,2023-11-08,2023-24,Pre-ASG
1610612751,9,0022300160,15,BKN,Brooklyn Nets,2023-11-08,2023-24,Pre-ASG
1610612757,11,0022300170,18,POR,Portland Trail Blazers,2023-11-08,2023-24,Pre-ASG
1610612758,10,0022300170,24,SAC,Sacramento Kings,2023-11-08,2023-24,Pre-ASG
1610612752,14,0022300161,11,NYK,New York Knicks,2023-11-08,2023-24,Pre-ASG
1610612759,14,0022300161,20,SAS,San Antonio Spurs,2023-11-08,2023-24,Pre-ASG
1610612738,9,0022300159,13,BOS,Boston Celtics,2023-11-08,2023-24,Pre-ASG
1610612755,10,0022300159,13,PHI,Philadelphia 76ers,2023-11-08,2023-24,Pre-ASG
1610612748,10,0022300164,14,MIA,Miami Heat,2023-11-08,2023-24,Pre-ASG
1610612763,10,0022300164,16,MEM,Memphis Grizzlies,2023-11-08,2023-24,Pre-ASG
1610612754,9,0022300158,13,IND,Indiana Pacers,2023-11-08,2023-24,Pre-ASG
1610612762,10,0022300158,16,UTA,Utah Jazz,2023-11-08,2023-24,Pre-ASG
1610612745,13,0022300163,20,HOU,Houston Rockets,2023-11-08,2023-24,Pre-ASG
1610612747,11,0022300163,15,LAL,Los Angeles Lakers,2023-11-08,2023-24,Pre-ASG
1610612737,9,0022300155,8,ATL,Atlanta Hawks,2023-11-06,2023-24,Pre-ASG
1610612760,10,0022300155,14,OKC,Oklahoma City Thunder,2023-11-06,2023-24,Pre-ASG
1610612740,10,0022300156,17,NOP,New Orleans Pelicans,2023-11-06,2023-24,Pre-ASG
1610612743,13,0022300156,14,DEN,Denver Nuggets,2023-11-06,2023-24,Pre-ASG
1610612754,14,0022300146,14,IND,Indiana Pacers,2023-11-06,2023-24,Pre-ASG
1610612759,14,0022300146,15,SAS,San Antonio Spurs,2023-11-06,2023-24,Pre-ASG
1610612738,10,0022300154,18,BOS,Boston Celtics,2023-11-06,2023-24,Pre-ASG
1610612750,10,0022300154,21,MIN,Minnesota Timberwolves,2023-11-06,2023-24,Pre-ASG
1610612755,15,0022300148,14,PHI,Philadelphia 76ers,2023-11-06,2023-24,Pre-ASG
1610612764,14,0022300148,10,WAS,Washington Wizards,2023-11-06,2023-24,Pre-ASG
1610612741,13,0022300152,12,CHI,Chicago Bulls,2023-11-06,2023-24,Pre-ASG
1610612762,13,0022300152,16,UTA,Utah Jazz,2023-11-06,2023-24,Pre-ASG
1610612747,8,0022300150,13,LAL,Los Angeles Lakers,2023-11-06,2023-24,Pre-ASG
1610612748,9,0022300150,12,MIA,Miami Heat,2023-11-06,2023-24,Pre-ASG
1610612749,10,0022300149,16,MIL,Milwaukee Bucks,2023-11-06,2023-24,Pre-ASG
1610612751,9,0022300149,15,BKN,Brooklyn Nets,2023-11-06,2023-24,Pre-ASG
1610612744,12,0022300145,13,GSW,Golden State Warriors,2023-11-06,2023-24,Pre-ASG
1610612765,9,0022300145,13,DET,Detroit Pistons,2023-11-06,2023-24,Pre-ASG
1610612742,9,0022300147,18,DAL,Dallas Mavericks,2023-11-06,2023-24,Pre-ASG
1610612753,9,0022300147,11,ORL,Orlando Magic,2023-11-06,2023-24,Pre-ASG
1610612746,12,0022300151,17,LAC,LA Clippers,2023-11-06,2023-24,Pre-ASG
1610612752,9,0022300151,9,NYK,New York Knicks,2023-11-06,2023-24,Pre-ASG
1610612745,14,0022300153,10,HOU,Houston Rockets,2023-11-06,2023-24,Pre-ASG
1610612758,14,0022300153,16,SAC,Sacramento Kings,2023-11-06,2023-24,Pre-ASG
1610612759,10,0022300141,25,SAS,San Antonio Spurs,2023-11-05,2023-24,Pre-ASG
1610612761,10,0022300141,18,TOR,Toronto Raptors,2023-11-05,2023-24,Pre-ASG
1610612757,9,0022300144,12,POR,Portland Trail Blazers,2023-11-05,2023-24,Pre-ASG
1610612763,10,0022300144,18,MEM,Memphis Grizzlies,2023-11-05,2023-24,Pre-ASG
1610612739,11,0022300142,17,CLE,Cleveland Cavaliers,2023-11-05,2023-24,Pre-ASG
1610612744,13,0022300142,23,GSW,Golden State Warriors,2023-11-05,2023-24,Pre-ASG
1610612742,10,0022300143,16,DAL,Dallas Mavericks,2023-11-05,2023-24,Pre-ASG
1610612766,10,0022300143,16,CHA,Charlotte Hornets,2023-11-05,2023-24,Pre-ASG
1610612756,13,0022300140,17,PHX,Phoenix Suns,2023-11-05,2023-24,Pre-ASG
1610612765,11,0022300140,15,DET,Detroit Pistons,2023-11-05,2023-24,Pre-ASG
1610612747,12,0022300134,12,LAL,Los Angeles Lakers,2023-11-04,2023-24,Pre-ASG
1610612753,13,0022300134,11,ORL,Orlando Magic,2023-11-04,2023-24,Pre-ASG
1610612738,9,0022300136,14,BOS,Boston Celtics,2023-11-04,2023-24,Pre-ASG
1610612751,11,0022300136,16,BKN,Brooklyn Nets,2023-11-04,2023-24,Pre-ASG
1610612737,9,0022300135,15,ATL,Atlanta Hawks,2023-11-04,2023-24,Pre-ASG
1610612740,11,0022300135,18,NOP,New Orleans Pelicans,2023-11-04,2023-24,Pre-ASG
1610612741,13,0022300139,17,CHI,Chicago Bulls,2023-11-04,2023-24,Pre-ASG
1610612743,14,0022300139,20,DEN,Denver Nuggets,2023-11-04,2023-24,Pre-ASG
1610612745,12,0022300137,16,HOU,Houston Rockets,2023-11-04,2023-24,Pre-ASG
1610612758,14,0022300137,16,SAC,Sacramento Kings,2023-11-04,2023-24,Pre-ASG
1610612754,10,0022300133,14,IND,Indiana Pacers,2023-11-04,2023-24,Pre-ASG
1610612766,9,0022300133,13,CHA,Charlotte Hornets,2023-11-04,2023-24,Pre-ASG
1610612755,12,0022300132,13,PHI,Philadelphia 76ers,2023-11-04,2023-24,Pre-ASG
1610612756,12,0022300132,19,PHX,Phoenix Suns,2023-11-04,2023-24,Pre-ASG
1610612750,13,0022300138,18,MIN,Minnesota Timberwolves,2023-11-04,2023-24,Pre-ASG
1610612762,12,0022300138,17,UTA,Utah Jazz,2023-11-04,2023-24,Pre-ASG
1610612742,12,0022300006,22,DAL,Dallas Mavericks,2023-11-03,2023-24,Pre-ASG
1610612743,9,0022300006,9,DEN,Denver Nuggets,2023-11-03,2023-24,Pre-ASG
1610612744,10,0022300005,22,GSW,Golden State Warriors,2023-11-03,2023-24,Pre-ASG
1610612760,10,0022300005,15,OKC,Oklahoma City Thunder,2023-11-03,2023-24,Pre-ASG
1610612757,9,0022300007,8,POR,Portland Trail Blazers,2023-11-03,2023-24,Pre-ASG
1610612763,11,0022300007,18,MEM,Memphis Grizzlies,2023-11-03,2023-24,Pre-ASG
1610612741,9,0022300004,13,CHI,Chicago Bulls,2023-11-03,2023-24,Pre-ASG
1610612751,9,0022300004,11,BKN,Brooklyn Nets,2023-11-03,2023-24,Pre-ASG
1610612749,10,0022300002,19,MIL,Milwaukee Bucks,2023-11-03,2023-24,Pre-ASG
1610612752,9,0022300002,14,NYK,New York Knicks,2023-11-03,2023-24,Pre-ASG
1610612748,9,0022300003,10,MIA,Miami Heat,2023-11-03,2023-24,Pre-ASG
1610612764,14,0022300003,14,WAS,Washington Wizards,2023-11-03,2023-24,Pre-ASG
1610612739,10,0022300001,18,CLE,Cleveland Cavaliers,2023-11-03,2023-24,Pre-ASG
1610612754,9,0022300001,14,IND,Indiana Pacers,2023-11-03,2023-24,Pre-ASG
1610612755,12,0022300128,11,PHI,Philadelphia 76ers,2023-11-02,2023-24,Pre-ASG
1610612761,12,0022300128,15,TOR,Toronto Raptors,2023-11-02,2023-24,Pre-ASG
1610612740,9,0022300129,18,NOP,New Orleans Pelicans,2023-11-02,2023-24,Pre-ASG
1610612765,10,0022300129,23,DET,Detroit Pistons,2023-11-02,2023-24,Pre-ASG
1610612756,10,0022300131,18,PHX,Phoenix Suns,2023-11-02,2023-24,Pre-ASG
1610612759,10,0022300131,27,SAS,San Antonio Spurs,2023-11-02,2023-24,Pre-ASG
1610612753,10,0022300130,16,ORL,Orlando Magic,2023-11-02,2023-24,Pre-ASG
1610612762,12,0022300130,17,UTA,Utah Jazz,2023-11-02,2023-24,Pre-ASG
1610612744,11,0022300126,16,GSW,Golden State Warriors,2023-11-01,2023-24,Pre-ASG
1610612758,10,0022300126,11,SAC,Sacramento Kings,2023-11-01,2023-24,Pre-ASG
1610612746,9,0022300127,16,LAC,LA Clippers,2023-11-01,2023-24,Pre-ASG
1610612747,8,0022300127,16,LAL,Los Angeles Lakers,2023-11-01,2023-24,Pre-ASG
1610612737,9,0022300117,18,ATL,Atlanta Hawks,2023-11-01,2023-24,Pre-ASG
1610612764,14,0022300117,17,WAS,Washington Wizards,2023-11-01,2023-24,Pre-ASG
1610612762,12,0022300125,17,UTA,Utah Jazz,2023-11-01,2023-24,Pre-ASG
1610612763,12,0022300125,16,MEM,Memphis Grizzlies,2023-11-01,2023-24,Pre-ASG
1610612739,9,0022300120,16,CLE,Cleveland Cavaliers,2023-11-01,2023-24,Pre-ASG
1610612752,9,0022300120,8,NYK,New York Knicks,2023-11-01,2023-24,Pre-ASG
1610612743,14,0022300123,17,DEN,Denver Nuggets,2023-11-01,2023-24,Pre-ASG
1610612750,12,0022300123,15,MIN,Minnesota Timberwolves,2023-11-01,2023-24,Pre-ASG
1610612740,10,0022300121,16,NOP,New Orleans Pelicans,2023-11-01,2023-24,Pre-ASG
1610612760,11,0022300121,21,OKC,Oklahoma City Thunder,2023-11-01,2023-24,Pre-ASG
1610612749,14,0022300116,20,MIL,Milwaukee Bucks,2023-11-01,2023-24,Pre-ASG
1610612761,11,0022300116,19,TOR,Toronto Raptors,2023-11-01,2023-24,Pre-ASG
1610612738,13,0022300118,14,BOS,Boston Celtics,2023-11-01,2023-24,Pre-ASG
1610612754,12,0022300118,15,IND,Indiana Pacers,2023-11-01,2023-24,Pre-ASG
1610612741,10,0022300124,13,CHI,Chicago Bulls,2023-11-01,2023-24,Pre-ASG
1610612742,11,0022300124,15,DAL,Dallas Mavericks,2023-11-01,2023-24,Pre-ASG
1610612748,9,0022300119,13,MIA,Miami Heat,2023-11-01,2023-24,Pre-ASG
1610612751,10,0022300119,17,BKN,Brooklyn Nets,2023-11-01,2023-24,Pre-ASG
1610612745,10,0022300122,19,HOU,Houston Rockets,2023-11-01,2023-24,Pre-ASG
1610612766,9,0022300122,12,CHA,Charlotte Hornets,2023-11-01,2023-24,Pre-ASG
1610612757,10,0022300115,14,POR,Portland Trail Blazers,2023-11-01,2023-24,Pre-ASG
1610612765,10,0022300115,20,DET,Detroit Pistons,2023-11-01,2023-24,Pre-ASG
1610612739,12,0022300112,21,CLE,Cleveland Cavaliers,2023-10-31,2023-24,Pre-ASG
1610612752,14,0022300112,13,NYK,New York Knicks,2023-10-31,2023-24,Pre-ASG
1610612746,11,0022300114,18,LAC,LA Clippers,2023-10-31,2023-24,Pre-ASG
1610612753,14,0022300114,12,ORL,Orlando Magic,2023-10-31,2023-24,Pre-ASG
1610612756,9,0022300113,13,PHX,Phoenix Suns,2023-10-31,2023-24,Pre-ASG
1610612759,11,0022300113,21,SAS,San Antonio Spurs,2023-10-31,2023-24,Pre-ASG
1610612738,13,0022300103,16,BOS,Boston Celtics,2023-10-30,2023-24,Pre-ASG
1610612764,14,0022300103,14,WAS,Washington Wizards,2023-10-30,2023-24,Pre-ASG
1610612740,11,0022300108,20,NOP,New Orleans Pelicans,2023-10-30,2023-24,Pre-ASG
1610612744,13,0022300108,16,GSW,Golden State Warriors,2023-10-30,2023-24,Pre-ASG
1610612751,9,0022300101,12,BKN,Brooklyn Nets,2023-10-30,2023-24,Pre-ASG
1610612766,9,0022300101,14,CHA,Charlotte Hornets,2023-10-30,2023-24,Pre-ASG
1610612743,10,0022300110,12,DEN,Denver Nuggets,2023-10-30,2023-24,Pre-ASG
1610612762,10,0022300110,13,UTA,Utah Jazz,2023-10-30,2023-24,Pre-ASG
1610612747,9,0022300111,15,LAL,Los Angeles Lakers,2023-10-30,2023-24,Pre-ASG
1610612753,11,0022300111,11,ORL,Orlando Magic,2023-10-30,2023-24,Pre-ASG
1610612760,12,0022300109,13,OKC,Oklahoma City Thunder,2023-10-30,2023-24,Pre-ASG
1610612765,12,0022300109,19,DET,Detroit Pistons,2023-10-30,2023-24,Pre-ASG
1610612748,10,0022300107,10,MIA,Miami Heat,2023-10-30,2023-24,Pre-ASG
1610612749,10,0022300107,16,MIL,Milwaukee Bucks,2023-10-30,2023-24,Pre-ASG
1610612757,9,0022300105,13,POR,Portland Trail Blazers,2023-10-30,2023-24,Pre-ASG
1610612761,10,0022300105,14,TOR,Toronto Raptors,2023-10-30,2023-24,Pre-ASG
1610612737,12,0022300104,13,ATL,Atlanta Hawks,2023-10-30,2023-24,Pre-ASG
1610612750,13,0022300104,15,MIN,Minnesota Timberwolves,2023-10-30,2023-24,Pre-ASG
1610612741,10,0022300102,14,CHI,Chicago Bulls,2023-10-30,2023-24,Pre-ASG
1610612754,9,0022300102,18,IND,Indiana Pacers,2023-10-30,2023-24,Pre-ASG
1610612742,11,0022300106,20,DAL,Dallas Mavericks,2023-10-30,2023-24,Pre-ASG
1610612763,13,0022300106,10,MEM,Memphis Grizzlies,2023-10-30,2023-24,Pre-ASG
1610612737,13,0022300097,15,ATL,Atlanta Hawks,2023-10-29,2023-24,Pre-ASG
1610612749,14,0022300097,16,MIL,Milwaukee Bucks,2023-10-29,2023-24,Pre-ASG
1610612744,10,0022300096,12,GSW,Golden State Warriors,2023-10-29,2023-24,Pre-ASG
1610612745,9,0022300096,15,HOU,Houston Rockets,2023-10-29,2023-24,Pre-ASG
1610612743,14,0022300095,12,DEN,Denver Nuggets,2023-10-29,2023-24,Pre-ASG
1610612760,14,0022300095,16,OKC,Oklahoma City Thunder,2023-10-29,2023-24,Pre-ASG
1610612747,10,0022300100,15,LAL,Los Angeles Lakers,2023-10-29,2023-24,Pre-ASG
1610612758,11,0022300100,19,SAC,Sacramento Kings,2023-10-29,2023-24,Pre-ASG
1610612746,13,0022300099,11,LAC,LA Clippers,2023-10-29,2023-24,Pre-ASG
1610612759,14,0022300099,17,SAS,San Antonio Spurs,2023-10-29,2023-24,Pre-ASG
1610612755,13,0022300098,13,PHI,Philadelphia 76ers,2023-10-29,2023-24,Pre-ASG
1610612757,12,0022300098,15,POR,Portland Trail Blazers,2023-10-29,2023-24,Pre-ASG
1610612741,13,0022300088,17,CHI,Chicago Bulls,2023-10-28,2023-24,Pre-ASG
1610612765,11,0022300088,14,DET,Detroit Pistons,2023-10-28,2023-24,Pre-ASG
1610612739,11,0022300091,15,CLE,Cleveland Cavaliers,2023-10-28,2023-24,Pre-ASG
1610612754,10,0022300091,15,IND,Indiana Pacers,2023-10-28,2023-24,Pre-ASG
1610612756,14,0022300094,14,PHX,Phoenix Suns,2023-10-28,2023-24,Pre-ASG
1610612762,13,0022300094,13,UTA,Utah Jazz,2023-10-28,2023-24,Pre-ASG
1610612763,10,0022300089,18,MEM,Memphis Grizzlies,2023-10-28,2023-24,Pre-ASG
1610612764,10,0022300089,17,WAS,Washington Wizards,2023-10-28,2023-24,Pre-ASG
1610612740,12,0022300090,24,NOP,New Orleans Pelicans,2023-10-28,2023-24,Pre-ASG
1610612752,13,0022300090,15,NYK,New York Knicks,2023-10-28,2023-24,Pre-ASG
1610612748,12,0022300093,12,MIA,Miami Heat,2023-10-28,2023-24,Pre-ASG
1610612750,12,0022300093,16,MIN,Minnesota Timberwolves,2023-10-28,2023-24,Pre-ASG
1610612755,10,0022300092,11,PHI,Philadelphia 76ers,2023-10-28,2023-24,Pre-ASG
1610612761,10,0022300092,15,TOR,Toronto Raptors,2023-10-28,2023-24,Pre-ASG
1610612743,10,0022300078,10,DEN,Denver Nuggets,2023-10-27,2023-24,Pre-ASG
1610612763,9,0022300078,18,MEM,Memphis Grizzlies,2023-10-27,2023-24,Pre-ASG
1610612739,9,0022300081,22,CLE,Cleveland Cavaliers,2023-10-27,2023-24,Pre-ASG
1610612760,11,0022300081,21,OKC,Oklahoma City Thunder,2023-10-27,2023-24,Pre-ASG
1610612741,10,0022300082,13,CHI,Chicago Bulls,2023-10-27,2023-24,Pre-ASG
1610612761,11,0022300082,23,TOR,Toronto Raptors,2023-10-27,2023-24,Pre-ASG
1610612744,10,0022300087,21,GSW,Golden State Warriors,2023-10-27,2023-24,Pre-ASG
1610612758,11,0022300087,12,SAC,Sacramento Kings,2023-10-27,2023-24,Pre-ASG
1610612745,10,0022300083,12,HOU,Houston Rockets,2023-10-27,2023-24,Pre-ASG
1610612759,10,0022300083,21,SAS,San Antonio Spurs,2023-10-27,2023-24,Pre-ASG
1610612737,9,0022300079,9,ATL,Atlanta Hawks,2023-10-27,2023-24,Pre-ASG
1610612752,9,0022300079,12,NYK,New York Knicks,2023-10-27,2023-24,Pre-ASG
1610612746,9,0022300085,11,LAC,LA Clippers,2023-10-27,2023-24,Pre-ASG
1610612762,10,0022300085,15,UTA,Utah Jazz,2023-10-27,2023-24,Pre-ASG
1610612742,11,0022300084,18,DAL,Dallas Mavericks,2023-10-27,2023-24,Pre-ASG
1610612751,9,0022300084,17,BKN,Brooklyn Nets,2023-10-27,2023-24,Pre-ASG
1610612753,10,0022300086,12,ORL,Orlando Magic,2023-10-27,2023-24,Pre-ASG
1610612757,10,0022300086,16,POR,Portland Trail Blazers,2023-10-27,2023-24,Pre-ASG
1610612765,10,0022300077,21,DET,Detroit Pistons,2023-10-27,2023-24,Pre-ASG
1610612766,9,0022300077,17,CHA,Charlotte Hornets,2023-10-27,2023-24,Pre-ASG
1610612738,9,0022300080,15,BOS,Boston Celtics,2023-10-27,2023-24,Pre-ASG
1610612748,10,0022300080,12,MIA,Miami Heat,2023-10-27,2023-24,Pre-ASG
1610612747,10,0022300076,14,LAL,Los Angeles Lakers,2023-10-26,2023-24,Pre-ASG
1610612756,9,0022300076,11,PHX,Phoenix Suns,2023-10-26,2023-24,Pre-ASG
1610612749,10,0022300075,19,MIL,Milwaukee Bucks,2023-10-26,2023-24,Pre-ASG
1610612755,10,0022300075,16,PHI,Philadelphia 76ers,2023-10-26,2023-24,Pre-ASG
1610612748,10,0022300068,15,MIA,Miami Heat,2023-10-25,2023-24,Pre-ASG
1610612765,10,0022300068,12,DET,Detroit Pistons,2023-10-25,2023-24,Pre-ASG
1610612742,10,0022300073,18,DAL,Dallas Mavericks,2023-10-25,2023-24,Pre-ASG
1610612759,10,0022300073,23,SAS,San Antonio Spurs,2023-10-25,2023-24,Pre-ASG
1610612745,14,0022300066,21,HOU,Houston Rockets,2023-10-25,2023-24,Pre-ASG
1610612753,15,0022300066,11,ORL,Orlando Magic,2023-10-25,2023-24,Pre-ASG
1610612737,9,0022300063,15,ATL,Atlanta Hawks,2023-10-25,2023-24,Pre-ASG
1610612766,10,0022300063,13,CHA,Charlotte Hornets,2023-10-25,2023-24,Pre-ASG
1610612739,9,0022300067,16,CLE,Cleveland Cavaliers,2023-10-25,2023-24,Pre-ASG
1610612751,10,0022300067,27,BKN,Brooklyn Nets,2023-10-25,2023-24,Pre-ASG
1610612740,10,0022300071,16,NOP,New Orleans Pelicans,2023-10-25,2023-24,Pre-ASG
1610612763,9,0022300071,15,MEM,Memphis Grizzlies,2023-10-25,2023-24,Pre-ASG
1610612754,14,0022300064,17,IND,Indiana Pacers,2023-10-25,2023-24,Pre-ASG
1610612764,14,0022300064,13,WAS,Washington Wizards,2023-10-25,2023-24,Pre-ASG
1610612758,15,0022300072,16,SAC,Sacramento Kings,2023-10-25,2023-24,Pre-ASG
1610612762,15,0022300072,13,UTA,Utah Jazz,2023-10-25,2023-24,Pre-ASG
1610612750,9,0022300069,17,MIN,Minnesota Timberwolves,2023-10-25,2023-24,Pre-ASG
1610612761,10,0022300069,19,TOR,Toronto Raptors,2023-10-25,2023-24,Pre-ASG
1610612746,14,0022300074,13,LAC,LA Clippers,2023-10-25,2023-24,Pre-ASG
1610612757,12,0022300074,16,POR,Portland Trail Blazers,2023-10-25,2023-24,Pre-ASG
1610612741,12,0022300070,17,CHI,Chicago Bulls,2023-10-25,2023-24,Pre-ASG
1610612760,13,0022300070,22,OKC,Oklahoma City Thunder,2023-10-25,2023-24,Pre-ASG
1610612738,9,0022300065,19,BOS,Boston Celtics,2023-10-25,2023-24,Pre-ASG
1610612752,9,0022300065,13,NYK,New York Knicks,2023-10-25,2023-24,Pre-ASG
1610612744,10,0022300062,17,GSW,Golden State Warriors,2023-10-24,2023-24,Pre-ASG
1610612756,10,0022300062,16,PHX,Phoenix Suns,2023-10-24,2023-24,Pre-ASG
1610612743,12,0022300061,11,DEN,Denver Nuggets,2023-10-24,2023-24,Pre-ASG
1610612747,12,0022300061,18,LAL,Los Angeles Lakers,2023-10-24,2023-24,Pre-ASG
1610612737,9,0022401186,14,ATL,Atlanta Hawks,2025-04-13,2024-25,Post-ASG
1610612753,10,0022401186,15,ORL,Orlando Magic,2025-04-13,2024-25,Post-ASG
1610612747,8,0022401199,15,LAL,Los Angeles Lakers,2025-04-13,2024-25,Post-ASG
1610612757,9,0022401199,11,POR,Portland Trail Blazers,2025-04-13,2024-25,Post-ASG
1610612744,9,0022401198,16,GSW,Golden State Warriors,2025-04-13,2024-25,Post-ASG
1610612746,9,0022401198,11,LAC,LA Clippers,2025-04-13,2024-25,Post-ASG
1610612740,8,0022401196,14,NOP,New Orleans Pelicans,2025-04-13,2024-25,Post-ASG
1610612760,9,0022401196,16,OKC,Oklahoma City Thunder,2025-04-13,2024-25,Post-ASG
1610612759,10,0022401197,15,SAS,San Antonio Spurs,2025-04-13,2024-25,Post-ASG
1610612761,8,0022401197,16,TOR,Toronto Raptors,2025-04-13,2024-25,Post-ASG
1610612753,10,0022401172,16,ORL,Orlando Magic,2025-04-11,2024-25,Post-ASG
1610612754,10,0022401172,14,IND,Indiana Pacers,2025-04-11,2024-25,Post-ASG
1610612743,9,0022401180,16,DEN,Denver Nuggets,2025-04-11,2024-25,Post-ASG
1610612763,10,0022401180,19,MEM,Memphis Grizzlies,2025-04-11,2024-25,Post-ASG
1610612740,8,0022401177,12,NOP,New Orleans Pelicans,2025-04-11,2024-25,Post-ASG
1610612748,13,0022401177,10,MIA,Miami Heat,2025-04-11,2024-25,Post-ASG
1610612752,9,0022401167,10,NYK,New York Knicks,2025-04-10,2024-25,Post-ASG
1610612765,10,0022401167,19,DET,Detroit Pistons,2025-04-10,2024-25,Post-ASG
1610612750,12,0022401170,16,MIN,Minnesota Timberwolves,2025-04-10,2024-25,Post-ASG
1610612763,14,0022401170,19,MEM,Memphis Grizzlies,2025-04-10,2024-25,Post-ASG
1610612740,8,0022401161,11,NOP,New Orleans Pelicans,2025-04-10,2024-25,Post-ASG
1610612749,14,0022401161,14,MIL,Milwaukee Bucks,2025-04-10,2024-25,Post-ASG
1610612739,10,0022401168,17,CLE,Cleveland Cavaliers,2025-04-10,2024-25,Post-ASG
1610612754,10,0022401168,15,IND,Indiana Pacers,2025-04-10,2024-25,Post-ASG
1610612755,9,0022401157,14,PHI,Philadelphia 76ers,2025-04-09,2024-25,Post-ASG
1610612764,9,0022401157,15,WAS,Washington Wizards,2025-04-09,2024-25,Post-ASG
1610612747,12,0022401153,22,LAL,Los Angeles Lakers,2025-04-08,2024-25,Post-ASG
1610612760,13,0022401153,19,OKC,Oklahoma City Thunder,2025-04-08,2024-25,Post-ASG
1610612758,10,0022401144,12,SAC,Sacramento Kings,2025-04-07,2024-25,Post-ASG
1610612765,10,0022401144,17,DET,Detroit Pistons,2025-04-07,2024-25,Post-ASG
1610612744,14,0022401143,18,GSW,Golden State Warriors,2025-04-06,2024-25,Post-ASG
1610612745,13,0022401143,20,HOU,Houston Rockets,2025-04-06,2024-25,Post-ASG
1610612743,9,0022401142,9,DEN,Denver Nuggets,2025-04-06,2024-25,Post-ASG
1610612754,11,0022401142,15,IND,Indiana Pacers,2025-04-06,2024-25,Post-ASG
1610612741,10,0022401122,17,CHI,Chicago Bulls,2025-04-04,2024-25,Post-ASG
1610612757,9,0022401122,14,POR,Portland Trail Blazers,2025-04-04,2024-25,Post-ASG
1610612749,14,0022401115,12,MIL,Milwaukee Bucks,2025-04-03,2024-25,Post-ASG
1610612755,10,0022401115,19,PHI,Philadelphia 76ers,2025-04-03,2024-25,Post-ASG
1610612753,11,0022401112,13,ORL,Orlando Magic,2025-04-03,2024-25,Post-ASG
1610612764,9,0022401112,16,WAS,Washington Wizards,2025-04-03,2024-25,Post-ASG
1610612738,12,0022401106,12,BOS,Boston Celtics,2025-04-02,2024-25,Post-ASG
1610612748,12,0022401106,14,MIA,Miami Heat,2025-04-02,2024-25,Post-ASG
1610612743,9,0022401110,15,DEN,Denver Nuggets,2025-04-02,2024-25,Post-ASG
1610612759,9,0022401110,17,SAS,San Antonio Spurs,2025-04-02,2024-25,Post-ASG
1610612748,12,0022401092,15,MIA,Miami Heat,2025-03-31,2024-25,Post-ASG
1610612764,9,0022401092,17,WAS,Washington Wizards,2025-03-31,2024-25,Post-ASG
1610612755,9,0022401087,14,PHI,Philadelphia 76ers,2025-03-30,2024-25,Post-ASG
1610612761,10,0022401087,16,TOR,Toronto Raptors,2025-03-30,2024-25,Post-ASG
1610612745,13,0022401088,18,HOU,Houston Rockets,2025-03-30,2024-25,Post-ASG
1610612756,15,0022401088,17,PHX,Phoenix Suns,2025-03-30,2024-25,Post-ASG
1610612741,9,0022401077,14,CHI,Chicago Bulls,2025-03-29,2024-25,Post-ASG
1610612742,11,0022401077,16,DAL,Dallas Mavericks,2025-03-29,2024-25,Post-ASG
1610612754,14,0022401061,16,IND,Indiana Pacers,2025-03-27,2024-25,Post-ASG
1610612764,11,0022401061,18,WAS,Washington Wizards,2025-03-27,2024-25,Post-ASG
1610612740,11,0022401141,18,NOP,New Orleans Pelicans,2025-03-13,2024-25,Post-ASG
1610612753,12,0022401141,16,ORL,Orlando Magic,2025-03-13,2024-25,Post-ASG
1610612764,12,0022400941,15,WAS,Washington Wizards,2025-03-11,2024-25,Post-ASG
1610612765,13,0022400941,13,DET,Detroit Pistons,2025-03-11,2024-25,Post-ASG
1610612741,10,0022400944,18,CHI,Chicago Bulls,2025-03-06,2024-25,Post-ASG
1610612753,11,0022400944,16,ORL,Orlando Magic,2025-03-06,2024-25,Post-ASG
1610612740,9,0022400902,13,NOP,New Orleans Pelicans,2025-03-06,2024-25,Post-ASG
1610612745,9,0022400902,14,HOU,Houston Rockets,2025-03-06,2024-25,Post-ASG
1610612760,11,0022400895,16,OKC,Oklahoma City Thunder,2025-03-05,2024-25,Post-ASG
1610612763,13,0022400895,17,MEM,Memphis Grizzlies,2025-03-05,2024-25,Post-ASG
1610612739,10,0022400893,17,CLE,Cleveland Cavaliers,2025-03-05,2024-25,Post-ASG
1610612748,9,0022400893,13,MIA,Miami Heat,2025-03-05,2024-25,Post-ASG
1610612746,9,0022400898,9,LAC,LA Clippers,2025-03-05,2024-25,Post-ASG
1610612765,9,0022400898,16,DET,Detroit Pistons,2025-03-05,2024-25,Post-ASG
1610612762,9,0022400894,14,UTA,Utah Jazz,2025-03-05,2024-25,Post-ASG
1610612764,9,0022400894,18,WAS,Washington Wizards,2025-03-05,2024-25,Post-ASG
1610612743,8,0022400896,14,DEN,Denver Nuggets,2025-03-05,2024-25,Post-ASG
1610612758,10,0022400896,13,SAC,Sacramento Kings,2025-03-05,2024-25,Post-ASG
1610612742,8,0022400897,12,DAL,Dallas Mavericks,2025-03-05,2024-25,Post-ASG
1610612749,13,0022400897,9,MIL,Milwaukee Bucks,2025-03-05,2024-25,Post-ASG
1610612750,9,0022400892,14,MIN,Minnesota Timberwolves,2025-03-05,2024-25,Post-ASG
1610612766,10,0022400892,18,CHA,Charlotte Hornets,2025-03-05,2024-25,Post-ASG
1610612738,10,0022400891,16,BOS,Boston Celtics,2025-03-05,2024-25,Post-ASG
1610612757,10,0022400891,20,POR,Portland Trail Blazers,2025-03-05,2024-25,Post-ASG
1610612751,12,0022400888,19,BKN,Brooklyn Nets,2025-03-04,2024-25,Post-ASG
1610612759,12,0022400888,14,SAS,San Antonio Spurs,2025-03-04,2024-25,Post-ASG
1610612737,9,0022400884,13,ATL,Atlanta Hawks,2025-03-04,2024-25,Post-ASG
1610612749,9,0022400884,11,MIL,Milwaukee Bucks,2025-03-04,2024-25,Post-ASG
1610612740,11,0022400890,16,NOP,New Orleans Pelicans,2025-03-04,2024-25,Post-ASG
1610612747,11,0022400890,19,LAL,Los Angeles Lakers,2025-03-04,2024-25,Post-ASG
1610612746,9,0022400889,14,LAC,LA Clippers,2025-03-04,2024-25,Post-ASG
1610612756,10,0022400889,15,PHX,Phoenix Suns,2025-03-04,2024-25,Post-ASG
1610612745,12,0022400882,17,HOU,Houston Rockets,2025-03-04,2024-25,Post-ASG
1610612754,12,0022400882,15,IND,Indiana Pacers,2025-03-04,2024-25,Post-ASG
1610612739,13,0022400886,12,CLE,Cleveland Cavaliers,2025-03-04,2024-25,Post-ASG
1610612741,12,0022400886,12,CHI,Chicago Bulls,2025-03-04,2024-25,Post-ASG
1610612753,10,0022400883,15,ORL,Orlando Magic,2025-03-04,2024-25,Post-ASG
1610612761,10,0022400883,16,TOR,Toronto Raptors,2025-03-04,2024-25,Post-ASG
1610612750,14,0022400887,17,MIN,Minnesota Timberwolves,2025-03-04,2024-25,Post-ASG
1610612755,11,0022400887,16,PHI,Philadelphia 76ers,2025-03-04,2024-25,Post-ASG
1610612744,10,0022400885,15,GSW,Golden State Warriors,2025-03-04,2024-25,Post-ASG
1610612752,9,0022400885,9,NYK,New York Knicks,2025-03-04,2024-25,Post-ASG
1610612748,9,0022400877,11,MIA,Miami Heat,2025-03-03,2024-25,Post-ASG
1610612764,12,0022400877,14,WAS,Washington Wizards,2025-03-03,2024-25,Post-ASG
1610612744,13,0022400875,16,GSW,Golden State Warriors,2025-03-03,2024-25,Post-ASG
1610612766,12,0022400875,17,CHA,Charlotte Hornets,2025-03-03,2024-25,Post-ASG
1610612762,12,0022400881,17,UTA,Utah Jazz,2025-03-03,2024-25,Post-ASG
1610612765,11,0022400881,17,DET,Detroit Pistons,2025-03-03,2024-25,Post-ASG
1610612737,10,0022400878,20,ATL,Atlanta Hawks,2025-03-03,2024-25,Post-ASG
1610612763,11,0022400878,21,MEM,Memphis Grizzlies,2025-03-03,2024-25,Post-ASG
1610612755,10,0022400876,14,PHI,Philadelphia 76ers,2025-03-03,2024-25,Post-ASG
1610612757,13,0022400876,15,POR,Portland Trail Blazers,2025-03-03,2024-25,Post-ASG
1610612745,11,0022400879,13,HOU,Houston Rockets,2025-03-03,2024-25,Post-ASG
1610612760,10,0022400879,13,OKC,Oklahoma City Thunder,2025-03-03,2024-25,Post-ASG
1610612742,11,0022400880,22,DAL,Dallas Mavericks,2025-03-03,2024-25,Post-ASG
1610612758,12,0022400880,12,SAC,Sacramento Kings,2025-03-03,2024-25,Post-ASG
1610612746,11,0022400874,14,LAC,LA Clippers,2025-03-02,2024-25,Post-ASG
1610612747,9,0022400874,17,LAL,Los Angeles Lakers,2025-03-02,2024-25,Post-ASG
1610612759,14,0022400871,18,SAS,San Antonio Spurs,2025-03-02,2024-25,Post-ASG
1610612760,12,0022400871,14,OKC,Oklahoma City Thunder,2025-03-02,2024-25,Post-ASG
1610612741,10,0022400868,17,CHI,Chicago Bulls,2025-03-02,2024-25,Post-ASG
1610612754,13,0022400868,15,IND,Indiana Pacers,2025-03-02,2024-25,Post-ASG
1610612748,9,0022400869,10,MIA,Miami Heat,2025-03-02,2024-25,Post-ASG
1610612752,9,0022400869,14,NYK,New York Knicks,2025-03-02,2024-25,Post-ASG
1610612740,9,0022400872,13,NOP,New Orleans Pelicans,2025-03-02,2024-25,Post-ASG
1610612762,10,0022400872,12,UTA,Utah Jazz,2025-03-02,2024-25,Post-ASG
1610612750,14,0022400873,18,MIN,Minnesota Timberwolves,2025-03-02,2024-25,Post-ASG
1610612756,14,0022400873,13,PHX,Phoenix Suns,2025-03-02,2024-25,Post-ASG
1610612739,10,0022400867,26,CLE,Cleveland Cavaliers,2025-03-02,2024-25,Post-ASG
1610612757,10,0022400867,20,POR,Portland Trail Blazers,2025-03-02,2024-25,Post-ASG
1610612738,9,0022400866,13,BOS,Boston Celtics,2025-03-02,2024-25,Post-ASG
1610612743,9,0022400866,12,DEN,Denver Nuggets,2025-03-02,2024-25,Post-ASG
1610612753,11,0022400870,12,ORL,Orlando Magic,2025-03-02,2024-25,Post-ASG
1610612761,10,0022400870,20,TOR,Toronto Raptors,2025-03-02,2024-25,Post-ASG
1610612744,11,0022400864,20,GSW,Golden State Warriors,2025-03-01,2024-25,Post-ASG
1610612755,9,0022400864,11,PHI,Philadelphia 76ers,2025-03-01,2024-25,Post-ASG
1610612742,11,0022400865,17,DAL,Dallas Mavericks,2025-03-01,2024-25,Post-ASG
1610612749,9,0022400865,9,MIL,Milwaukee Bucks,2025-03-01,2024-25,Post-ASG
1610612751,10,0022400861,15,BKN,Brooklyn Nets,2025-03-01,2024-25,Post-ASG
1610612765,14,0022400861,20,DET,Detroit Pistons,2025-03-01,2024-25,Post-ASG
1610612764,10,0022400860,10,WAS,Washington Wizards,2025-03-01,2024-25,Post-ASG
1610612766,10,0022400860,16,CHA,Charlotte Hornets,2025-03-01,2024-25,Post-ASG
1610612745,9,0022400862,14,HOU,Houston Rockets,2025-03-01,2024-25,Post-ASG
1610612758,10,0022400862,10,SAC,Sacramento Kings,2025-03-01,2024-25,Post-ASG
1610612759,9,0022400863,12,SAS,San Antonio Spurs,2025-03-01,2024-25,Post-ASG
1610612763,11,0022400863,18,MEM,Memphis Grizzlies,2025-03-01,2024-25,Post-ASG
1610612746,9,0022400859,14,LAC,LA Clippers,2025-02-28,2024-25,Post-ASG
1610612747,10,0022400859,19,LAL,Los Angeles Lakers,2025-02-28,2024-25,Post-ASG
1610612738,9,0022400852,13,BOS,Boston Celtics,2025-02-28,2024-25,Post-ASG
1610612739,10,0022400852,16,CLE,Cleveland Cavaliers,2025-02-28,2024-25,Post-ASG
1610612737,11,0022400851,17,ATL,Atlanta Hawks,2025-02-28,2024-25,Post-ASG
1610612760,11,0022400851,23,OKC,Oklahoma City Thunder,2025-02-28,2024-25,Post-ASG
1610612740,10,0022400857,14,NOP,New Orleans Pelicans,2025-02-28,2024-25,Post-ASG
1610612756,11,0022400857,17,PHX,Phoenix Suns,2025-02-28,2024-25,Post-ASG
1610612751,12,0022400853,17,BKN,Brooklyn Nets,2025-02-28,2024-25,Post-ASG
1610612757,11,0022400853,16,POR,Portland Trail Blazers,2025-02-28,2024-25,Post-ASG
1610612750,9,0022400858,13,MIN,Minnesota Timberwolves,2025-02-28,2024-25,Post-ASG
1610612762,11,0022400858,18,UTA,Utah Jazz,2025-02-28,2024-25,Post-ASG
1610612741,11,0022400855,19,CHI,Chicago Bulls,2025-02-28,2024-25,Post-ASG
1610612761,10,0022400855,16,TOR,Toronto Raptors,2025-02-28,2024-25,Post-ASG
1610612748,10,0022400854,11,MIA,Miami Heat,2025-02-28,2024-25,Post-ASG
1610612754,10,0022400854,12,IND,Indiana Pacers,2025-02-28,2024-25,Post-ASG
1610612743,12,0022400850,14,DEN,Denver Nuggets,2025-02-28,2024-25,Post-ASG
1610612765,14,0022400850,18,DET,Detroit Pistons,2025-02-28,2024-25,Post-ASG
1610612752,10,0022400856,17,NYK,New York Knicks,2025-02-28,2024-25,Post-ASG
1610612763,10,0022400856,18,MEM,Memphis Grizzlies,2025-02-28,2024-25,Post-ASG
1610612744,11,0022400845,20,GSW,Golden State Warriors,2025-02-27,2024-25,Post-ASG
1610612753,10,0022400845,10,ORL,Orlando Magic,2025-02-27,2024-25,Post-ASG
1610612740,9,0022400848,15,NOP,New Orleans Pelicans,2025-02-27,2024-25,Post-ASG
1610612756,11,0022400848,16,PHX,Phoenix Suns,2025-02-27,2024-25,Post-ASG
1610612743,9,0022400846,11,DEN,Denver Nuggets,2025-02-27,2024-25,Post-ASG
1610612749,9,0022400846,9,MIL,Milwaukee Bucks,2025-02-27,2024-25,Post-ASG
1610612742,11,0022400847,16,DAL,Dallas Mavericks,2025-02-27,2024-25,Post-ASG
1610612766,10,0022400847,15,CHA,Charlotte Hornets,2025-02-27,2024-25,Post-ASG
1610612747,10,0022400849,21,LAL,Los Angeles Lakers,2025-02-27,2024-25,Post-ASG
1610612750,10,0022400849,18,MIN,Minnesota Timberwolves,2025-02-27,2024-25,Post-ASG
1610612745,13,0022400844,15,HOU,Houston Rockets,2025-02-26,2024-25,Post-ASG
1610612759,13,0022400844,14,SAS,San Antonio Spurs,2025-02-26,2024-25,Post-ASG
1610612757,10,0022400839,21,POR,Portland Trail Blazers,2025-02-26,2024-25,Post-ASG
1610612764,11,0022400839,18,WAS,Washington Wizards,2025-02-26,2024-25,Post-ASG
1610612741,9,0022400842,16,CHI,Chicago Bulls,2025-02-26,2024-25,Post-ASG
1610612746,10,0022400842,12,LAC,LA Clippers,2025-02-26,2024-25,Post-ASG
1610612751,10,0022400840,13,BKN,Brooklyn Nets,2025-02-26,2024-25,Post-ASG
1610612760,10,0022400840,16,OKC,Oklahoma City Thunder,2025-02-26,2024-25,Post-ASG
1610612754,12,0022400837,12,IND,Indiana Pacers,2025-02-26,2024-25,Post-ASG
1610612761,10,0022400837,20,TOR,Toronto Raptors,2025-02-26,2024-25,Post-ASG
1610612738,13,0022400836,9,BOS,Boston Celtics,2025-02-26,2024-25,Post-ASG
1610612765,13,0022400836,13,DET,Detroit Pistons,2025-02-26,2024-25,Post-ASG
1610612758,9,0022400843,10,SAC,Sacramento Kings,2025-02-26,2024-25,Post-ASG
1610612762,10,0022400843,11,UTA,Utah Jazz,2025-02-26,2024-25,Post-ASG
1610612737,9,0022400841,11,ATL,Atlanta Hawks,2025-02-26,2024-25,Post-ASG
1610612748,11,0022400841,18,MIA,Miami Heat,2025-02-26,2024-25,Post-ASG
1610612752,9,0022400838,12,NYK,New York Knicks,2025-02-26,2024-25,Post-ASG
1610612755,9,0022400838,14,PHI,Philadelphia 76ers,2025-02-26,2024-25,Post-ASG
1610612745,11,0022400831,14,HOU,Houston Rockets,2025-02-25,2024-25,Post-ASG
1610612749,10,0022400831,12,MIL,Milwaukee Bucks,2025-02-25,2024-25,Post-ASG
1610612742,10,0022400835,16,DAL,Dallas Mavericks,2025-02-25,2024-25,Post-ASG
1610612747,10,0022400835,15,LAL,Los Angeles Lakers,2025-02-25,2024-25,Post-ASG
1610612744,14,0022400834,14,GSW,Golden State Warriors,2025-02-25,2024-25,Post-ASG
1610612766,9,0022400834,16,CHA,Charlotte Hornets,2025-02-25,2024-25,Post-ASG
1610612740,10,0022400833,14,NOP,New Orleans Pelicans,2025-02-25,2024-25,Post-ASG
1610612759,10,0022400833,19,SAS,San Antonio Spurs,2025-02-25,2024-25,Post-ASG
1610612739,14,0022400830,13,CLE,Cleveland Cavaliers,2025-02-25,2024-25,Post-ASG
1610612753,13,0022400830,16,ORL,Orlando Magic,2025-02-25,2024-25,Post-ASG
1610612756,10,0022400832,22,PHX,Phoenix Suns,2025-02-25,2024-25,Post-ASG
1610612763,10,0022400832,20,MEM,Memphis Grizzlies,2025-02-25,2024-25,Post-ASG
1610612738,10,0022400829,16,BOS,Boston Celtics,2025-02-25,2024-25,Post-ASG
1610612761,10,0022400829,14,TOR,Toronto Raptors,2025-02-25,2024-25,Post-ASG
1610612746,10,0022400821,13,LAC,LA Clippers,2025-02-24,2024-25,Post-ASG
1610612765,9,0022400821,18,DET,Detroit Pistons,2025-02-24,2024-25,Post-ASG
1610612758,14,0022400828,15,SAC,Sacramento Kings,2025-02-24,2024-25,Post-ASG
1610612766,10,0022400828,16,CHA,Charlotte Hornets,2025-02-24,2024-25,Post-ASG
1610612737,9,0022400825,12,ATL,Atlanta Hawks,2025-02-24,2024-25,Post-ASG
1610612748,9,0022400825,9,MIA,Miami Heat,2025-02-24,2024-25,Post-ASG
1610612757,10,0022400827,11,POR,Portland Trail Blazers,2025-02-24,2024-25,Post-ASG
1610612762,9,0022400827,19,UTA,Utah Jazz,2025-02-24,2024-25,Post-ASG
1610612751,10,0022400824,17,BKN,Brooklyn Nets,2025-02-24,2024-25,Post-ASG
1610612764,11,0022400824,20,WAS,Washington Wizards,2025-02-24,2024-25,Post-ASG
1610612741,11,0022400823,19,CHI,Chicago Bulls,2025-02-24,2024-25,Post-ASG
1610612755,12,0022400823,19,PHI,Philadelphia 76ers,2025-02-24,2024-25,Post-ASG
1610612750,10,0022400826,17,MIN,Minnesota Timberwolves,2025-02-24,2024-25,Post-ASG
1610612760,10,0022400826,23,OKC,Oklahoma City Thunder,2025-02-24,2024-25,Post-ASG
1610612743,10,0022400822,12,DEN,Denver Nuggets,2025-02-24,2024-25,Post-ASG
1610612754,9,0022400822,15,IND,Indiana Pacers,2025-02-24,2024-25,Post-ASG
1610612746,12,0022400813,15,LAC,LA Clippers,2025-02-23,2024-25,Post-ASG
1610612754,12,0022400813,20,IND,Indiana Pacers,2025-02-23,2024-25,Post-ASG
1610612750,10,0022400820,14,MIN,Minnesota Timberwolves,2025-02-23,2024-25,Post-ASG
1610612760,10,0022400820,16,OKC,Oklahoma City Thunder,2025-02-23,2024-25,Post-ASG
1610612753,14,0022400815,16,ORL,Orlando Magic,2025-02-23,2024-25,Post-ASG
1610612764,10,0022400815,19,WAS,Washington Wizards,2025-02-23,2024-25,Post-ASG
1610612742,13,0022400812,18,DAL,Dallas Mavericks,2025-02-23,2024-25,Post-ASG
1610612744,13,0022400812,16,GSW,Golden State Warriors,2025-02-23,2024-25,Post-ASG
1610612739,10,0022400819,19,CLE,Cleveland Cavaliers,2025-02-23,2024-25,Post-ASG
1610612763,11,0022400819,29,MEM,Memphis Grizzlies,2025-02-23,2024-25,Post-ASG
1610612756,13,0022400816,16,PHX,Phoenix Suns,2025-02-23,2024-25,Post-ASG
1610612761,12,0022400816,14,TOR,Toronto Raptors,2025-02-23,2024-25,Post-ASG
1610612738,9,0022400811,11,BOS,Boston Celtics,2025-02-23,2024-25,Post-ASG
1610612752,9,0022400811,10,NYK,New York Knicks,2025-02-23,2024-25,Post-ASG
1610612740,11,0022400818,18,NOP,New Orleans Pelicans,2025-02-23,2024-25,Post-ASG
1610612759,14,0022400818,20,SAS,San Antonio Spurs,2025-02-23,2024-25,Post-ASG
1610612748,9,0022400817,19,MIA,Miami Heat,2025-02-23,2024-25,Post-ASG
1610612749,11,0022400817,17,MIL,Milwaukee Bucks,2025-02-23,2024-25,Post-ASG
1610612737,9,0022400814,18,ATL,Atlanta Hawks,2025-02-23,2024-25,Post-ASG
1610612765,11,0022400814,19,DET,Detroit Pistons,2025-02-23,2024-25,Post-ASG
1610612745,10,0022400809,16,HOU,Houston Rockets,2025-02-22,2024-25,Post-ASG
1610612762,10,0022400809,15,UTA,Utah Jazz,2025-02-22,2024-25,Post-ASG
1610612757,12,0022400810,13,POR,Portland Trail Blazers,2025-02-22,2024-25,Post-ASG
1610612766,11,0022400810,19,CHA,Charlotte Hornets,2025-02-22,2024-25,Post-ASG
1610612741,10,0022400806,10,CHI,Chicago Bulls,2025-02-22,2024-25,Post-ASG
1610612756,9,0022400806,11,PHX,Phoenix Suns,2025-02-22,2024-25,Post-ASG
1610612751,10,0022400807,12,BKN,Brooklyn Nets,2025-02-22,2024-25,Post-ASG
1610612755,10,0022400807,14,PHI,Philadelphia 76ers,2025-02-22,2024-25,Post-ASG
1610612743,13,0022400808,17,DEN,Denver Nuggets,2025-02-22,2024-25,Post-ASG
1610612747,13,0022400808,14,LAL,Los Angeles Lakers,2025-02-22,2024-25,Post-ASG
1610612744,13,0022400805,17,GSW,Golden State Warriors,2025-02-21,2024-25,Post-ASG
1610612758,13,0022400805,16,SAC,Sacramento Kings,2025-02-21,2024-25,Post-ASG
1610612748,10,0022400800,14,MIA,Miami Heat,2025-02-21,2024-25,Post-ASG
1610612761,10,0022400800,17,TOR,Toronto Raptors,2025-02-21,2024-25,Post-ASG
1610612749,10,0022400799,14,MIL,Milwaukee Bucks,2025-02-21,2024-25,Post-ASG
1610612764,11,0022400799,12,WAS,Washington Wizards,2025-02-21,2024-25,Post-ASG
1610612740,10,0022400803,17,NOP,New Orleans Pelicans,2025-02-21,2024-25,Post-ASG
1610612742,10,0022400803,23,DAL,Dallas Mavericks,2025-02-21,2024-25,Post-ASG
1610612739,14,0022400797,15,CLE,Cleveland Cavaliers,2025-02-21,2024-25,Post-ASG
1610612752,12,0022400797,14,NYK,New York Knicks,2025-02-21,2024-25,Post-ASG
1610612760,14,0022400804,14,OKC,Oklahoma City Thunder,2025-02-21,2024-25,Post-ASG
1610612762,10,0022400804,10,UTA,Utah Jazz,2025-02-21,2024-25,Post-ASG
1610612759,15,0022400802,24,SAS,San Antonio Spurs,2025-02-21,2024-25,Post-ASG
1610612765,13,0022400802,17,DET,Detroit Pistons,2025-02-21,2024-25,Post-ASG
1610612745,9,0022400801,19,HOU,Houston Rockets,2025-02-21,2024-25,Post-ASG
1610612750,9,0022400801,18,MIN,Minnesota Timberwolves,2025-02-21,2024-25,Post-ASG
1610612753,10,0022400798,17,ORL,Orlando Magic,2025-02-21,2024-25,Post-ASG
1610612763,10,0022400798,23,MEM,Memphis Grizzlies,2025-02-21,2024-25,Post-ASG
1610612737,10,0022400790,13,ATL,Atlanta Hawks,2025-02-20,2024-25,Post-ASG
1610612753,10,0022400790,12,ORL,Orlando Magic,2025-02-20,2024-25,Post-ASG
1610612739,14,0022400791,14,CLE,Cleveland Cavaliers,2025-02-20,2024-25,Post-ASG
1610612751,11,0022400791,19,BKN,Brooklyn Nets,2025-02-20,2024-25,Post-ASG
1610612741,11,0022400792,18,CHI,Chicago Bulls,2025-02-20,2024-25,Post-ASG
1610612752,9,0022400792,11,NYK,New York Knicks,2025-02-20,2024-25,Post-ASG
1610612756,10,0022400795,16,PHX,Phoenix Suns,2025-02-20,2024-25,Post-ASG
1610612759,9,0022400795,17,SAS,San Antonio Spurs,2025-02-20,2024-25,Post-ASG
1610612754,12,0022400788,18,IND,Indiana Pacers,2025-02-20,2024-25,Post-ASG
1610612763,14,0022400788,24,MEM,Memphis Grizzlies,2025-02-20,2024-25,Post-ASG
1610612746,9,0022400793,13,LAC,LA Clippers,2025-02-20,2024-25,Post-ASG
1610612749,9,0022400793,14,MIL,Milwaukee Bucks,2025-02-20,2024-25,Post-ASG
1610612738,13,0022400789,18,BOS,Boston Celtics,2025-02-20,2024-25,Post-ASG
1610612755,12,0022400789,16,PHI,Philadelphia 76ers,2025-02-20,2024-25,Post-ASG
1610612743,9,0022400794,10,DEN,Denver Nuggets,2025-02-20,2024-25,Post-ASG
1610612766,10,0022400794,13,CHA,Charlotte Hornets,2025-02-20,2024-25,Post-ASG
1610612747,10,0022400796,18,LAL,Los Angeles Lakers,2025-02-20,2024-25,Post-ASG
1610612757,10,0022400796,19,POR,Portland Trail Blazers,2025-02-20,2024-25,Post-ASG
1610612747,10,0022400524,18,LAL,Los Angeles Lakers,2025-02-19,2024-25,Post-ASG
1610612766,10,0022400524,17,CHA,Charlotte Hornets,2025-02-19,2024-25,Post-ASG
1610612746,9,0022401004,13,LAC,LA Clippers,2025-02-13,2024-25,Pre-ASG
1610612762,10,0022401004,14,UTA,Utah Jazz,2025-02-13,2024-25,Pre-ASG
1610612742,9,0022400786,14,DAL,Dallas Mavericks,2025-02-13,2024-25,Pre-ASG
1610612748,9,0022400786,17,MIA,Miami Heat,2025-02-13,2024-25,Pre-ASG
1610612744,10,0022400784,18,GSW,Golden State Warriors,2025-02-13,2024-25,Pre-ASG
1610612745,12,0022400784,15,HOU,Houston Rockets,2025-02-13,2024-25,Pre-ASG
1610612750,12,0022400787,11,MIN,Minnesota Timberwolves,2025-02-13,2024-25,Pre-ASG
1610612760,12,0022400787,16,OKC,Oklahoma City Thunder,2025-02-13,2024-25,Pre-ASG
1610612740,10,0022400785,16,NOP,New Orleans Pelicans,2025-02-13,2024-25,Pre-ASG
1610612758,9,0022400785,9,SAC,Sacramento Kings,2025-02-13,2024-25,Pre-ASG
1610612748,9,0022400778,11,MIA,Miami Heat,2025-02-12,2024-25,Pre-ASG
1610612760,10,0022400778,15,OKC,Oklahoma City Thunder,2025-02-12,2024-25,Pre-ASG
1610612739,12,0022400774,14,CLE,Cleveland Cavaliers,2025-02-12,2024-25,Pre-ASG
1610612761,10,0022400774,17,TOR,Toronto Raptors,2025-02-12,2024-25,Pre-ASG
1610612745,9,0022400779,11,HOU,Houston Rockets,2025-02-12,2024-25,Pre-ASG
1610612756,9,0022400779,14,PHX,Phoenix Suns,2025-02-12,2024-25,Pre-ASG
1610612753,13,0022400770,15,ORL,Orlando Magic,2025-02-12,2024-25,Pre-ASG
1610612766,10,0022400770,18,CHA,Charlotte Hornets,2025-02-12,2024-25,Pre-ASG
1610612754,10,0022400771,17,IND,Indiana Pacers,2025-02-12,2024-25,Pre-ASG
1610612764,11,0022400771,18,WAS,Washington Wizards,2025-02-12,2024-25,Pre-ASG
1610612746,14,0022400783,17,LAC,LA Clippers,2025-02-12,2024-25,Pre-ASG
1610612763,13,0022400783,22,MEM,Memphis Grizzlies,2025-02-12,2024-25,Pre-ASG
1610612743,9,0022400780,12,DEN,Denver Nuggets,2025-02-12,2024-25,Pre-ASG
1610612757,9,0022400780,15,POR,Portland Trail Blazers,2025-02-12,2024-25,Pre-ASG
1610612751,13,0022400772,15,BKN,Brooklyn Nets,2025-02-12,2024-25,Pre-ASG
1610612755,10,0022400772,18,PHI,Philadelphia 76ers,2025-02-12,2024-25,Pre-ASG
1610612737,9,0022400773,17,ATL,Atlanta Hawks,2025-02-12,2024-25,Pre-ASG
1610612752,9,0022400773,13,NYK,New York Knicks,2025-02-12,2024-25,Pre-ASG
1610612742,10,0022400782,20,DAL,Dallas Mavericks,2025-02-12,2024-25,Pre-ASG
1610612744,10,0022400782,19,GSW,Golden State Warriors,2025-02-12,2024-25,Pre-ASG
1610612738,11,0022400769,12,BOS,Boston Celtics,2025-02-12,2024-25,Pre-ASG
1610612759,14,0022400769,13,SAS,San Antonio Spurs,2025-02-12,2024-25,Pre-ASG
1610612741,10,0022400775,22,CHI,Chicago Bulls,2025-02-12,2024-25,Pre-ASG
1610612765,10,0022400775,13,DET,Detroit Pistons,2025-02-12,2024-25,Pre-ASG
1610612749,9,0022400776,13,MIL,Milwaukee Bucks,2025-02-12,2024-25,Pre-ASG
1610612750,9,0022400776,12,MIN,Minnesota Timberwolves,2025-02-12,2024-25,Pre-ASG
1610612747,13,0022400781,16,LAL,Los Angeles Lakers,2025-02-12,2024-25,Pre-ASG
1610612762,10,0022400781,12,UTA,Utah Jazz,2025-02-12,2024-25,Pre-ASG
1610612740,10,0022400777,14,NOP,New Orleans Pelicans,2025-02-12,2024-25,Pre-ASG
1610612758,9,0022400777,13,SAC,Sacramento Kings,2025-02-12,2024-25,Pre-ASG
1610612755,9,0022400764,14,PHI,Philadelphia 76ers,2025-02-11,2024-25,Pre-ASG
1610612761,11,0022400764,17,TOR,Toronto Raptors,2025-02-11,2024-25,Pre-ASG
1610612756,10,0022400767,13,PHX,Phoenix Suns,2025-02-11,2024-25,Pre-ASG
1610612763,11,0022400767,18,MEM,Memphis Grizzlies,2025-02-11,2024-25,Pre-ASG
1610612741,14,0022400766,19,CHI,Chicago Bulls,2025-02-11,2024-25,Pre-ASG
1610612765,13,0022400766,11,DET,Detroit Pistons,2025-02-11,2024-25,Pre-ASG
1610612752,11,0022400765,15,NYK,New York Knicks,2025-02-11,2024-25,Pre-ASG
1610612754,12,0022400765,14,IND,Indiana Pacers,2025-02-11,2024-25,Pre-ASG
1610612747,12,0022400768,20,LAL,Los Angeles Lakers,2025-02-10,2024-25,Pre-ASG
1610612762,11,0022400768,15,UTA,Utah Jazz,2025-02-10,2024-25,Pre-ASG
1610612744,13,0022400760,18,GSW,Golden State Warriors,2025-02-10,2024-25,Pre-ASG
1610612749,11,0022400760,15,MIL,Milwaukee Bucks,2025-02-10,2024-25,Pre-ASG
1610612742,11,0022400762,24,DAL,Dallas Mavericks,2025-02-10,2024-25,Pre-ASG
1610612758,9,0022400762,19,SAC,Sacramento Kings,2025-02-10,2024-25,Pre-ASG
1610612737,10,0022400756,15,ATL,Atlanta Hawks,2025-02-10,2024-25,Pre-ASG
1610612753,10,0022400756,18,ORL,Orlando Magic,2025-02-10,2024-25,Pre-ASG
1610612751,11,0022400758,14,BKN,Brooklyn Nets,2025-02-10,2024-25,Pre-ASG
1610612766,10,0022400758,17,CHA,Charlotte Hornets,2025-02-10,2024-25,Pre-ASG
1610612738,9,0022400759,13,BOS,Boston Celtics,2025-02-10,2024-25,Pre-ASG
1610612748,10,0022400759,13,MIA,Miami Heat,2025-02-10,2024-25,Pre-ASG
1610612740,11,0022400761,18,NOP,New Orleans Pelicans,2025-02-10,2024-25,Pre-ASG
1610612760,13,0022400761,9,OKC,Oklahoma City Thunder,2025-02-10,2024-25,Pre-ASG
1610612743,12,0022400763,16,DEN,Denver Nuggets,2025-02-10,2024-25,Pre-ASG
1610612757,11,0022400763,18,POR,Portland Trail Blazers,2025-02-10,2024-25,Pre-ASG
1610612759,10,0022400757,17,SAS,San Antonio Spurs,2025-02-10,2024-25,Pre-ASG
1610612764,9,0022400757,11,WAS,Washington Wizards,2025-02-10,2024-25,Pre-ASG
1610612739,12,0022400755,14,CLE,Cleveland Cavaliers,2025-02-10,2024-25,Pre-ASG
1610612750,13,0022400755,15,MIN,Minnesota Timberwolves,2025-02-10,2024-25,Pre-ASG
1610612749,9,0022400754,13,MIL,Milwaukee Bucks,2025-02-09,2024-25,Pre-ASG
1610612755,11,0022400754,15,PHI,Philadelphia 76ers,2025-02-09,2024-25,Pre-ASG
1610612765,10,0022400752,12,DET,Detroit Pistons,2025-02-09,2024-25,Pre-ASG
1610612766,9,0022400752,17,CHA,Charlotte Hornets,2025-02-09,2024-25,Pre-ASG
1610612745,10,0022400753,14,HOU,Houston Rockets,2025-02-09,2024-25,Pre-ASG
1610612761,10,0022400753,18,TOR,Toronto Raptors,2025-02-09,2024-25,Pre-ASG
1610612738,11,0022400748,15,BOS,Boston Celtics,2025-02-08,2024-25,Pre-ASG
1610612752,10,0022400748,12,NYK,New York Knicks,2025-02-08,2024-25,Pre-ASG
1610612741,12,0022400745,17,CHI,Chicago Bulls,2025-02-08,2024-25,Pre-ASG
1610612744,13,0022400745,20,GSW,Golden State Warriors,2025-02-08,2024-25,Pre-ASG
1610612746,13,0022400751,15,LAC,LA Clippers,2025-02-08,2024-25,Pre-ASG
1610612762,10,0022400751,22,UTA,Utah Jazz,2025-02-08,2024-25,Pre-ASG
1610612753,10,0022400743,9,ORL,Orlando Magic,2025-02-08,2024-25,Pre-ASG
1610612759,9,0022400743,14,SAS,San Antonio Spurs,2025-02-08,2024-25,Pre-ASG
1610612742,11,0022400741,17,DAL,Dallas Mavericks,2025-02-08,2024-25,Pre-ASG
1610612745,10,0022400741,14,HOU,Houston Rockets,2025-02-08,2024-25,Pre-ASG
1610612760,11,0022400746,16,OKC,Oklahoma City Thunder,2025-02-08,2024-25,Pre-ASG
1610612763,14,0022400746,24,MEM,Memphis Grizzlies,2025-02-08,2024-25,Pre-ASG
1610612740,10,0022400750,15,NOP,New Orleans Pelicans,2025-02-08,2024-25,Pre-ASG
1610612758,9,0022400750,10,SAC,Sacramento Kings,2025-02-08,2024-25,Pre-ASG
1610612737,9,0022400744,13,ATL,Atlanta Hawks,2025-02-08,2024-25,Pre-ASG
1610612764,10,0022400744,15,WAS,Washington Wizards,2025-02-08,2024-25,Pre-ASG
1610612743,12,0022400749,13,DEN,Denver Nuggets,2025-02-08,2024-25,Pre-ASG
1610612756,12,0022400749,13,PHX,Phoenix Suns,2025-02-08,2024-25,Pre-ASG
1610612747,10,0022400742,21,LAL,Los Angeles Lakers,2025-02-08,2024-25,Pre-ASG
1610612754,10,0022400742,20,IND,Indiana Pacers,2025-02-08,2024-25,Pre-ASG
1610612750,9,0022400747,13,MIN,Minnesota Timberwolves,2025-02-08,2024-25,Pre-ASG
1610612757,10,0022400747,15,POR,Portland Trail Blazers,2025-02-08,2024-25,Pre-ASG
1610612737,10,0022400736,13,ATL,Atlanta Hawks,2025-02-07,2024-25,Pre-ASG
1610612749,9,0022400736,13,MIL,Milwaukee Bucks,2025-02-07,2024-25,Pre-ASG
1610612756,10,0022400740,14,PHX,Phoenix Suns,2025-02-07,2024-25,Pre-ASG
1610612762,10,0022400740,17,UTA,Utah Jazz,2025-02-07,2024-25,Pre-ASG
1610612760,13,0022400739,17,OKC,Oklahoma City Thunder,2025-02-07,2024-25,Pre-ASG
1610612761,10,0022400739,17,TOR,Toronto Raptors,2025-02-07,2024-25,Pre-ASG
1610612748,9,0022400737,14,MIA,Miami Heat,2025-02-07,2024-25,Pre-ASG
1610612751,10,0022400737,16,BKN,Brooklyn Nets,2025-02-07,2024-25,Pre-ASG
1610612759,9,0022400734,17,SAS,San Antonio Spurs,2025-02-07,2024-25,Pre-ASG
1610612766,9,0022400734,15,CHA,Charlotte Hornets,2025-02-07,2024-25,Pre-ASG
1610612755,12,0022400738,15,PHI,Philadelphia 76ers,2025-02-07,2024-25,Pre-ASG
1610612765,11,0022400738,17,DET,Detroit Pistons,2025-02-07,2024-25,Pre-ASG
1610612739,10,0022400735,15,CLE,Cleveland Cavaliers,2025-02-07,2024-25,Pre-ASG
1610612764,9,0022400735,15,WAS,Washington Wizards,2025-02-07,2024-25,Pre-ASG
1610612745,9,0022400729,17,HOU,Houston Rockets,2025-02-06,2024-25,Pre-ASG
1610612750,10,0022400729,16,MIN,Minnesota Timberwolves,2025-02-06,2024-25,Pre-ASG
1610612738,11,0022400728,7,BOS,Boston Celtics,2025-02-06,2024-25,Pre-ASG
1610612742,9,0022400728,14,DAL,Dallas Mavericks,2025-02-06,2024-25,Pre-ASG
1610612744,11,0022400731,23,GSW,Golden State Warriors,2025-02-06,2024-25,Pre-ASG
1610612747,9,0022400731,13,LAL,Los Angeles Lakers,2025-02-06,2024-25,Pre-ASG
1610612746,9,0022400733,11,LAC,LA Clippers,2025-02-06,2024-25,Pre-ASG
1610612754,10,0022400733,13,IND,Indiana Pacers,2025-02-06,2024-25,Pre-ASG
1610612757,10,0022400732,13,POR,Portland Trail Blazers,2025-02-06,2024-25,Pre-ASG
1610612758,9,0022400732,13,SAC,Sacramento Kings,2025-02-06,2024-25,Pre-ASG
1610612743,12,0022400730,11,DEN,Denver Nuggets,2025-02-06,2024-25,Pre-ASG
1610612753,12,0022400730,16,ORL,Orlando Magic,2025-02-06,2024-25,Pre-ASG
1610612744,10,0022400725,21,GSW,Golden State Warriors,2025-02-05,2024-25,Pre-ASG
1610612762,10,0022400725,14,UTA,Utah Jazz,2025-02-05,2024-25,Pre-ASG
1610612737,10,0022400719,13,ATL,Atlanta Hawks,2025-02-05,2024-25,Pre-ASG
1610612759,9,0022400719,20,SAS,San Antonio Spurs,2025-02-05,2024-25,Pre-ASG
1610612749,12,0022400717,14,MIL,Milwaukee Bucks,2025-02-05,2024-25,Pre-ASG
1610612766,10,0022400717,15,CHA,Charlotte Hornets,2025-02-05,2024-25,Pre-ASG
1610612751,11,0022400720,20,BKN,Brooklyn Nets,2025-02-05,2024-25,Pre-ASG
1610612764,11,0022400720,15,WAS,Washington Wizards,2025-02-05,2024-25,Pre-ASG
1610612740,11,0022400726,23,NOP,New Orleans Pelicans,2025-02-05,2024-25,Pre-ASG
1610612743,13,0022400726,18,DEN,Denver Nuggets,2025-02-05,2024-25,Pre-ASG
1610612756,13,0022400724,13,PHX,Phoenix Suns,2025-02-05,2024-25,Pre-ASG
1610612760,13,0022400724,15,OKC,Oklahoma City Thunder,2025-02-05,2024-25,Pre-ASG
1610612739,10,0022400718,15,CLE,Cleveland Cavaliers,2025-02-05,2024-25,Pre-ASG
1610612765,11,0022400718,21,DET,Detroit Pistons,2025-02-05,2024-25,Pre-ASG
1610612741,9,0022400723,17,CHI,Chicago Bulls,2025-02-05,2024-25,Pre-ASG
1610612750,12,0022400723,13,MIN,Minnesota Timberwolves,2025-02-05,2024-25,Pre-ASG
1610612753,14,0022400727,18,ORL,Orlando Magic,2025-02-05,2024-25,Pre-ASG
1610612758,13,0022400727,15,SAC,Sacramento Kings,2025-02-05,2024-25,Pre-ASG
1610612761,11,0022400722,15,TOR,Toronto Raptors,2025-02-05,2024-25,Pre-ASG
1610612763,15,0022400722,21,MEM,Memphis Grizzlies,2025-02-05,2024-25,Pre-ASG
1610612748,10,0022400721,16,MIA,Miami Heat,2025-02-05,2024-25,Pre-ASG
1610612755,10,0022400721,12,PHI,Philadelphia 76ers,2025-02-05,2024-25,Pre-ASG
1610612746,14,0022400715,15,LAC,LA Clippers,2025-02-04,2024-25,Pre-ASG
1610612747,12,0022400715,18,LAL,Los Angeles Lakers,2025-02-04,2024-25,Pre-ASG
1610612754,14,0022400716,12,IND,Indiana Pacers,2025-02-04,2024-25,Pre-ASG
1610612757,13,0022400716,16,POR,Portland Trail Blazers,2025-02-04,2024-25,Pre-ASG
1610612745,9,0022400711,18,HOU,Houston Rockets,2025-02-04,2024-25,Pre-ASG
1610612751,10,0022400711,16,BKN,Brooklyn Nets,2025-02-04,2024-25,Pre-ASG
1610612752,9,0022400713,14,NYK,New York Knicks,2025-02-04,2024-25,Pre-ASG
1610612761,11,0022400713,18,TOR,Toronto Raptors,2025-02-04,2024-25,Pre-ASG
1610612741,10,0022400714,16,CHI,Chicago Bulls,2025-02-04,2024-25,Pre-ASG
1610612748,9,0022400714,11,MIA,Miami Heat,2025-02-04,2024-25,Pre-ASG
1610612742,10,0022400712,21,DAL,Dallas Mavericks,2025-02-04,2024-25,Pre-ASG
1610612755,9,0022400712,16,PHI,Philadelphia 76ers,2025-02-04,2024-25,Pre-ASG
1610612738,9,0022400710,11,BOS,Boston Celtics,2025-02-04,2024-25,Pre-ASG
1610612739,9,0022400710,15,CLE,Cleveland Cavaliers,2025-02-04,2024-25,Pre-ASG
1610612737,10,0022400701,14,ATL,Atlanta Hawks,2025-02-03,2024-25,Pre-ASG
1610612765,10,0022400701,14,DET,Detroit Pistons,2025-02-03,2024-25,Pre-ASG
1610612759,14,0022400703,22,SAS,San Antonio Spurs,2025-02-03,2024-25,Pre-ASG
1610612763,13,0022400703,25,MEM,Memphis Grizzlies,2025-02-03,2024-25,Pre-ASG
1610612754,10,0022400707,15,IND,Indiana Pacers,2025-02-03,2024-25,Pre-ASG
1610612762,10,0022400707,16,UTA,Utah Jazz,2025-02-03,2024-25,Pre-ASG
1610612756,9,0022400709,13,PHX,Phoenix Suns,2025-02-03,2024-25,Pre-ASG
1610612757,8,0022400709,11,POR,Portland Trail Blazers,2025-02-03,2024-25,Pre-ASG
1610612744,11,0022400708,22,GSW,Golden State Warriors,2025-02-03,2024-25,Pre-ASG
1610612753,11,0022400708,15,ORL,Orlando Magic,2025-02-03,2024-25,Pre-ASG
1610612750,10,0022400704,14,MIN,Minnesota Timberwolves,2025-02-03,2024-25,Pre-ASG
1610612758,9,0022400704,16,SAC,Sacramento Kings,2025-02-03,2024-25,Pre-ASG
1610612749,11,0022400705,13,MIL,Milwaukee Bucks,2025-02-03,2024-25,Pre-ASG
1610612760,11,0022400705,13,OKC,Oklahoma City Thunder,2025-02-03,2024-25,Pre-ASG
1610612740,10,0022400706,21,NOP,New Orleans Pelicans,2025-02-03,2024-25,Pre-ASG
1610612743,10,0022400706,15,DEN,Denver Nuggets,2025-02-03,2024-25,Pre-ASG
1610612745,9,0022400702,18,HOU,Houston Rockets,2025-02-03,2024-25,Pre-ASG
1610612752,10,0022400702,15,NYK,New York Knicks,2025-02-03,2024-25,Pre-ASG
1610612764,10,0022400700,15,WAS,Washington Wizards,2025-02-03,2024-25,Pre-ASG
1610612766,10,0022400700,14,CHA,Charlotte Hornets,2025-02-03,2024-25,Pre-ASG
1610612746,9,0022400697,13,LAC,LA Clippers,2025-02-02,2024-25,Pre-ASG
1610612761,10,0022400697,15,TOR,Toronto Raptors,2025-02-02,2024-25,Pre-ASG
1610612738,9,0022400698,10,BOS,Boston Celtics,2025-02-02,2024-25,Pre-ASG
1610612755,8,0022400698,9,PHI,Philadelphia 76ers,2025-02-02,2024-25,Pre-ASG
1610612741,11,0022400695,22,CHI,Chicago Bulls,2025-02-02,2024-25,Pre-ASG
1610612765,10,0022400695,10,DET,Detroit Pistons,2025-02-02,2024-25,Pre-ASG
1610612749,10,0022400699,18,MIL,Milwaukee Bucks,2025-02-02,2024-25,Pre-ASG
1610612763,10,0022400699,17,MEM,Memphis Grizzlies,2025-02-02,2024-25,Pre-ASG
1610612739,11,0022400696,13,CLE,Cleveland Cavaliers,2025-02-02,2024-25,Pre-ASG
1610612742,10,0022400696,15,DAL,Dallas Mavericks,2025-02-02,2024-25,Pre-ASG
1610612747,12,0022400692,15,LAL,Los Angeles Lakers,2025-02-01,2024-25,Pre-ASG
1610612752,14,0022400692,12,NYK,New York Knicks,2025-02-01,2024-25,Pre-ASG
1610612753,10,0022400687,18,ORL,Orlando Magic,2025-02-01,2024-25,Pre-ASG
1610612762,10,0022400687,13,UTA,Utah Jazz,2025-02-01,2024-25,Pre-ASG
1610612745,12,0022400689,14,HOU,Houston Rockets,2025-02-01,2024-25,Pre-ASG
1610612751,9,0022400689,15,BKN,Brooklyn Nets,2025-02-01,2024-25,Pre-ASG
1610612750,9,0022400690,14,MIN,Minnesota Timberwolves,2025-02-01,2024-25,Pre-ASG
1610612764,11,0022400690,16,WAS,Washington Wizards,2025-02-01,2024-25,Pre-ASG
1610612743,8,0022400688,12,DEN,Denver Nuggets,2025-02-01,2024-25,Pre-ASG
1610612766,10,0022400688,11,CHA,Charlotte Hornets,2025-02-01,2024-25,Pre-ASG
1610612748,9,0022400693,14,MIA,Miami Heat,2025-02-01,2024-25,Pre-ASG
1610612759,11,0022400693,22,SAS,San Antonio Spurs,2025-02-01,2024-25,Pre-ASG
1610612737,10,0022400686,17,ATL,Atlanta Hawks,2025-02-01,2024-25,Pre-ASG
1610612754,10,0022400686,13,IND,Indiana Pacers,2025-02-01,2024-25,Pre-ASG
1610612756,14,0022400694,13,PHX,Phoenix Suns,2025-02-01,2024-25,Pre-ASG
1610612757,13,0022400694,17,POR,Portland Trail Blazers,2025-02-01,2024-25,Pre-ASG
1610612758,13,0022400691,12,SAC,Sacramento Kings,2025-02-01,2024-25,Pre-ASG
1610612760,11,0022400691,18,OKC,Oklahoma City Thunder,2025-02-01,2024-25,Pre-ASG
1610612742,12,0022400680,17,DAL,Dallas Mavericks,2025-01-31,2024-25,Pre-ASG
1610612765,12,0022400680,16,DET,Detroit Pistons,2025-01-31,2024-25,Pre-ASG
1610612749,13,0022400684,14,MIL,Milwaukee Bucks,2025-01-31,2024-25,Pre-ASG
1610612759,14,0022400684,11,SAS,San Antonio Spurs,2025-01-31,2024-25,Pre-ASG
1610612744,13,0022400685,14,GSW,Golden State Warriors,2025-01-31,2024-25,Pre-ASG
1610612756,14,0022400685,15,PHX,Phoenix Suns,2025-01-31,2024-25,Pre-ASG
1610612746,10,0022400679,18,LAC,LA Clippers,2025-01-31,2024-25,Pre-ASG
1610612766,10,0022400679,14,CHA,Charlotte Hornets,2025-01-31,2024-25,Pre-ASG
1610612741,9,0022400682,17,CHI,Chicago Bulls,2025-01-31,2024-25,Pre-ASG
1610612761,11,0022400682,12,TOR,Toronto Raptors,2025-01-31,2024-25,Pre-ASG
1610612743,8,0022400681,8,DEN,Denver Nuggets,2025-01-31,2024-25,Pre-ASG
1610612755,9,0022400681,12,PHI,Philadelphia 76ers,2025-01-31,2024-25,Pre-ASG
1610612738,10,0022400683,14,BOS,Boston Celtics,2025-01-31,2024-25,Pre-ASG
1610612740,10,0022400683,16,NOP,New Orleans Pelicans,2025-01-31,2024-25,Pre-ASG
1610612747,11,0022400674,17,LAL,Los Angeles Lakers,2025-01-30,2024-25,Pre-ASG
1610612764,14,0022400674,20,WAS,Washington Wizards,2025-01-30,2024-25,Pre-ASG
1610612750,12,0022400677,18,MIN,Minnesota Timberwolves,2025-01-30,2024-25,Pre-ASG
1610612762,10,0022400677,14,UTA,Utah Jazz,2025-01-30,2024-25,Pre-ASG
1610612745,9,0022400676,20,HOU,Houston Rockets,2025-01-30,2024-25,Pre-ASG
1610612763,10,0022400676,22,MEM,Memphis Grizzlies,2025-01-30,2024-25,Pre-ASG
1610612737,12,0022400675,18,ATL,Atlanta Hawks,2025-01-30,2024-25,Pre-ASG
1610612739,13,0022400675,11,CLE,Cleveland Cavaliers,2025-01-30,2024-25,Pre-ASG
1610612753,13,0022400678,15,ORL,Orlando Magic,2025-01-30,2024-25,Pre-ASG
1610612757,13,0022400678,16,POR,Portland Trail Blazers,2025-01-30,2024-25,Pre-ASG
1610612755,10,0022400669,13,PHI,Philadelphia 76ers,2025-01-29,2024-25,Pre-ASG
1610612758,10,0022400669,13,SAC,Sacramento Kings,2025-01-29,2024-25,Pre-ASG
1610612743,9,0022400668,11,DEN,Denver Nuggets,2025-01-29,2024-25,Pre-ASG
1610612752,9,0022400668,12,NYK,New York Knicks,2025-01-29,2024-25,Pre-ASG
1610612738,11,0022400666,13,BOS,Boston Celtics,2025-01-29,2024-25,Pre-ASG
1610612741,12,0022400666,20,CHI,Chicago Bulls,2025-01-29,2024-25,Pre-ASG
1610612746,11,0022400671,12,LAC,LA Clippers,2025-01-29,2024-25,Pre-ASG
1610612759,10,0022400671,13,SAS,San Antonio Spurs,2025-01-29,2024-25,Pre-ASG
1610612740,9,0022400670,11,NOP,New Orleans Pelicans,2025-01-29,2024-25,Pre-ASG
1610612742,10,0022400670,24,DAL,Dallas Mavericks,2025-01-29,2024-25,Pre-ASG
1610612750,10,0022400672,13,MIN,Minnesota Timberwolves,2025-01-29,2024-25,Pre-ASG
1610612756,11,0022400672,18,PHX,Phoenix Suns,2025-01-29,2024-25,Pre-ASG
1610612754,12,0022400664,18,IND,Indiana Pacers,2025-01-29,2024-25,Pre-ASG
1610612765,13,0022400664,16,DET,Detroit Pistons,2025-01-29,2024-25,Pre-ASG
1610612761,11,0022400665,19,TOR,Toronto Raptors,2025-01-29,2024-25,Pre-ASG
1610612764,13,0022400665,15,WAS,Washington Wizards,2025-01-29,2024-25,Pre-ASG
1610612739,10,0022400667,13,CLE,Cleveland Cavaliers,2025-01-29,2024-25,Pre-ASG
1610612748,10,0022400667,12,MIA,Miami Heat,2025-01-29,2024-25,Pre-ASG
1610612751,10,0022400663,16,BKN,Brooklyn Nets,2025-01-29,2024-25,Pre-ASG
1610612766,10,0022400663,22,CHA,Charlotte Hornets,2025-01-29,2024-25,Pre-ASG
1610612749,12,0022400662,18,MIL,Milwaukee Bucks,2025-01-28,2024-25,Pre-ASG
1610612757,13,0022400662,14,POR,Portland Trail Blazers,2025-01-28,2024-25,Pre-ASG
1610612747,12,0022400660,19,LAL,Los Angeles Lakers,2025-01-28,2024-25,Pre-ASG
1610612755,11,0022400660,16,PHI,Philadelphia 76ers,2025-01-28,2024-25,Pre-ASG
1610612737,9,0022400532,11,ATL,Atlanta Hawks,2025-01-28,2024-25,Pre-ASG
1610612745,9,0022400532,17,HOU,Houston Rockets,2025-01-28,2024-25,Pre-ASG
1610612744,11,0022400661,19,GSW,Golden State Warriors,2025-01-28,2024-25,Pre-ASG
1610612762,10,0022400661,18,UTA,Utah Jazz,2025-01-28,2024-25,Pre-ASG
1610612752,14,0022400653,16,NYK,New York Knicks,2025-01-27,2024-25,Pre-ASG
1610612763,13,0022400653,21,MEM,Memphis Grizzlies,2025-01-27,2024-25,Pre-ASG
1610612741,11,0022400655,17,CHI,Chicago Bulls,2025-01-27,2024-25,Pre-ASG
1610612743,8,0022400655,10,DEN,Denver Nuggets,2025-01-27,2024-25,Pre-ASG
1610612739,12,0022400649,12,CLE,Cleveland Cavaliers,2025-01-27,2024-25,Pre-ASG
1610612765,12,0022400649,20,DET,Detroit Pistons,2025-01-27,2024-25,Pre-ASG
1610612737,10,0022400656,19,ATL,Atlanta Hawks,2025-01-27,2024-25,Pre-ASG
1610612750,9,0022400656,13,MIN,Minnesota Timberwolves,2025-01-27,2024-25,Pre-ASG
1610612746,10,0022400659,12,LAC,LA Clippers,2025-01-27,2024-25,Pre-ASG
1610612756,8,0022400659,15,PHX,Phoenix Suns,2025-01-27,2024-25,Pre-ASG
1610612748,9,0022400652,14,MIA,Miami Heat,2025-01-27,2024-25,Pre-ASG
1610612753,9,0022400652,22,ORL,Orlando Magic,2025-01-27,2024-25,Pre-ASG
1610612747,9,0022400648,16,LAL,Los Angeles Lakers,2025-01-27,2024-25,Pre-ASG
1610612766,12,0022400648,17,CHA,Charlotte Hornets,2025-01-27,2024-25,Pre-ASG
1610612738,11,0022400650,16,BOS,Boston Celtics,2025-01-27,2024-25,Pre-ASG
1610612745,9,0022400650,18,HOU,Houston Rockets,2025-01-27,2024-25,Pre-ASG
1610612751,10,0022400651,23,BKN,Brooklyn Nets,2025-01-27,2024-25,Pre-ASG
1610612758,10,0022400651,18,SAC,Sacramento Kings,2025-01-27,2024-25,Pre-ASG
1610612749,9,0022400658,14,MIL,Milwaukee Bucks,2025-01-27,2024-25,Pre-ASG
1610612762,10,0022400658,16,UTA,Utah Jazz,2025-01-27,2024-25,Pre-ASG
1610612742,12,0022400657,13,DAL,Dallas Mavericks,2025-01-27,2024-25,Pre-ASG
1610612764,14,0022400657,11,WAS,Washington Wizards,2025-01-27,2024-25,Pre-ASG
1610612740,9,0022400654,17,NOP,New Orleans Pelicans,2025-01-27,2024-25,Pre-ASG
1610612761,10,0022400654,18,TOR,Toronto Raptors,2025-01-27,2024-25,Pre-ASG
1610612757,10,0022400647,15,POR,Portland Trail Blazers,2025-01-26,2024-25,Pre-ASG
1610612760,10,0022400647,16,OKC,Oklahoma City Thunder,2025-01-26,2024-25,Pre-ASG
1610612753,11,0022400638,18,ORL,Orlando Magic,2025-01-25,2024-25,Pre-ASG
1610612765,11,0022400638,18,DET,Detroit Pistons,2025-01-25,2024-25,Pre-ASG
1610612737,11,0022400639,16,ATL,Atlanta Hawks,2025-01-25,2024-25,Pre-ASG
1610612761,11,0022400639,18,TOR,Toronto Raptors,2025-01-25,2024-25,Pre-ASG
1610612748,9,0022400636,14,MIA,Miami Heat,2025-01-25,2024-25,Pre-ASG
1610612751,9,0022400636,16,BKN,Brooklyn Nets,2025-01-25,2024-25,Pre-ASG
1610612741,11,0022400642,16,CHI,Chicago Bulls,2025-01-25,2024-25,Pre-ASG
1610612755,10,0022400642,12,PHI,Philadelphia 76ers,2025-01-25,2024-25,Pre-ASG
1610612752,13,0022400641,18,NYK,New York Knicks,2025-01-25,2024-25,Pre-ASG
1610612758,12,0022400641,17,SAC,Sacramento Kings,2025-01-25,2024-25,Pre-ASG
1610612754,13,0022400633,18,IND,Indiana Pacers,2025-01-25,2024-25,Pre-ASG
1610612759,15,0022400633,15,SAS,San Antonio Spurs,2025-01-25,2024-25,Pre-ASG
1610612738,11,0022400635,16,BOS,Boston Celtics,2025-01-25,2024-25,Pre-ASG
1610612742,12,0022400635,17,DAL,Dallas Mavericks,2025-01-25,2024-25,Pre-ASG
1610612739,10,0022400640,18,CLE,Cleveland Cavaliers,2025-01-25,2024-25,Pre-ASG
1610612745,9,0022400640,15,HOU,Houston Rockets,2025-01-25,2024-25,Pre-ASG
1610612762,10,0022400643,14,UTA,Utah Jazz,2025-01-25,2024-25,Pre-ASG
1610612763,11,0022400643,15,MEM,Memphis Grizzlies,2025-01-25,2024-25,Pre-ASG
1610612740,11,0022400637,17,NOP,New Orleans Pelicans,2025-01-25,2024-25,Pre-ASG
1610612766,11,0022400637,14,CHA,Charlotte Hornets,2025-01-25,2024-25,Pre-ASG
1610612744,12,0022400644,20,GSW,Golden State Warriors,2025-01-25,2024-25,Pre-ASG
1610612747,10,0022400644,16,LAL,Los Angeles Lakers,2025-01-25,2024-25,Pre-ASG
1610612746,10,0022400646,18,LAC,LA Clippers,2025-01-25,2024-25,Pre-ASG
1610612749,12,0022400646,12,MIL,Milwaukee Bucks,2025-01-25,2024-25,Pre-ASG
1610612743,13,0022400634,12,DEN,Denver Nuggets,2025-01-25,2024-25,Pre-ASG
1610612750,12,0022400634,14,MIN,Minnesota Timberwolves,2025-01-25,2024-25,Pre-ASG
1610612756,9,0022400645,13,PHX,Phoenix Suns,2025-01-25,2024-25,Pre-ASG
1610612764,9,0022400645,9,WAS,Washington Wizards,2025-01-25,2024-25,Pre-ASG
1610612739,10,0022400631,17,CLE,Cleveland Cavaliers,2025-01-24,2024-25,Pre-ASG
1610612755,8,0022400631,14,PHI,Philadelphia 76ers,2025-01-24,2024-25,Pre-ASG
1610612757,9,0022400630,14,POR,Portland Trail Blazers,2025-01-24,2024-25,Pre-ASG
1610612766,10,0022400630,16,CHA,Charlotte Hornets,2025-01-24,2024-25,Pre-ASG
1610612740,11,0022400632,13,NOP,New Orleans Pelicans,2025-01-24,2024-25,Pre-ASG
1610612763,10,0022400632,17,MEM,Memphis Grizzlies,2025-01-24,2024-25,Pre-ASG
1610612738,13,0022400629,14,BOS,Boston Celtics,2025-01-23,2024-25,Pre-ASG
1610612747,13,0022400629,14,LAL,Los Angeles Lakers,2025-01-23,2024-25,Pre-ASG
1610612741,12,0022400628,22,CHI,Chicago Bulls,2025-01-23,2024-25,Pre-ASG
1610612744,13,0022400628,23,GSW,Golden State Warriors,2025-01-23,2024-25,Pre-ASG
1610612754,13,0022400621,16,IND,Indiana Pacers,2025-01-23,2024-25,Pre-ASG
1610612759,14,0022400621,19,SAS,San Antonio Spurs,2025-01-23,2024-25,Pre-ASG
1610612748,11,0022400624,13,MIA,Miami Heat,2025-01-23,2024-25,Pre-ASG
1610612749,14,0022400624,16,MIL,Milwaukee Bucks,2025-01-23,2024-25,Pre-ASG
1610612743,9,0022400626,14,DEN,Denver Nuggets,2025-01-23,2024-25,Pre-ASG
1610612758,10,0022400626,14,SAC,Sacramento Kings,2025-01-23,2024-25,Pre-ASG
1610612746,13,0022400983,9,LAC,LA Clippers,2025-01-23,2024-25,Pre-ASG
1610612764,12,0022400983,15,WAS,Washington Wizards,2025-01-23,2024-25,Pre-ASG
1610612753,11,0022400622,21,ORL,Orlando Magic,2025-01-23,2024-25,Pre-ASG
1610612757,14,0022400622,16,POR,Portland Trail Blazers,2025-01-23,2024-25,Pre-ASG
1610612742,10,0022400625,22,DAL,Dallas Mavericks,2025-01-23,2024-25,Pre-ASG
1610612760,10,0022400625,17,OKC,Oklahoma City Thunder,2025-01-23,2024-25,Pre-ASG
1610612737,10,0022400623,14,ATL,Atlanta Hawks,2025-01-23,2024-25,Pre-ASG
1610612761,10,0022400623,17,TOR,Toronto Raptors,2025-01-23,2024-25,Pre-ASG
1610612742,9,0022400614,17,DAL,Dallas Mavericks,2025-01-22,2024-25,Pre-ASG
1610612750,8,0022400614,14,MIN,Minnesota Timberwolves,2025-01-22,2024-25,Pre-ASG
1610612739,10,0022400615,15,CLE,Cleveland Cavaliers,2025-01-22,2024-25,Pre-ASG
1610612745,9,0022400615,16,HOU,Houston Rockets,2025-01-22,2024-25,Pre-ASG
1610612763,11,0022400616,22,MEM,Memphis Grizzlies,2025-01-22,2024-25,Pre-ASG
1610612766,12,0022400616,15,CHA,Charlotte Hornets,2025-01-22,2024-25,Pre-ASG
1610612744,11,0022400619,24,GSW,Golden State Warriors,2025-01-22,2024-25,Pre-ASG
1610612758,10,0022400619,11,SAC,Sacramento Kings,2025-01-22,2024-25,Pre-ASG
1610612738,10,0022400620,17,BOS,Boston Celtics,2025-01-22,2024-25,Pre-ASG
1610612746,9,0022400620,10,LAC,LA Clippers,2025-01-22,2024-25,Pre-ASG
1610612760,11,0022400618,16,OKC,Oklahoma City Thunder,2025-01-22,2024-25,Pre-ASG
1610612762,10,0022400618,11,UTA,Utah Jazz,2025-01-22,2024-25,Pre-ASG
1610612737,9,0022400612,13,ATL,Atlanta Hawks,2025-01-22,2024-25,Pre-ASG
1610612765,11,0022400612,13,DET,Detroit Pistons,2025-01-22,2024-25,Pre-ASG
1610612751,9,0022400613,12,BKN,Brooklyn Nets,2025-01-22,2024-25,Pre-ASG
1610612756,13,0022400613,14,PHX,Phoenix Suns,2025-01-22,2024-25,Pre-ASG
1610612743,13,0022400609,10,DEN,Denver Nuggets,2025-01-21,2024-25,Pre-ASG
1610612755,12,0022400609,12,PHI,Philadelphia 76ers,2025-01-21,2024-25,Pre-ASG
1610612751,9,0022400606,20,BKN,Brooklyn Nets,2025-01-21,2024-25,Pre-ASG
1610612752,9,0022400606,13,NYK,New York Knicks,2025-01-21,2024-25,Pre-ASG
1610612747,11,0022400610,15,LAL,Los Angeles Lakers,2025-01-21,2024-25,Pre-ASG
1610612764,12,0022400610,10,WAS,Washington Wizards,2025-01-21,2024-25,Pre-ASG
1610612748,10,0022400607,10,MIA,Miami Heat,2025-01-21,2024-25,Pre-ASG
1610612757,9,0022400607,9,POR,Portland Trail Blazers,2025-01-21,2024-25,Pre-ASG
1610612753,9,0022400608,17,ORL,Orlando Magic,2025-01-21,2024-25,Pre-ASG
1610612761,15,0022400608,25,TOR,Toronto Raptors,2025-01-21,2024-25,Pre-ASG
1610612738,14,0022400604,14,BOS,Boston Celtics,2025-01-20,2024-25,Pre-ASG
1610612744,12,0022400604,16,GSW,Golden State Warriors,2025-01-20,2024-25,Pre-ASG
1610612750,9,0022400601,15,MIN,Minnesota Timberwolves,2025-01-20,2024-25,Pre-ASG
1610612763,12,0022400601,27,MEM,Memphis Grizzlies,2025-01-20,2024-25,Pre-ASG
1610612745,9,0022400600,15,HOU,Houston Rockets,2025-01-20,2024-25,Pre-ASG
1610612765,10,0022400600,16,DET,Detroit Pistons,2025-01-20,2024-25,Pre-ASG
1610612740,9,0022400605,17,NOP,New Orleans Pelicans,2025-01-20,2024-25,Pre-ASG
1610612762,10,0022400605,20,UTA,Utah Jazz,2025-01-20,2024-25,Pre-ASG
1610612737,9,0022400602,22,ATL,Atlanta Hawks,2025-01-20,2024-25,Pre-ASG
1610612752,9,0022400602,13,NYK,New York Knicks,2025-01-20,2024-25,Pre-ASG
1610612739,13,0022400603,14,CLE,Cleveland Cavaliers,2025-01-20,2024-25,Pre-ASG
1610612756,13,0022400603,18,PHX,Phoenix Suns,2025-01-20,2024-25,Pre-ASG
1610612742,9,0022400599,18,DAL,Dallas Mavericks,2025-01-20,2024-25,Pre-ASG
1610612766,10,0022400599,14,CHA,Charlotte Hornets,2025-01-20,2024-25,Pre-ASG
1610612741,10,0022400611,16,CHI,Chicago Bulls,2025-01-20,2024-25,Pre-ASG
1610612746,14,0022400611,13,LAC,LA Clippers,2025-01-20,2024-25,Pre-ASG
1610612746,11,0022400596,16,LAC,LA Clippers,2025-01-19,2024-25,Pre-ASG
1610612747,11,0022400596,25,LAL,Los Angeles Lakers,2025-01-19,2024-25,Pre-ASG
1610612751,11,0022400595,13,BKN,Brooklyn Nets,2025-01-19,2024-25,Pre-ASG
1610612760,12,0022400595,18,OKC,Oklahoma City Thunder,2025-01-19,2024-25,Pre-ASG
1610612743,13,0022400593,14,DEN,Denver Nuggets,2025-01-19,2024-25,Pre-ASG
1610612753,10,0022400593,13,ORL,Orlando Magic,2025-01-19,2024-25,Pre-ASG
1610612758,12,0022400598,11,SAC,Sacramento Kings,2025-01-19,2024-25,Pre-ASG
1610612764,13,0022400598,18,WAS,Washington Wizards,2025-01-19,2024-25,Pre-ASG
1610612748,12,0022400592,10,MIA,Miami Heat,2025-01-19,2024-25,Pre-ASG
1610612759,14,0022400592,13,SAS,San Antonio Spurs,2025-01-19,2024-25,Pre-ASG
1610612741,11,0022400597,16,CHI,Chicago Bulls,2025-01-19,2024-25,Pre-ASG
1610612757,9,0022400597,8,POR,Portland Trail Blazers,2025-01-19,2024-25,Pre-ASG
1610612749,11,0022400594,14,MIL,Milwaukee Bucks,2025-01-19,2024-25,Pre-ASG
1610612755,8,0022400594,15,PHI,Philadelphia 76ers,2025-01-19,2024-25,Pre-ASG
1610612745,11,0022400591,15,HOU,Houston Rockets,2025-01-18,2024-25,Pre-ASG
1610612757,13,0022400591,17,POR,Portland Trail Blazers,2025-01-18,2024-25,Pre-ASG
1610612756,10,0022400586,20,PHX,Phoenix Suns,2025-01-18,2024-25,Pre-ASG
1610612765,11,0022400586,24,DET,Detroit Pistons,2025-01-18,2024-25,Pre-ASG
1610612744,11,0022400589,21,GSW,Golden State Warriors,2025-01-18,2024-25,Pre-ASG
1610612764,8,0022400589,8,WAS,Washington Wizards,2025-01-18,2024-25,Pre-ASG
1610612737,9,0022400587,15,ATL,Atlanta Hawks,2025-01-18,2024-25,Pre-ASG
1610612738,8,0022400587,11,BOS,Boston Celtics,2025-01-18,2024-25,Pre-ASG
1610612754,13,0022400588,16,IND,Indiana Pacers,2025-01-18,2024-25,Pre-ASG
1610612755,9,0022400588,16,PHI,Philadelphia 76ers,2025-01-18,2024-25,Pre-ASG
1610612739,9,0022400590,17,CLE,Cleveland Cavaliers,2025-01-18,2024-25,Pre-ASG
1610612750,9,0022400590,13,MIN,Minnesota Timberwolves,2025-01-18,2024-25,Pre-ASG
1610612740,11,0022400581,22,NOP,New Orleans Pelicans,2025-01-17,2024-25,Pre-ASG
1610612762,11,0022400581,19,UTA,Utah Jazz,2025-01-17,2024-25,Pre-ASG
1610612742,11,0022400583,22,DAL,Dallas Mavericks,2025-01-17,2024-25,Pre-ASG
1610612760,11,0022400583,22,OKC,Oklahoma City Thunder,2025-01-17,2024-25,Pre-ASG
1610612749,12,0022400580,15,MIL,Milwaukee Bucks,2025-01-17,2024-25,Pre-ASG
1610612761,12,0022400580,21,TOR,Toronto Raptors,2025-01-17,2024-25,Pre-ASG
1610612743,13,0022400579,13,DEN,Denver Nuggets,2025-01-17,2024-25,Pre-ASG
1610612748,11,0022400579,12,MIA,Miami Heat,2025-01-17,2024-25,Pre-ASG
1610612741,11,0022400584,16,CHI,Chicago Bulls,2025-01-17,2024-25,Pre-ASG
1610612766,10,0022400584,15,CHA,Charlotte Hornets,2025-01-17,2024-25,Pre-ASG
1610612759,13,0022400582,12,SAS,San Antonio Spurs,2025-01-17,2024-25,Pre-ASG
1610612763,12,0022400582,21,MEM,Memphis Grizzlies,2025-01-17,2024-25,Pre-ASG
1610612738,13,0022400577,13,BOS,Boston Celtics,2025-01-17,2024-25,Pre-ASG
1610612753,10,0022400577,19,ORL,Orlando Magic,2025-01-17,2024-25,Pre-ASG
1610612747,9,0022400585,17,LAL,Los Angeles Lakers,2025-01-17,2024-25,Pre-ASG
1610612751,10,0022400585,18,BKN,Brooklyn Nets,2025-01-17,2024-25,Pre-ASG
1610612750,11,0022400578,12,MIN,Minnesota Timberwolves,2025-01-17,2024-25,Pre-ASG
1610612752,11,0022400578,11,NYK,New York Knicks,2025-01-17,2024-25,Pre-ASG
1610612756,10,0022400573,21,PHX,Phoenix Suns,2025-01-16,2024-25,Pre-ASG
1610612764,10,0022400573,11,WAS,Washington Wizards,2025-01-16,2024-25,Pre-ASG
1610612739,14,0022400574,15,CLE,Cleveland Cavaliers,2025-01-16,2024-25,Pre-ASG
1610612760,13,0022400574,14,OKC,Oklahoma City Thunder,2025-01-16,2024-25,Pre-ASG
1610612754,10,0022400572,16,IND,Indiana Pacers,2025-01-16,2024-25,Pre-ASG
1610612765,10,0022400572,17,DET,Detroit Pistons,2025-01-16,2024-25,Pre-ASG
1610612745,9,0022400576,12,HOU,Houston Rockets,2025-01-16,2024-25,Pre-ASG
1610612758,9,0022400576,12,SAC,Sacramento Kings,2025-01-16,2024-25,Pre-ASG
1610612746,14,0022400575,11,LAC,LA Clippers,2025-01-16,2024-25,Pre-ASG
1610612757,12,0022400575,14,POR,Portland Trail Blazers,2025-01-16,2024-25,Pre-ASG
1610612740,10,0022400566,14,NOP,New Orleans Pelicans,2025-01-15,2024-25,Pre-ASG
1610612742,11,0022400566,21,DAL,Dallas Mavericks,2025-01-15,2024-25,Pre-ASG
1610612746,13,0022400571,11,LAC,LA Clippers,2025-01-15,2024-25,Pre-ASG
1610612751,10,0022400571,15,BKN,Brooklyn Nets,2025-01-15,2024-25,Pre-ASG
1610612747,9,0022400570,15,LAL,Los Angeles Lakers,2025-01-15,2024-25,Pre-ASG
1610612748,9,0022400570,14,MIA,Miami Heat,2025-01-15,2024-25,Pre-ASG
1610612752,8,0022400561,12,NYK,New York Knicks,2025-01-15,2024-25,Pre-ASG
1610612755,9,0022400561,13,PHI,Philadelphia 76ers,2025-01-15,2024-25,Pre-ASG
1610612759,9,0022400567,9,SAS,San Antonio Spurs,2025-01-15,2024-25,Pre-ASG
1610612763,11,0022400567,21,MEM,Memphis Grizzlies,2025-01-15,2024-25,Pre-ASG
1610612743,12,0022400568,13,DEN,Denver Nuggets,2025-01-15,2024-25,Pre-ASG
1610612745,12,0022400568,18,HOU,Houston Rockets,2025-01-15,2024-25,Pre-ASG
1610612762,10,0022400569,14,UTA,Utah Jazz,2025-01-15,2024-25,Pre-ASG
1610612766,11,0022400569,17,CHA,Charlotte Hornets,2025-01-15,2024-25,Pre-ASG
1610612749,15,0022400564,19,MIL,Milwaukee Bucks,2025-01-15,2024-25,Pre-ASG
1610612753,10,0022400564,16,ORL,Orlando Magic,2025-01-15,2024-25,Pre-ASG
1610612737,9,0022400563,16,ATL,Atlanta Hawks,2025-01-15,2024-25,Pre-ASG
1610612741,13,0022400563,21,CHI,Chicago Bulls,2025-01-15,2024-25,Pre-ASG
1610612744,9,0022400565,24,GSW,Golden State Warriors,2025-01-15,2024-25,Pre-ASG
1610612750,8,0022400565,14,MIN,Minnesota Timberwolves,2025-01-15,2024-25,Pre-ASG
1610612738,13,0022400562,12,BOS,Boston Celtics,2025-01-15,2024-25,Pre-ASG
1610612761,11,0022400562,15,TOR,Toronto Raptors,2025-01-15,2024-25,Pre-ASG
1610612751,12,0022400560,14,BKN,Brooklyn Nets,2025-01-14,2024-25,Pre-ASG
1610612757,12,0022400560,13,POR,Portland Trail Blazers,2025-01-14,2024-25,Pre-ASG
1610612742,13,0022400559,16,DAL,Dallas Mavericks,2025-01-14,2024-25,Pre-ASG
1610612743,13,0022400559,13,DEN,Denver Nuggets,2025-01-14,2024-25,Pre-ASG
1610612737,9,0022400556,15,ATL,Atlanta Hawks,2025-01-14,2024-25,Pre-ASG
1610612756,9,0022400556,19,PHX,Phoenix Suns,2025-01-14,2024-25,Pre-ASG
1610612749,13,0022400558,14,MIL,Milwaukee Bucks,2025-01-14,2024-25,Pre-ASG
1610612758,13,0022400558,12,SAC,Sacramento Kings,2025-01-14,2024-25,Pre-ASG
1610612739,12,0022400554,14,CLE,Cleveland Cavaliers,2025-01-14,2024-25,Pre-ASG
1610612754,12,0022400554,18,IND,Indiana Pacers,2025-01-14,2024-25,Pre-ASG
1610612755,9,0022400555,20,PHI,Philadelphia 76ers,2025-01-14,2024-25,Pre-ASG
1610612760,12,0022400555,14,OKC,Oklahoma City Thunder,2025-01-14,2024-25,Pre-ASG
1610612740,10,0022400557,16,NOP,New Orleans Pelicans,2025-01-14,2024-25,Pre-ASG
1610612741,11,0022400557,19,CHI,Chicago Bulls,2025-01-14,2024-25,Pre-ASG
1610612750,13,0022400548,15,MIN,Minnesota Timberwolves,2025-01-13,2024-25,Pre-ASG
1610612764,13,0022400548,14,WAS,Washington Wizards,2025-01-13,2024-25,Pre-ASG
1610612747,11,0022400552,15,LAL,Los Angeles Lakers,2025-01-13,2024-25,Pre-ASG
1610612759,13,0022400552,14,SAS,San Antonio Spurs,2025-01-13,2024-25,Pre-ASG
1610612746,10,0022400553,12,LAC,LA Clippers,2025-01-13,2024-25,Pre-ASG
1610612748,9,0022400553,11,MIA,Miami Heat,2025-01-13,2024-25,Pre-ASG
1610612752,9,0022400549,15,NYK,New York Knicks,2025-01-13,2024-25,Pre-ASG
1610612765,10,0022400549,17,DET,Detroit Pistons,2025-01-13,2024-25,Pre-ASG
1610612745,9,0022400551,19,HOU,Houston Rockets,2025-01-13,2024-25,Pre-ASG
1610612763,10,0022400551,21,MEM,Memphis Grizzlies,2025-01-13,2024-25,Pre-ASG
1610612744,10,0022400550,20,GSW,Golden State Warriors,2025-01-13,2024-25,Pre-ASG
1610612761,10,0022400550,16,TOR,Toronto Raptors,2025-01-13,2024-25,Pre-ASG
1610612753,10,0022400544,18,ORL,Orlando Magic,2025-01-12,2024-25,Pre-ASG
1610612755,10,0022400544,19,PHI,Philadelphia 76ers,2025-01-12,2024-25,Pre-ASG
1610612749,13,0022400539,17,MIL,Milwaukee Bucks,2025-01-12,2024-25,Pre-ASG
1610612752,13,0022400539,13,NYK,New York Knicks,2025-01-12,2024-25,Pre-ASG
1610612756,9,0022400547,18,PHX,Phoenix Suns,2025-01-12,2024-25,Pre-ASG
1610612766,10,0022400547,21,CHA,Charlotte Hornets,2025-01-12,2024-25,Pre-ASG
1610612739,13,0022400543,14,CLE,Cleveland Cavaliers,2025-01-12,2024-25,Pre-ASG
1610612754,11,0022400543,19,IND,Indiana Pacers,2025-01-12,2024-25,Pre-ASG
1610612742,10,0022400540,19,DAL,Dallas Mavericks,2025-01-12,2024-25,Pre-ASG
1610612743,9,0022400540,15,DEN,Denver Nuggets,2025-01-12,2024-25,Pre-ASG
1610612760,11,0022400545,10,OKC,Oklahoma City Thunder,2025-01-12,2024-25,Pre-ASG
1610612764,13,0022400545,14,WAS,Washington Wizards,2025-01-12,2024-25,Pre-ASG
1610612738,9,0022400542,13,BOS,Boston Celtics,2025-01-12,2024-25,Pre-ASG
1610612740,10,0022400542,17,NOP,New Orleans Pelicans,2025-01-12,2024-25,Pre-ASG
1610612741,10,0022400541,20,CHI,Chicago Bulls,2025-01-12,2024-25,Pre-ASG
1610612758,9,0022400541,9,SAC,Sacramento Kings,2025-01-12,2024-25,Pre-ASG
1610612751,10,0022400546,14,BKN,Brooklyn Nets,2025-01-12,2024-25,Pre-ASG
1610612762,10,0022400546,18,UTA,Utah Jazz,2025-01-12,2024-25,Pre-ASG
1610612756,10,0022400533,17,PHX,Phoenix Suns,2025-01-11,2024-25,Pre-ASG
1610612762,11,0022400533,12,UTA,Utah Jazz,2025-01-11,2024-25,Pre-ASG
1610612748,12,0022400536,16,MIA,Miami Heat,2025-01-11,2024-25,Pre-ASG
1610612757,13,0022400536,14,POR,Portland Trail Blazers,2025-01-11,2024-25,Pre-ASG
1610612761,10,0022400534,16,TOR,Toronto Raptors,2025-01-11,2024-25,Pre-ASG
1610612765,10,0022400534,18,DET,Detroit Pistons,2025-01-11,2024-25,Pre-ASG
1610612750,9,0022400535,18,MIN,Minnesota Timberwolves,2025-01-11,2024-25,Pre-ASG
1610612763,11,0022400535,19,MEM,Memphis Grizzlies,2025-01-11,2024-25,Pre-ASG
1610612741,13,0022400530,16,CHI,Chicago Bulls,2025-01-10,2024-25,Pre-ASG
1610612764,14,0022400530,16,WAS,Washington Wizards,2025-01-10,2024-25,Pre-ASG
1610612744,10,0022400525,19,GSW,Golden State Warriors,2025-01-10,2024-25,Pre-ASG
1610612754,13,0022400525,12,IND,Indiana Pacers,2025-01-10,2024-25,Pre-ASG
1610612738,12,0022400528,12,BOS,Boston Celtics,2025-01-10,2024-25,Pre-ASG
1610612758,8,0022400528,9,SAC,Sacramento Kings,2025-01-10,2024-25,Pre-ASG
1610612740,9,0022400527,11,NOP,New Orleans Pelicans,2025-01-10,2024-25,Pre-ASG
1610612755,10,0022400527,14,PHI,Philadelphia 76ers,2025-01-10,2024-25,Pre-ASG
1610612743,10,0022400531,18,DEN,Denver Nuggets,2025-01-10,2024-25,Pre-ASG
1610612751,10,0022400531,20,BKN,Brooklyn Nets,2025-01-10,2024-25,Pre-ASG
1610612749,9,0022400526,12,MIL,Milwaukee Bucks,2025-01-10,2024-25,Pre-ASG
1610612753,11,0022400526,17,ORL,Orlando Magic,2025-01-10,2024-25,Pre-ASG
1610612752,13,0022400529,11,NYK,New York Knicks,2025-01-10,2024-25,Pre-ASG
1610612760,11,0022400529,18,OKC,Oklahoma City Thunder,2025-01-10,2024-25,Pre-ASG
1610612737,10,0022400522,21,ATL,Atlanta Hawks,2025-01-09,2024-25,Pre-ASG
1610612756,10,0022400522,17,PHX,Phoenix Suns,2025-01-09,2024-25,Pre-ASG
1610612739,10,0022400517,16,CLE,Cleveland Cavaliers,2025-01-09,2024-25,Pre-ASG
1610612761,10,0022400517,16,TOR,Toronto Raptors,2025-01-09,2024-25,Pre-ASG
1610612742,10,0022400521,16,DAL,Dallas Mavericks,2025-01-09,2024-25,Pre-ASG
1610612757,9,0022400521,17,POR,Portland Trail Blazers,2025-01-09,2024-25,Pre-ASG
1610612750,12,0022400519,15,MIN,Minnesota Timberwolves,2025-01-09,2024-25,Pre-ASG
1610612753,11,0022400519,11,ORL,Orlando Magic,2025-01-09,2024-25,Pre-ASG
1610612748,9,0022400523,11,MIA,Miami Heat,2025-01-09,2024-25,Pre-ASG
1610612762,10,0022400523,10,UTA,Utah Jazz,2025-01-09,2024-25,Pre-ASG
1610612744,10,0022400518,18,GSW,Golden State Warriors,2025-01-09,2024-25,Pre-ASG
1610612765,10,0022400518,12,DET,Detroit Pistons,2025-01-09,2024-25,Pre-ASG
1610612745,9,0022400520,17,HOU,Houston Rockets,2025-01-09,2024-25,Pre-ASG
1610612763,11,0022400520,27,MEM,Memphis Grizzlies,2025-01-09,2024-25,Pre-ASG
1610612743,12,0022400515,11,DEN,Denver Nuggets,2025-01-08,2024-25,Pre-ASG
1610612746,13,0022400515,12,LAC,LA Clippers,2025-01-08,2024-25,Pre-ASG
1610612739,10,0022400509,13,CLE,Cleveland Cavaliers,2025-01-08,2024-25,Pre-ASG
1610612760,9,0022400509,19,OKC,Oklahoma City Thunder,2025-01-08,2024-25,Pre-ASG
1610612741,13,0022400510,22,CHI,Chicago Bulls,2025-01-08,2024-25,Pre-ASG
1610612754,12,0022400510,14,IND,Indiana Pacers,2025-01-08,2024-25,Pre-ASG
1610612751,8,0022400513,12,BKN,Brooklyn Nets,2025-01-08,2024-25,Pre-ASG
1610612765,13,0022400513,15,DET,Detroit Pistons,2025-01-08,2024-25,Pre-ASG
1610612752,12,0022400511,13,NYK,New York Knicks,2025-01-08,2024-25,Pre-ASG
1610612761,13,0022400511,21,TOR,Toronto Raptors,2025-01-08,2024-25,Pre-ASG
1610612755,10,0022400512,14,PHI,Philadelphia 76ers,2025-01-08,2024-25,Pre-ASG
1610612764,9,0022400512,12,WAS,Washington Wizards,2025-01-08,2024-25,Pre-ASG
1610612740,12,0022400514,16,NOP,New Orleans Pelicans,2025-01-08,2024-25,Pre-ASG
1610612757,12,0022400514,13,POR,Portland Trail Blazers,2025-01-08,2024-25,Pre-ASG
1610612749,13,0022400516,11,MIL,Milwaukee Bucks,2025-01-08,2024-25,Pre-ASG
1610612759,13,0022400516,15,SAS,San Antonio Spurs,2025-01-08,2024-25,Pre-ASG
1610612737,9,0022400506,16,ATL,Atlanta Hawks,2025-01-07,2024-25,Pre-ASG
1610612762,10,0022400506,12,UTA,Utah Jazz,2025-01-07,2024-25,Pre-ASG
1610612740,10,0022400505,21,NOP,New Orleans Pelicans,2025-01-07,2024-25,Pre-ASG
1610612750,9,0022400505,16,MIN,Minnesota Timberwolves,2025-01-07,2024-25,Pre-ASG
1610612745,12,0022400503,15,HOU,Houston Rockets,2025-01-07,2024-25,Pre-ASG
1610612764,12,0022400503,14,WAS,Washington Wizards,2025-01-07,2024-25,Pre-ASG
1610612756,11,0022400502,16,PHX,Phoenix Suns,2025-01-07,2024-25,Pre-ASG
1610612766,10,0022400502,15,CHA,Charlotte Hornets,2025-01-07,2024-25,Pre-ASG
1610612738,10,0022400507,13,BOS,Boston Celtics,2025-01-07,2024-25,Pre-ASG
1610612743,12,0022400507,16,DEN,Denver Nuggets,2025-01-07,2024-25,Pre-ASG
1610612744,11,0022400508,16,GSW,Golden State Warriors,2025-01-07,2024-25,Pre-ASG
1610612748,12,0022400508,10,MIA,Miami Heat,2025-01-07,2024-25,Pre-ASG
1610612742,11,0022400504,16,DAL,Dallas Mavericks,2025-01-07,2024-25,Pre-ASG
1610612747,10,0022400504,18,LAL,Los Angeles Lakers,2025-01-07,2024-25,Pre-ASG
1610612742,12,0022400499,24,DAL,Dallas Mavericks,2025-01-06,2024-25,Pre-ASG
1610612763,11,0022400499,24,MEM,Memphis Grizzlies,2025-01-06,2024-25,Pre-ASG
1610612751,10,0022400495,13,BKN,Brooklyn Nets,2025-01-06,2024-25,Pre-ASG
1610612754,12,0022400495,14,IND,Indiana Pacers,2025-01-06,2024-25,Pre-ASG
1610612755,11,0022400494,10,PHI,Philadelphia 76ers,2025-01-06,2024-25,Pre-ASG
1610612756,11,0022400494,14,PHX,Phoenix Suns,2025-01-06,2024-25,Pre-ASG
1610612741,10,0022400498,14,CHI,Chicago Bulls,2025-01-06,2024-25,Pre-ASG
1610612759,10,0022400498,11,SAS,San Antonio Spurs,2025-01-06,2024-25,Pre-ASG
1610612749,14,0022400497,17,MIL,Milwaukee Bucks,2025-01-06,2024-25,Pre-ASG
1610612761,11,0022400497,16,TOR,Toronto Raptors,2025-01-06,2024-25,Pre-ASG
1610612752,8,0022400496,14,NYK,New York Knicks,2025-01-06,2024-25,Pre-ASG
1610612753,10,0022400496,15,ORL,Orlando Magic,2025-01-06,2024-25,Pre-ASG
1610612748,9,0022400501,12,MIA,Miami Heat,2025-01-06,2024-25,Pre-ASG
1610612758,10,0022400501,10,SAC,Sacramento Kings,2025-01-06,2024-25,Pre-ASG
1610612746,10,0022400500,14,LAC,LA Clippers,2025-01-06,2024-25,Pre-ASG
1610612750,10,0022400500,14,MIN,Minnesota Timberwolves,2025-01-06,2024-25,Pre-ASG
1610612757,8,0022400493,9,POR,Portland Trail Blazers,2025-01-06,2024-25,Pre-ASG
1610612765,11,0022400493,17,DET,Detroit Pistons,2025-01-06,2024-25,Pre-ASG
1610612744,12,0022400492,17,GSW,Golden State Warriors,2025-01-05,2024-25,Pre-ASG
1610612758,12,0022400492,17,SAC,Sacramento Kings,2025-01-05,2024-25,Pre-ASG
1610612745,9,0022400491,17,HOU,Houston Rockets,2025-01-05,2024-25,Pre-ASG
1610612747,10,0022400491,17,LAL,Los Angeles Lakers,2025-01-05,2024-25,Pre-ASG
1610612738,9,0022400487,11,BOS,Boston Celtics,2025-01-05,2024-25,Pre-ASG
1610612760,9,0022400487,11,OKC,Oklahoma City Thunder,2025-01-05,2024-25,Pre-ASG
1610612753,10,0022400490,13,ORL,Orlando Magic,2025-01-05,2024-25,Pre-ASG
1610612762,10,0022400490,10,UTA,Utah Jazz,2025-01-05,2024-25,Pre-ASG
1610612740,10,0022400489,11,NOP,New Orleans Pelicans,2025-01-05,2024-25,Pre-ASG
1610612764,11,0022400489,19,WAS,Washington Wizards,2025-01-05,2024-25,Pre-ASG
1610612739,13,0022400488,14,CLE,Cleveland Cavaliers,2025-01-05,2024-25,Pre-ASG
1610612766,12,0022400488,20,CHA,Charlotte Hornets,2025-01-05,2024-25,Pre-ASG
1610612743,10,0022400484,11,DEN,Denver Nuggets,2025-01-04,2024-25,Pre-ASG
1610612759,11,0022400484,19,SAS,San Antonio Spurs,2025-01-04,2024-25,Pre-ASG
1610612744,10,0022400485,16,GSW,Golden State Warriors,2025-01-04,2024-25,Pre-ASG
1610612763,9,0022400485,14,MEM,Memphis Grizzlies,2025-01-04,2024-25,Pre-ASG
1610612749,10,0022400483,12,MIL,Milwaukee Bucks,2025-01-04,2024-25,Pre-ASG
1610612757,8,0022400483,8,POR,Portland Trail Blazers,2025-01-04,2024-25,Pre-ASG
1610612754,11,0022400480,13,IND,Indiana Pacers,2025-01-04,2024-25,Pre-ASG
1610612756,11,0022400480,18,PHX,Phoenix Suns,2025-01-04,2024-25,Pre-ASG
1610612750,8,0022400479,11,MIN,Minnesota Timberwolves,2025-01-04,2024-25,Pre-ASG
1610612765,9,0022400479,18,DET,Detroit Pistons,2025-01-04,2024-25,Pre-ASG
1610612737,10,0022400486,16,ATL,Atlanta Hawks,2025-01-04,2024-25,Pre-ASG
1610612746,14,0022400486,12,LAC,LA Clippers,2025-01-04,2024-25,Pre-ASG
1610612748,12,0022400481,14,MIA,Miami Heat,2025-01-04,2024-25,Pre-ASG
1610612762,11,0022400481,14,UTA,Utah Jazz,2025-01-04,2024-25,Pre-ASG
1610612741,11,0022400482,16,CHI,Chicago Bulls,2025-01-04,2024-25,Pre-ASG
1610612752,12,0022400482,12,NYK,New York Knicks,2025-01-04,2024-25,Pre-ASG
1610612751,10,0022400478,18,BKN,Brooklyn Nets,2025-01-04,2024-25,Pre-ASG
1610612755,12,0022400478,11,PHI,Philadelphia 76ers,2025-01-04,2024-25,Pre-ASG
1610612738,12,0022400471,14,BOS,Boston Celtics,2025-01-03,2024-25,Pre-ASG
1610612745,11,0022400471,16,HOU,Houston Rockets,2025-01-03,2024-25,Pre-ASG
1610612753,11,0022400470,13,ORL,Orlando Magic,2025-01-03,2024-25,Pre-ASG
1610612761,10,0022400470,17,TOR,Toronto Raptors,2025-01-03,2024-25,Pre-ASG
1610612739,13,0022400474,17,CLE,Cleveland Cavaliers,2025-01-03,2024-25,Pre-ASG
1610612742,13,0022400474,18,DAL,Dallas Mavericks,2025-01-03,2024-25,Pre-ASG
1610612740,10,0022400472,12,NOP,New Orleans Pelicans,2025-01-03,2024-25,Pre-ASG
1610612764,13,0022400472,14,WAS,Washington Wizards,2025-01-03,2024-25,Pre-ASG
1610612752,8,0022400473,9,NYK,New York Knicks,2025-01-03,2024-25,Pre-ASG
1610612760,10,0022400473,18,OKC,Oklahoma City Thunder,2025-01-03,2024-25,Pre-ASG
1610612765,11,0022400469,21,DET,Detroit Pistons,2025-01-03,2024-25,Pre-ASG
1610612766,10,0022400469,20,CHA,Charlotte Hornets,2025-01-03,2024-25,Pre-ASG
1610612758,9,0022400476,15,SAC,Sacramento Kings,2025-01-03,2024-25,Pre-ASG
1610612763,10,0022400476,18,MEM,Memphis Grizzlies,2025-01-03,2024-25,Pre-ASG
1610612737,11,0022400477,14,ATL,Atlanta Hawks,2025-01-03,2024-25,Pre-ASG
1610612747,11,0022400477,16,LAL,Los Angeles Lakers,2025-01-03,2024-25,Pre-ASG
1610612743,9,0022400475,14,DEN,Denver Nuggets,2025-01-03,2024-25,Pre-ASG
1610612759,9,0022400475,10,SAS,San Antonio Spurs,2025-01-03,2024-25,Pre-ASG
1610612747,10,0022400468,17,LAL,Los Angeles Lakers,2025-01-02,2024-25,Pre-ASG
1610612757,9,0022400468,9,POR,Portland Trail Blazers,2025-01-02,2024-25,Pre-ASG
1610612748,13,0022400463,15,MIA,Miami Heat,2025-01-02,2024-25,Pre-ASG
1610612754,11,0022400463,16,IND,Indiana Pacers,2025-01-02,2024-25,Pre-ASG
1610612738,9,0022400464,12,BOS,Boston Celtics,2025-01-02,2024-25,Pre-ASG
1610612750,9,0022400464,11,MIN,Minnesota Timberwolves,2025-01-02,2024-25,Pre-ASG
1610612744,13,0022400467,12,GSW,Golden State Warriors,2025-01-02,2024-25,Pre-ASG
1610612755,12,0022400467,14,PHI,Philadelphia 76ers,2025-01-02,2024-25,Pre-ASG
1610612749,11,0022400465,15,MIL,Milwaukee Bucks,2025-01-02,2024-25,Pre-ASG
1610612751,9,0022400465,22,BKN,Brooklyn Nets,2025-01-02,2024-25,Pre-ASG
1610612746,12,0022400466,14,LAC,LA Clippers,2025-01-02,2024-25,Pre-ASG
1610612760,13,0022400466,11,OKC,Oklahoma City Thunder,2025-01-02,2024-25,Pre-ASG
1610612755,10,0022400462,15,PHI,Philadelphia 76ers,2025-01-01,2024-25,Pre-ASG
1610612758,9,0022400462,13,SAC,Sacramento Kings,2025-01-01,2024-25,Pre-ASG
1610612753,11,0022400455,15,ORL,Orlando Magic,2025-01-01,2024-25,Pre-ASG
1610612765,10,0022400455,18,DET,Detroit Pistons,2025-01-01,2024-25,Pre-ASG
1610612751,11,0022400459,20,BKN,Brooklyn Nets,2025-01-01,2024-25,Pre-ASG
1610612761,13,0022400459,18,TOR,Toronto Raptors,2025-01-01,2024-25,Pre-ASG
1610612740,9,0022400457,11,NOP,New Orleans Pelicans,2025-01-01,2024-25,Pre-ASG
1610612748,9,0022400457,8,MIA,Miami Heat,2025-01-01,2024-25,Pre-ASG
1610612737,10,0022400461,14,ATL,Atlanta Hawks,2025-01-01,2024-25,Pre-ASG
1610612743,12,0022400461,18,DEN,Denver Nuggets,2025-01-01,2024-25,Pre-ASG
1610612741,12,0022400456,20,CHI,Chicago Bulls,2025-01-01,2024-25,Pre-ASG
1610612764,14,0022400456,15,WAS,Washington Wizards,2025-01-01,2024-25,Pre-ASG
1610612752,8,0022400458,10,NYK,New York Knicks,2025-01-01,2024-25,Pre-ASG
1610612762,10,0022400458,10,UTA,Utah Jazz,2025-01-01,2024-25,Pre-ASG
1610612742,13,0022400460,24,DAL,Dallas Mavericks,2025-01-01,2024-25,Pre-ASG
1610612745,9,0022400460,12,HOU,Houston Rockets,2025-01-01,2024-25,Pre-ASG
1610612738,13,0022400449,11,BOS,Boston Celtics,2024-12-31,2024-25,Pre-ASG
1610612761,14,0022400449,19,TOR,Toronto Raptors,2024-12-31,2024-25,Pre-ASG
1610612739,10,0022400454,18,CLE,Cleveland Cavaliers,2024-12-31,2024-25,Pre-ASG
1610612747,9,0022400454,17,LAL,Los Angeles Lakers,2024-12-31,2024-25,Pre-ASG
1610612756,10,0022400453,21,PHX,Phoenix Suns,2024-12-31,2024-25,Pre-ASG
1610612763,9,0022400453,16,MEM,Memphis Grizzlies,2024-12-31,2024-25,Pre-ASG
1610612746,13,0022400451,9,LAC,LA Clippers,2024-12-31,2024-25,Pre-ASG
1610612759,15,0022400451,16,SAS,San Antonio Spurs,2024-12-31,2024-25,Pre-ASG
1610612750,9,0022400452,14,MIN,Minnesota Timberwolves,2024-12-31,2024-25,Pre-ASG
1610612760,10,0022400452,18,OKC,Oklahoma City Thunder,2024-12-31,2024-25,Pre-ASG
1610612749,10,0022400450,15,MIL,Milwaukee Bucks,2024-12-31,2024-25,Pre-ASG
1610612754,10,0022400450,14,IND,Indiana Pacers,2024-12-31,2024-25,Pre-ASG
1610612740,9,0022400444,14,NOP,New Orleans Pelicans,2024-12-30,2024-25,Pre-ASG
1610612746,9,0022400444,13,LAC,LA Clippers,2024-12-30,2024-25,Pre-ASG
1610612742,11,0022400448,25,DAL,Dallas Mavericks,2024-12-30,2024-25,Pre-ASG
1610612758,13,0022400448,17,SAC,Sacramento Kings,2024-12-30,2024-25,Pre-ASG
1610612741,11,0022400442,22,CHI,Chicago Bulls,2024-12-30,2024-25,Pre-ASG
1610612766,11,0022400442,21,CHA,Charlotte Hornets,2024-12-30,2024-25,Pre-ASG
1610612743,9,0022400445,11,DEN,Denver Nuggets,2024-12-30,2024-25,Pre-ASG
1610612762,10,0022400445,12,UTA,Utah Jazz,2024-12-30,2024-25,Pre-ASG
1610612752,13,0022400443,14,NYK,New York Knicks,2024-12-30,2024-25,Pre-ASG
1610612764,14,0022400443,14,WAS,Washington Wizards,2024-12-30,2024-25,Pre-ASG
1610612739,14,0022400446,16,CLE,Cleveland Cavaliers,2024-12-30,2024-25,Pre-ASG
1610612744,12,0022400446,15,GSW,Golden State Warriors,2024-12-30,2024-25,Pre-ASG
1610612755,11,0022400447,15,PHI,Philadelphia 76ers,2024-12-30,2024-25,Pre-ASG
1610612757,13,0022400447,14,POR,Portland Trail Blazers,2024-12-30,2024-25,Pre-ASG
1610612745,9,0022400439,17,HOU,Houston Rockets,2024-12-29,2024-25,Pre-ASG
1610612748,9,0022400439,11,MIA,Miami Heat,2024-12-29,2024-25,Pre-ASG
1610612750,9,0022400441,12,MIN,Minnesota Timberwolves,2024-12-29,2024-25,Pre-ASG
1610612759,11,0022400441,19,SAS,San Antonio Spurs,2024-12-29,2024-25,Pre-ASG
1610612760,13,0022400440,21,OKC,Oklahoma City Thunder,2024-12-29,2024-25,Pre-ASG
1610612763,11,0022400440,16,MEM,Memphis Grizzlies,2024-12-29,2024-25,Pre-ASG
1610612751,9,0022400436,20,BKN,Brooklyn Nets,2024-12-29,2024-25,Pre-ASG
1610612753,12,0022400436,20,ORL,Orlando Magic,2024-12-29,2024-25,Pre-ASG
1610612737,11,0022400438,16,ATL,Atlanta Hawks,2024-12-29,2024-25,Pre-ASG
1610612761,13,0022400438,21,TOR,Toronto Raptors,2024-12-29,2024-25,Pre-ASG
1610612738,12,0022400437,14,BOS,Boston Celtics,2024-12-29,2024-25,Pre-ASG
1610612754,11,0022400437,13,IND,Indiana Pacers,2024-12-29,2024-25,Pre-ASG
1610612744,9,0022400431,14,GSW,Golden State Warriors,2024-12-28,2024-25,Pre-ASG
1610612756,9,0022400431,17,PHX,Phoenix Suns,2024-12-28,2024-25,Pre-ASG
1610612741,12,0022400430,18,CHI,Chicago Bulls,2024-12-28,2024-25,Pre-ASG
1610612749,9,0022400430,12,MIL,Milwaukee Bucks,2024-12-28,2024-25,Pre-ASG
1610612743,9,0022400432,10,DEN,Denver Nuggets,2024-12-28,2024-25,Pre-ASG
1610612765,13,0022400432,15,DET,Detroit Pistons,2024-12-28,2024-25,Pre-ASG
1610612752,9,0022400429,9,NYK,New York Knicks,2024-12-28,2024-25,Pre-ASG
1610612764,8,0022400429,13,WAS,Washington Wizards,2024-12-28,2024-25,Pre-ASG
1610612737,9,0022400427,13,ATL,Atlanta Hawks,2024-12-28,2024-25,Pre-ASG
1610612748,10,0022400427,18,MIA,Miami Heat,2024-12-28,2024-25,Pre-ASG
1610612755,9,0022400433,17,PHI,Philadelphia 76ers,2024-12-28,2024-25,Pre-ASG
1610612762,11,0022400433,18,UTA,Utah Jazz,2024-12-28,2024-25,Pre-ASG
1610612742,11,0022400434,21,DAL,Dallas Mavericks,2024-12-28,2024-25,Pre-ASG
1610612757,9,0022400434,13,POR,Portland Trail Blazers,2024-12-28,2024-25,Pre-ASG
1610612747,9,0022400435,15,LAL,Los Angeles Lakers,2024-12-28,2024-25,Pre-ASG
1610612758,10,0022400435,14,SAC,Sacramento Kings,2024-12-28,2024-25,Pre-ASG
1610612760,10,0022400428,16,OKC,Oklahoma City Thunder,2024-12-28,2024-25,Pre-ASG
1610612766,10,0022400428,14,CHA,Charlotte Hornets,2024-12-28,2024-25,Pre-ASG
1610612738,12,0022400420,15,BOS,Boston Celtics,2024-12-27,2024-25,Pre-ASG
1610612754,12,0022400420,14,IND,Indiana Pacers,2024-12-27,2024-25,Pre-ASG
1610612752,10,0022400419,16,NYK,New York Knicks,2024-12-27,2024-25,Pre-ASG
1610612753,12,0022400419,13,ORL,Orlando Magic,2024-12-27,2024-25,Pre-ASG
1610612751,9,0022400421,12,BKN,Brooklyn Nets,2024-12-27,2024-25,Pre-ASG
1610612759,9,0022400421,16,SAS,San Antonio Spurs,2024-12-27,2024-25,Pre-ASG
1610612744,12,0022400426,12,GSW,Golden State Warriors,2024-12-27,2024-25,Pre-ASG
1610612746,9,0022400426,13,LAC,LA Clippers,2024-12-27,2024-25,Pre-ASG
1610612745,10,0022400422,13,HOU,Houston Rockets,2024-12-27,2024-25,Pre-ASG
1610612750,9,0022400422,14,MIN,Minnesota Timberwolves,2024-12-27,2024-25,Pre-ASG
1610612742,13,0022400425,19,DAL,Dallas Mavericks,2024-12-27,2024-25,Pre-ASG
1610612756,12,0022400425,18,PHX,Phoenix Suns,2024-12-27,2024-25,Pre-ASG
1610612739,11,0022400424,13,CLE,Cleveland Cavaliers,2024-12-27,2024-25,Pre-ASG
1610612743,12,0022400424,11,DEN,Denver Nuggets,2024-12-27,2024-25,Pre-ASG
1610612740,10,0022400423,16,NOP,New Orleans Pelicans,2024-12-27,2024-25,Pre-ASG
1610612763,11,0022400423,20,MEM,Memphis Grizzlies,2024-12-27,2024-25,Pre-ASG
1610612757,9,0022400417,15,POR,Portland Trail Blazers,2024-12-26,2024-25,Pre-ASG
1610612762,10,0022400417,10,UTA,Utah Jazz,2024-12-26,2024-25,Pre-ASG
1610612761,12,0022400414,16,TOR,Toronto Raptors,2024-12-26,2024-25,Pre-ASG
1610612763,12,0022400414,15,MEM,Memphis Grizzlies,2024-12-26,2024-25,Pre-ASG
1610612754,10,0022400410,11,IND,Indiana Pacers,2024-12-26,2024-25,Pre-ASG
1610612760,11,0022400410,11,OKC,Oklahoma City Thunder,2024-12-26,2024-25,Pre-ASG
1610612758,10,0022400418,18,SAC,Sacramento Kings,2024-12-26,2024-25,Pre-ASG
1610612765,11,0022400418,22,DET,Detroit Pistons,2024-12-26,2024-25,Pre-ASG
1610612764,9,0022400412,14,WAS,Washington Wizards,2024-12-26,2024-25,Pre-ASG
1610612766,12,0022400412,17,CHA,Charlotte Hornets,2024-12-26,2024-25,Pre-ASG
1610612749,9,0022400415,15,MIL,Milwaukee Bucks,2024-12-26,2024-25,Pre-ASG
1610612751,10,0022400415,13,BKN,Brooklyn Nets,2024-12-26,2024-25,Pre-ASG
1610612737,9,0022400413,16,ATL,Atlanta Hawks,2024-12-26,2024-25,Pre-ASG
1610612741,10,0022400413,10,CHI,Chicago Bulls,2024-12-26,2024-25,Pre-ASG
1610612748,9,0022400411,13,MIA,Miami Heat,2024-12-26,2024-25,Pre-ASG
1610612753,11,0022400411,15,ORL,Orlando Magic,2024-12-26,2024-25,Pre-ASG
1610612740,11,0022400416,13,NOP,New Orleans Pelicans,2024-12-26,2024-25,Pre-ASG
1610612745,12,0022400416,11,HOU,Houston Rockets,2024-12-26,2024-25,Pre-ASG
1610612743,9,0022400409,12,DEN,Denver Nuggets,2024-12-25,2024-25,Pre-ASG
1610612756,10,0022400409,10,PHX,Phoenix Suns,2024-12-25,2024-25,Pre-ASG
1610612744,10,0022400408,18,GSW,Golden State Warriors,2024-12-25,2024-25,Pre-ASG
1610612747,9,0022400408,15,LAL,Los Angeles Lakers,2024-12-25,2024-25,Pre-ASG
1610612752,8,0022400405,11,NYK,New York Knicks,2024-12-25,2024-25,Pre-ASG
1610612759,9,0022400405,13,SAS,San Antonio Spurs,2024-12-25,2024-25,Pre-ASG
1610612742,10,0022400406,21,DAL,Dallas Mavericks,2024-12-25,2024-25,Pre-ASG
1610612750,9,0022400406,15,MIN,Minnesota Timberwolves,2024-12-25,2024-25,Pre-ASG
1610612738,10,0022400407,16,BOS,Boston Celtics,2024-12-25,2024-25,Pre-ASG
1610612755,8,0022400407,9,PHI,Philadelphia 76ers,2024-12-25,2024-25,Pre-ASG
1610612746,9,0022400399,14,LAC,LA Clippers,2024-12-23,2024-25,Pre-ASG
1610612763,10,0022400399,16,MEM,Memphis Grizzlies,2024-12-23,2024-25,Pre-ASG
1610612744,10,0022400403,21,GSW,Golden State Warriors,2024-12-23,2024-25,Pre-ASG
1610612754,10,0022400403,19,IND,Indiana Pacers,2024-12-23,2024-25,Pre-ASG
1610612747,9,0022400404,15,LAL,Los Angeles Lakers,2024-12-23,2024-25,Pre-ASG
1610612765,10,0022400404,18,DET,Detroit Pistons,2024-12-23,2024-25,Pre-ASG
1610612742,14,0022400401,17,DAL,Dallas Mavericks,2024-12-23,2024-25,Pre-ASG
1610612757,12,0022400401,16,POR,Portland Trail Blazers,2024-12-23,2024-25,Pre-ASG
1610612739,10,0022400392,13,CLE,Cleveland Cavaliers,2024-12-23,2024-25,Pre-ASG
1610612762,10,0022400392,12,UTA,Utah Jazz,2024-12-23,2024-25,Pre-ASG
1610612760,13,0022400400,20,OKC,Oklahoma City Thunder,2024-12-23,2024-25,Pre-ASG
1610612764,13,0022400400,20,WAS,Washington Wizards,2024-12-23,2024-25,Pre-ASG
1610612737,11,0022400395,12,ATL,Atlanta Hawks,2024-12-23,2024-25,Pre-ASG
1610612750,13,0022400395,10,MIN,Minnesota Timberwolves,2024-12-23,2024-25,Pre-ASG
1610612752,12,0022400397,12,NYK,New York Knicks,2024-12-23,2024-25,Pre-ASG
1610612761,12,0022400397,18,TOR,Toronto Raptors,2024-12-23,2024-25,Pre-ASG
1610612748,12,0022400396,17,MIA,Miami Heat,2024-12-23,2024-25,Pre-ASG
1610612751,12,0022400396,18,BKN,Brooklyn Nets,2024-12-23,2024-25,Pre-ASG
1610612755,10,0022400394,15,PHI,Philadelphia 76ers,2024-12-23,2024-25,Pre-ASG
1610612759,10,0022400394,13,SAS,San Antonio Spurs,2024-12-23,2024-25,Pre-ASG
1610612745,12,0022400391,15,HOU,Houston Rockets,2024-12-23,2024-25,Pre-ASG
1610612766,13,0022400391,17,CHA,Charlotte Hornets,2024-12-23,2024-25,Pre-ASG
1610612738,8,0022400393,13,BOS,Boston Celtics,2024-12-23,2024-25,Pre-ASG
1610612753,10,0022400393,14,ORL,Orlando Magic,2024-12-23,2024-25,Pre-ASG
1610612743,14,0022400402,14,DEN,Denver Nuggets,2024-12-23,2024-25,Pre-ASG
1610612756,12,0022400402,19,PHX,Phoenix Suns,2024-12-23,2024-25,Pre-ASG
1610612741,12,0022400398,18,CHI,Chicago Bulls,2024-12-23,2024-25,Pre-ASG
1610612749,13,0022400398,12,MIL,Milwaukee Bucks,2024-12-23,2024-25,Pre-ASG
1610612754,12,0022400389,19,IND,Indiana Pacers,2024-12-22,2024-25,Pre-ASG
1610612758,13,0022400389,12,SAC,Sacramento Kings,2024-12-22,2024-25,Pre-ASG
1610612745,10,0022400388,16,HOU,Houston Rockets,2024-12-22,2024-25,Pre-ASG
1610612761,9,0022400388,18,TOR,Toronto Raptors,2024-12-22,2024-25,Pre-ASG
1610612740,9,0022400390,13,NOP,New Orleans Pelicans,2024-12-22,2024-25,Pre-ASG
1610612743,9,0022400390,14,DEN,Denver Nuggets,2024-12-22,2024-25,Pre-ASG
1610612739,12,0022400380,19,CLE,Cleveland Cavaliers,2024-12-21,2024-25,Pre-ASG
1610612755,12,0022400380,16,PHI,Philadelphia 76ers,2024-12-21,2024-25,Pre-ASG
1610612756,9,0022400387,14,PHX,Phoenix Suns,2024-12-21,2024-25,Pre-ASG
1610612765,10,0022400387,19,DET,Detroit Pistons,2024-12-21,2024-25,Pre-ASG
1610612749,10,0022400382,15,MIL,Milwaukee Bucks,2024-12-21,2024-25,Pre-ASG
1610612764,9,0022400382,11,WAS,Washington Wizards,2024-12-21,2024-25,Pre-ASG
1610612751,9,0022400379,19,BKN,Brooklyn Nets,2024-12-21,2024-25,Pre-ASG
1610612762,11,0022400379,16,UTA,Utah Jazz,2024-12-21,2024-25,Pre-ASG
1610612744,10,0022400383,23,GSW,Golden State Warriors,2024-12-21,2024-25,Pre-ASG
1610612750,9,0022400383,16,MIN,Minnesota Timberwolves,2024-12-21,2024-25,Pre-ASG
1610612742,13,0022400385,17,DAL,Dallas Mavericks,2024-12-21,2024-25,Pre-ASG
1610612746,11,0022400385,10,LAC,LA Clippers,2024-12-21,2024-25,Pre-ASG
1610612747,10,0022400376,14,LAL,Los Angeles Lakers,2024-12-21,2024-25,Pre-ASG
1610612758,10,0022400376,12,SAC,Sacramento Kings,2024-12-21,2024-25,Pre-ASG
1610612748,10,0022400377,19,MIA,Miami Heat,2024-12-21,2024-25,Pre-ASG
1610612753,12,0022400377,23,ORL,Orlando Magic,2024-12-21,2024-25,Pre-ASG
1610612737,12,0022400378,19,ATL,Atlanta Hawks,2024-12-21,2024-25,Pre-ASG
1610612763,12,0022400378,20,MEM,Memphis Grizzlies,2024-12-21,2024-25,Pre-ASG
1610612757,13,0022400386,14,POR,Portland Trail Blazers,2024-12-21,2024-25,Pre-ASG
1610612759,14,0022400386,14,SAS,San Antonio Spurs,2024-12-21,2024-25,Pre-ASG
1610612740,9,0022400384,13,NOP,New Orleans Pelicans,2024-12-21,2024-25,Pre-ASG
1610612752,9,0022400384,13,NYK,New York Knicks,2024-12-21,2024-25,Pre-ASG
1610612738,11,0022400381,13,BOS,Boston Celtics,2024-12-21,2024-25,Pre-ASG
1610612741,12,0022400381,22,CHI,Chicago Bulls,2024-12-21,2024-25,Pre-ASG
1610612748,10,0022400375,14,MIA,Miami Heat,2024-12-20,2024-25,Pre-ASG
1610612760,10,0022400375,19,OKC,Oklahoma City Thunder,2024-12-20,2024-25,Pre-ASG
1610612739,13,0022400374,11,CLE,Cleveland Cavaliers,2024-12-20,2024-25,Pre-ASG
1610612749,14,0022400374,18,MIL,Milwaukee Bucks,2024-12-20,2024-25,Pre-ASG
1610612755,10,0022400373,14,PHI,Philadelphia 76ers,2024-12-20,2024-25,Pre-ASG
1610612766,10,0022400373,16,CHA,Charlotte Hornets,2024-12-20,2024-25,Pre-ASG
1610612740,11,0022400365,18,NOP,New Orleans Pelicans,2024-12-19,2024-25,Pre-ASG
1610612745,12,0022400365,16,HOU,Houston Rockets,2024-12-19,2024-25,Pre-ASG
1610612754,10,0022400369,10,IND,Indiana Pacers,2024-12-19,2024-25,Pre-ASG
1610612756,11,0022400369,18,PHX,Phoenix Suns,2024-12-19,2024-25,Pre-ASG
1610612762,10,0022400360,16,UTA,Utah Jazz,2024-12-19,2024-25,Pre-ASG
1610612765,10,0022400360,21,DET,Detroit Pistons,2024-12-19,2024-25,Pre-ASG
1610612753,11,0022400361,14,ORL,Orlando Magic,2024-12-19,2024-25,Pre-ASG
1610612760,10,0022400361,17,OKC,Oklahoma City Thunder,2024-12-19,2024-25,Pre-ASG
1610612744,13,0022400366,19,GSW,Golden State Warriors,2024-12-19,2024-25,Pre-ASG
1610612763,12,0022400366,18,MEM,Memphis Grizzlies,2024-12-19,2024-25,Pre-ASG
1610612747,10,0022400372,21,LAL,Los Angeles Lakers,2024-12-19,2024-25,Pre-ASG
1610612758,13,0022400372,12,SAC,Sacramento Kings,2024-12-19,2024-25,Pre-ASG
1610612743,10,0022400371,10,DEN,Denver Nuggets,2024-12-19,2024-25,Pre-ASG
1610612757,9,0022400371,10,POR,Portland Trail Blazers,2024-12-19,2024-25,Pre-ASG
1610612742,13,0022400368,16,DAL,Dallas Mavericks,2024-12-19,2024-25,Pre-ASG
1610612746,11,0022400368,11,LAC,LA Clippers,2024-12-19,2024-25,Pre-ASG
1610612738,11,0022400363,13,BOS,Boston Celtics,2024-12-19,2024-25,Pre-ASG
1610612741,10,0022400363,15,CHI,Chicago Bulls,2024-12-19,2024-25,Pre-ASG
1610612737,9,0022400370,17,ATL,Atlanta Hawks,2024-12-19,2024-25,Pre-ASG
1610612759,10,0022400370,22,SAS,San Antonio Spurs,2024-12-19,2024-25,Pre-ASG
1610612764,9,0022400362,10,WAS,Washington Wizards,2024-12-19,2024-25,Pre-ASG
1610612766,11,0022400362,21,CHA,Charlotte Hornets,2024-12-19,2024-25,Pre-ASG
1610612750,12,0022400367,13,MIN,Minnesota Timberwolves,2024-12-19,2024-25,Pre-ASG
1610612752,12,0022400367,10,NYK,New York Knicks,2024-12-19,2024-25,Pre-ASG
1610612751,11,0022400364,17,BKN,Brooklyn Nets,2024-12-19,2024-25,Pre-ASG
1610612761,9,0022400364,18,TOR,Toronto Raptors,2024-12-19,2024-25,Pre-ASG
1610612741,10,0022401223,21,CHI,Chicago Bulls,2024-12-16,2024-25,Pre-ASG
1610612761,11,0022401223,18,TOR,Toronto Raptors,2024-12-16,2024-25,Pre-ASG
1610612748,9,0022401221,16,MIA,Miami Heat,2024-12-16,2024-25,Pre-ASG
1610612765,10,0022401221,25,DET,Detroit Pistons,2024-12-16,2024-25,Pre-ASG
1610612746,11,0022401226,13,LAC,LA Clippers,2024-12-16,2024-25,Pre-ASG
1610612762,10,0022401226,14,UTA,Utah Jazz,2024-12-16,2024-25,Pre-ASG
1610612739,12,0022401224,17,CLE,Cleveland Cavaliers,2024-12-16,2024-25,Pre-ASG
1610612751,11,0022401224,16,BKN,Brooklyn Nets,2024-12-16,2024-25,Pre-ASG
1610612743,9,0022401225,13,DEN,Denver Nuggets,2024-12-16,2024-25,Pre-ASG
1610612758,10,0022401225,17,SAC,Sacramento Kings,2024-12-16,2024-25,Pre-ASG
1610612755,9,0022401222,16,PHI,Philadelphia 76ers,2024-12-16,2024-25,Pre-ASG
1610612766,11,0022401222,21,CHA,Charlotte Hornets,2024-12-16,2024-25,Pre-ASG
1610612738,12,0022401217,11,BOS,Boston Celtics,2024-12-15,2024-25,Pre-ASG
1610612764,11,0022401217,12,WAS,Washington Wizards,2024-12-15,2024-25,Pre-ASG
1610612750,13,0022401218,14,MIN,Minnesota Timberwolves,2024-12-15,2024-25,Pre-ASG
1610612759,12,0022401218,15,SAS,San Antonio Spurs,2024-12-15,2024-25,Pre-ASG
1610612747,10,0022401220,15,LAL,Los Angeles Lakers,2024-12-15,2024-25,Pre-ASG
1610612763,12,0022401220,23,MEM,Memphis Grizzlies,2024-12-15,2024-25,Pre-ASG
1610612740,9,0022401216,12,NOP,New Orleans Pelicans,2024-12-15,2024-25,Pre-ASG
1610612754,10,0022401216,12,IND,Indiana Pacers,2024-12-15,2024-25,Pre-ASG
1610612752,8,0022401227,11,NYK,New York Knicks,2024-12-15,2024-25,Pre-ASG
1610612753,13,0022401227,15,ORL,Orlando Magic,2024-12-15,2024-25,Pre-ASG
1610612742,12,0022401228,15,DAL,Dallas Mavericks,2024-12-15,2024-25,Pre-ASG
1610612744,11,0022401228,19,GSW,Golden State Warriors,2024-12-15,2024-25,Pre-ASG
1610612756,11,0022401219,16,PHX,Phoenix Suns,2024-12-15,2024-25,Pre-ASG
1610612757,10,0022401219,14,POR,Portland Trail Blazers,2024-12-15,2024-25,Pre-ASG
1610612745,9,0022401230,15,HOU,Houston Rockets,2024-12-14,2024-25,Pre-ASG
1610612760,10,0022401230,15,OKC,Oklahoma City Thunder,2024-12-14,2024-25,Pre-ASG
1610612737,9,0022401229,16,ATL,Atlanta Hawks,2024-12-14,2024-25,Pre-ASG
1610612749,9,0022401229,16,MIL,Milwaukee Bucks,2024-12-14,2024-25,Pre-ASG
1610612756,11,0022401214,17,PHX,Phoenix Suns,2024-12-13,2024-25,Pre-ASG
1610612762,10,0022401214,12,UTA,Utah Jazz,2024-12-13,2024-25,Pre-ASG
1610612743,12,0022401213,11,DEN,Denver Nuggets,2024-12-13,2024-25,Pre-ASG
1610612746,11,0022401213,13,LAC,LA Clippers,2024-12-13,2024-25,Pre-ASG
1610612739,10,0022401208,16,CLE,Cleveland Cavaliers,2024-12-13,2024-25,Pre-ASG
1610612764,10,0022401208,14,WAS,Washington Wizards,2024-12-13,2024-25,Pre-ASG
1610612741,11,0022401212,19,CHI,Chicago Bulls,2024-12-13,2024-25,Pre-ASG
1610612766,13,0022401212,25,CHA,Charlotte Hornets,2024-12-13,2024-25,Pre-ASG
1610612754,11,0022401209,13,IND,Indiana Pacers,2024-12-13,2024-25,Pre-ASG
1610612755,10,0022401209,18,PHI,Philadelphia 76ers,2024-12-13,2024-25,Pre-ASG
1610612751,11,0022401211,16,BKN,Brooklyn Nets,2024-12-13,2024-25,Pre-ASG
1610612763,13,0022401211,15,MEM,Memphis Grizzlies,2024-12-13,2024-25,Pre-ASG
1610612747,9,0022401210,19,LAL,Los Angeles Lakers,2024-12-13,2024-25,Pre-ASG
1610612750,9,0022401210,14,MIN,Minnesota Timberwolves,2024-12-13,2024-25,Pre-ASG
1610612757,9,0022401215,16,POR,Portland Trail Blazers,2024-12-13,2024-25,Pre-ASG
1610612759,10,0022401215,19,SAS,San Antonio Spurs,2024-12-13,2024-25,Pre-ASG
1610612738,12,0022401205,13,BOS,Boston Celtics,2024-12-12,2024-25,Pre-ASG
1610612765,12,0022401205,18,DET,Detroit Pistons,2024-12-12,2024-25,Pre-ASG
1610612748,10,0022401206,14,MIA,Miami Heat,2024-12-12,2024-25,Pre-ASG
1610612761,11,0022401206,21,TOR,Toronto Raptors,2024-12-12,2024-25,Pre-ASG
1610612740,10,0022401207,14,NOP,New Orleans Pelicans,2024-12-12,2024-25,Pre-ASG
1610612758,11,0022401207,9,SAC,Sacramento Kings,2024-12-12,2024-25,Pre-ASG
1610612744,11,0022401204,16,GSW,Golden State Warriors,2024-12-11,2024-25,Pre-ASG
1610612745,8,0022401204,9,HOU,Houston Rockets,2024-12-11,2024-25,Pre-ASG
1610612737,9,0022401202,12,ATL,Atlanta Hawks,2024-12-11,2024-25,Pre-ASG
1610612752,9,0022401202,10,NYK,New York Knicks,2024-12-11,2024-25,Pre-ASG
1610612749,9,0022401201,15,MIL,Milwaukee Bucks,2024-12-10,2024-25,Pre-ASG
1610612753,10,0022401201,16,ORL,Orlando Magic,2024-12-10,2024-25,Pre-ASG
1610612742,12,0022401203,16,DAL,Dallas Mavericks,2024-12-10,2024-25,Pre-ASG
1610612760,12,0022401203,19,OKC,Oklahoma City Thunder,2024-12-10,2024-25,Pre-ASG
1610612752,8,0022400359,11,NYK,New York Knicks,2024-12-09,2024-25,Pre-ASG
1610612761,9,0022400359,15,TOR,Toronto Raptors,2024-12-09,2024-25,Pre-ASG
1610612749,9,0022400348,13,MIL,Milwaukee Bucks,2024-12-08,2024-25,Pre-ASG
1610612751,10,0022400348,14,BKN,Brooklyn Nets,2024-12-08,2024-25,Pre-ASG
1610612763,12,0022400353,15,MEM,Memphis Grizzlies,2024-12-08,2024-25,Pre-ASG
1610612764,9,0022400353,14,WAS,Washington Wizards,2024-12-08,2024-25,Pre-ASG
1610612745,9,0022400356,10,HOU,Houston Rockets,2024-12-08,2024-25,Pre-ASG
1610612746,9,0022400356,15,LAC,LA Clippers,2024-12-08,2024-25,Pre-ASG
1610612744,10,0022400355,15,GSW,Golden State Warriors,2024-12-08,2024-25,Pre-ASG
1610612750,9,0022400355,14,MIN,Minnesota Timberwolves,2024-12-08,2024-25,Pre-ASG
1610612753,10,0022400352,14,ORL,Orlando Magic,2024-12-08,2024-25,Pre-ASG
1610612756,10,0022400352,17,PHX,Phoenix Suns,2024-12-08,2024-25,Pre-ASG
1610612747,12,0022400358,13,LAL,Los Angeles Lakers,2024-12-08,2024-25,Pre-ASG
1610612757,12,0022400358,11,POR,Portland Trail Blazers,2024-12-08,2024-25,Pre-ASG
1610612740,10,0022400354,13,NOP,New Orleans Pelicans,2024-12-08,2024-25,Pre-ASG
1610612759,10,0022400354,20,SAS,San Antonio Spurs,2024-12-08,2024-25,Pre-ASG
1610612758,13,0022400357,14,SAC,Sacramento Kings,2024-12-08,2024-25,Pre-ASG
1610612762,12,0022400357,13,UTA,Utah Jazz,2024-12-08,2024-25,Pre-ASG
1610612739,12,0022400351,18,CLE,Cleveland Cavaliers,2024-12-08,2024-25,Pre-ASG
1610612748,10,0022400351,17,MIA,Miami Heat,2024-12-08,2024-25,Pre-ASG
1610612741,11,0022400347,16,CHI,Chicago Bulls,2024-12-08,2024-25,Pre-ASG
1610612755,10,0022400347,16,PHI,Philadelphia 76ers,2024-12-08,2024-25,Pre-ASG
1610612754,10,0022400349,16,IND,Indiana Pacers,2024-12-08,2024-25,Pre-ASG
1610612766,11,0022400349,18,CHA,Charlotte Hornets,2024-12-08,2024-25,Pre-ASG
1610612737,11,0022400350,19,ATL,Atlanta Hawks,2024-12-08,2024-25,Pre-ASG
1610612743,13,0022400350,15,DEN,Denver Nuggets,2024-12-08,2024-25,Pre-ASG
1610612743,9,0022400341,12,DEN,Denver Nuggets,2024-12-07,2024-25,Pre-ASG
1610612764,9,0022400341,11,WAS,Washington Wizards,2024-12-07,2024-25,Pre-ASG
1610612738,9,0022400345,14,BOS,Boston Celtics,2024-12-07,2024-25,Pre-ASG
1610612763,10,0022400345,18,MEM,Memphis Grizzlies,2024-12-07,2024-25,Pre-ASG
1610612740,9,0022400342,18,NOP,New Orleans Pelicans,2024-12-07,2024-25,Pre-ASG
1610612760,10,0022400342,16,OKC,Oklahoma City Thunder,2024-12-07,2024-25,Pre-ASG
1610612748,9,0022400346,8,MIA,Miami Heat,2024-12-07,2024-25,Pre-ASG
1610612756,9,0022400346,15,PHX,Phoenix Suns,2024-12-07,2024-25,Pre-ASG
1610612742,10,0022400344,11,DAL,Dallas Mavericks,2024-12-07,2024-25,Pre-ASG
1610612761,10,0022400344,17,TOR,Toronto Raptors,2024-12-07,2024-25,Pre-ASG
1610612739,10,0022400340,14,CLE,Cleveland Cavaliers,2024-12-07,2024-25,Pre-ASG
1610612766,11,0022400340,18,CHA,Charlotte Hornets,2024-12-07,2024-25,Pre-ASG
1610612752,9,0022400343,12,NYK,New York Knicks,2024-12-07,2024-25,Pre-ASG
1610612765,9,0022400343,17,DET,Detroit Pistons,2024-12-07,2024-25,Pre-ASG
1610612741,11,0022400336,15,CHI,Chicago Bulls,2024-12-06,2024-25,Pre-ASG
1610612754,9,0022400336,11,IND,Indiana Pacers,2024-12-06,2024-25,Pre-ASG
1610612758,13,0022400337,12,SAC,Sacramento Kings,2024-12-06,2024-25,Pre-ASG
1610612759,12,0022400337,15,SAS,San Antonio Spurs,2024-12-06,2024-25,Pre-ASG
1610612737,9,0022400334,16,ATL,Atlanta Hawks,2024-12-06,2024-25,Pre-ASG
1610612747,9,0022400334,16,LAL,Los Angeles Lakers,2024-12-06,2024-25,Pre-ASG
1610612753,11,0022400333,17,ORL,Orlando Magic,2024-12-06,2024-25,Pre-ASG
1610612755,9,0022400333,14,PHI,Philadelphia 76ers,2024-12-06,2024-25,Pre-ASG
1610612744,13,0022400338,23,GSW,Golden State Warriors,2024-12-06,2024-25,Pre-ASG
1610612750,13,0022400338,16,MIN,Minnesota Timberwolves,2024-12-06,2024-25,Pre-ASG
1610612738,8,0022400335,7,BOS,Boston Celtics,2024-12-06,2024-25,Pre-ASG
1610612749,9,0022400335,14,MIL,Milwaukee Bucks,2024-12-06,2024-25,Pre-ASG
1610612757,11,0022400339,12,POR,Portland Trail Blazers,2024-12-06,2024-25,Pre-ASG
1610612762,10,0022400339,8,UTA,Utah Jazz,2024-12-06,2024-25,Pre-ASG
1610612740,9,0022400330,15,NOP,New Orleans Pelicans,2024-12-05,2024-25,Pre-ASG
1610612756,10,0022400330,15,PHX,Phoenix Suns,2024-12-05,2024-25,Pre-ASG
1610612742,13,0022400326,15,DAL,Dallas Mavericks,2024-12-05,2024-25,Pre-ASG
1610612764,11,0022400326,11,WAS,Washington Wizards,2024-12-05,2024-25,Pre-ASG
1610612739,10,0022400325,15,CLE,Cleveland Cavaliers,2024-12-05,2024-25,Pre-ASG
1610612743,9,0022400325,9,DEN,Denver Nuggets,2024-12-05,2024-25,Pre-ASG
1610612760,12,0022400328,15,OKC,Oklahoma City Thunder,2024-12-05,2024-25,Pre-ASG
1610612761,12,0022400328,18,TOR,Toronto Raptors,2024-12-05,2024-25,Pre-ASG
1610612744,10,0022400332,18,GSW,Golden State Warriors,2024-12-05,2024-25,Pre-ASG
1610612745,9,0022400332,16,HOU,Houston Rockets,2024-12-05,2024-25,Pre-ASG
1610612758,10,0022400329,13,SAC,Sacramento Kings,2024-12-05,2024-25,Pre-ASG
1610612763,10,0022400329,20,MEM,Memphis Grizzlies,2024-12-05,2024-25,Pre-ASG
1610612752,12,0022400327,9,NYK,New York Knicks,2024-12-05,2024-25,Pre-ASG
1610612766,12,0022400327,21,CHA,Charlotte Hornets,2024-12-05,2024-25,Pre-ASG
1610612741,11,0022400331,16,CHI,Chicago Bulls,2024-12-05,2024-25,Pre-ASG
1610612759,13,0022400331,22,SAS,San Antonio Spurs,2024-12-05,2024-25,Pre-ASG
1610612747,11,0022400321,16,LAL,Los Angeles Lakers,2024-12-04,2024-25,Pre-ASG
1610612748,12,0022400321,12,MIA,Miami Heat,2024-12-04,2024-25,Pre-ASG
1610612746,12,0022400324,12,LAC,LA Clippers,2024-12-04,2024-25,Pre-ASG
1610612750,13,0022400324,15,MIN,Minnesota Timberwolves,2024-12-04,2024-25,Pre-ASG
1610612753,9,0022400322,12,ORL,Orlando Magic,2024-12-04,2024-25,Pre-ASG
1610612755,9,0022400322,15,PHI,Philadelphia 76ers,2024-12-04,2024-25,Pre-ASG
1610612738,10,0022400319,12,BOS,Boston Celtics,2024-12-04,2024-25,Pre-ASG
1610612765,10,0022400319,19,DET,Detroit Pistons,2024-12-04,2024-25,Pre-ASG
1610612737,9,0022400323,12,ATL,Atlanta Hawks,2024-12-04,2024-25,Pre-ASG
1610612749,13,0022400323,15,MIL,Milwaukee Bucks,2024-12-04,2024-25,Pre-ASG
1610612751,9,0022400320,13,BKN,Brooklyn Nets,2024-12-04,2024-25,Pre-ASG
1610612754,12,0022400320,17,IND,Indiana Pacers,2024-12-04,2024-25,Pre-ASG
1610612746,12,0022400060,19,LAC,LA Clippers,2024-12-03,2024-25,Pre-ASG
1610612757,11,0022400060,12,POR,Portland Trail Blazers,2024-12-03,2024-25,Pre-ASG
1610612749,13,0022400052,14,MIL,Milwaukee Bucks,2024-12-03,2024-25,Pre-ASG
1610612765,13,0022400052,20,DET,Detroit Pistons,2024-12-03,2024-25,Pre-ASG
1610612754,10,0022400054,15,IND,Indiana Pacers,2024-12-03,2024-25,Pre-ASG
1610612761,10,0022400054,16,TOR,Toronto Raptors,2024-12-03,2024-25,Pre-ASG
1610612745,11,0022400059,18,HOU,Houston Rockets,2024-12-03,2024-25,Pre-ASG
1610612758,12,0022400059,12,SAC,Sacramento Kings,2024-12-03,2024-25,Pre-ASG
1610612760,12,0022400055,16,OKC,Oklahoma City Thunder,2024-12-03,2024-25,Pre-ASG
1610612762,10,0022400055,9,UTA,Utah Jazz,2024-12-03,2024-25,Pre-ASG
1610612743,9,0022400058,13,DEN,Denver Nuggets,2024-12-03,2024-25,Pre-ASG
1610612744,10,0022400058,20,GSW,Golden State Warriors,2024-12-03,2024-25,Pre-ASG
1610612756,10,0022400057,22,PHX,Phoenix Suns,2024-12-03,2024-25,Pre-ASG
1610612759,9,0022400057,14,SAS,San Antonio Spurs,2024-12-03,2024-25,Pre-ASG
1610612739,12,0022400051,19,CLE,Cleveland Cavaliers,2024-12-03,2024-25,Pre-ASG
1610612764,13,0022400051,17,WAS,Washington Wizards,2024-12-03,2024-25,Pre-ASG
1610612755,10,0022400050,13,PHI,Philadelphia 76ers,2024-12-03,2024-25,Pre-ASG
1610612766,11,0022400050,17,CHA,Charlotte Hornets,2024-12-03,2024-25,Pre-ASG
1610612742,10,0022400056,22,DAL,Dallas Mavericks,2024-12-03,2024-25,Pre-ASG
1610612763,11,0022400056,18,MEM,Memphis Grizzlies,2024-12-03,2024-25,Pre-ASG
1610612752,12,0022400053,10,NYK,New York Knicks,2024-12-03,2024-25,Pre-ASG
1610612753,11,0022400053,15,ORL,Orlando Magic,2024-12-03,2024-25,Pre-ASG
1610612741,13,0022400317,18,CHI,Chicago Bulls,2024-12-02,2024-25,Pre-ASG
1610612751,10,0022400317,17,BKN,Brooklyn Nets,2024-12-02,2024-25,Pre-ASG
1610612737,9,0022400315,13,ATL,Atlanta Hawks,2024-12-02,2024-25,Pre-ASG
1610612740,9,0022400315,18,NOP,New Orleans Pelicans,2024-12-02,2024-25,Pre-ASG
1610612747,11,0022400318,14,LAL,Los Angeles Lakers,2024-12-02,2024-25,Pre-ASG
1610612750,13,0022400318,15,MIN,Minnesota Timberwolves,2024-12-02,2024-25,Pre-ASG
1610612738,12,0022400316,14,BOS,Boston Celtics,2024-12-02,2024-25,Pre-ASG
1610612748,11,0022400316,19,MIA,Miami Heat,2024-12-02,2024-25,Pre-ASG
1610612740,13,0022400308,17,NOP,New Orleans Pelicans,2024-12-01,2024-25,Pre-ASG
1610612752,12,0022400308,12,NYK,New York Knicks,2024-12-01,2024-25,Pre-ASG
1610612738,9,0022400307,16,BOS,Boston Celtics,2024-12-01,2024-25,Pre-ASG
1610612739,10,0022400307,15,CLE,Cleveland Cavaliers,2024-12-01,2024-25,Pre-ASG
1610612745,9,0022400310,18,HOU,Houston Rockets,2024-12-01,2024-25,Pre-ASG
1610612760,10,0022400310,20,OKC,Oklahoma City Thunder,2024-12-01,2024-25,Pre-ASG
1610612743,8,0022400314,13,DEN,Denver Nuggets,2024-12-01,2024-25,Pre-ASG
1610612746,10,0022400314,13,LAC,LA Clippers,2024-12-01,2024-25,Pre-ASG
1610612748,10,0022400309,15,MIA,Miami Heat,2024-12-01,2024-25,Pre-ASG
1610612761,10,0022400309,16,TOR,Toronto Raptors,2024-12-01,2024-25,Pre-ASG
1610612754,13,0022400306,24,IND,Indiana Pacers,2024-12-01,2024-25,Pre-ASG
1610612763,13,0022400306,25,MEM,Memphis Grizzlies,2024-12-01,2024-25,Pre-ASG
1610612758,9,0022400313,7,SAC,Sacramento Kings,2024-12-01,2024-25,Pre-ASG
1610612759,10,0022400313,19,SAS,San Antonio Spurs,2024-12-01,2024-25,Pre-ASG
1610612751,12,0022400305,20,BKN,Brooklyn Nets,2024-12-01,2024-25,Pre-ASG
1610612753,11,0022400305,14,ORL,Orlando Magic,2024-12-01,2024-25,Pre-ASG
1610612742,9,0022400312,15,DAL,Dallas Mavericks,2024-12-01,2024-25,Pre-ASG
1610612757,10,0022400312,17,POR,Portland Trail Blazers,2024-12-01,2024-25,Pre-ASG
1610612747,9,0022400311,12,LAL,Los Angeles Lakers,2024-12-01,2024-25,Pre-ASG
1610612762,10,0022400311,15,UTA,Utah Jazz,2024-12-01,2024-25,Pre-ASG
1610612749,9,0022400302,12,MIL,Milwaukee Bucks,2024-11-30,2024-25,Pre-ASG
1610612764,10,0022400302,15,WAS,Washington Wizards,2024-11-30,2024-25,Pre-ASG
1610612742,13,0022400304,16,DAL,Dallas Mavericks,2024-11-30,2024-25,Pre-ASG
1610612762,10,0022400304,11,UTA,Utah Jazz,2024-11-30,2024-25,Pre-ASG
1610612744,13,0022400303,21,GSW,Golden State Warriors,2024-11-30,2024-25,Pre-ASG
1610612756,9,0022400303,15,PHX,Phoenix Suns,2024-11-30,2024-25,Pre-ASG
1610612755,12,0022400301,17,PHI,Philadelphia 76ers,2024-11-30,2024-25,Pre-ASG
1610612765,12,0022400301,20,DET,Detroit Pistons,2024-11-30,2024-25,Pre-ASG
1610612737,10,0022400300,11,ATL,Atlanta Hawks,2024-11-30,2024-25,Pre-ASG
1610612766,10,0022400300,23,CHA,Charlotte Hornets,2024-11-30,2024-25,Pre-ASG
1610612757,9,0022400049,11,POR,Portland Trail Blazers,2024-11-29,2024-25,Pre-ASG
1610612758,12,0022400049,19,SAC,Sacramento Kings,2024-11-29,2024-25,Pre-ASG
1610612748,10,0022400046,16,MIA,Miami Heat,2024-11-29,2024-25,Pre-ASG
1610612761,10,0022400046,16,TOR,Toronto Raptors,2024-11-29,2024-25,Pre-ASG
1610612737,12,0022400041,10,ATL,Atlanta Hawks,2024-11-29,2024-25,Pre-ASG
1610612739,11,0022400041,18,CLE,Cleveland Cavaliers,2024-11-29,2024-25,Pre-ASG
1610612751,9,0022400043,15,BKN,Brooklyn Nets,2024-11-29,2024-25,Pre-ASG
1610612753,13,0022400043,16,ORL,Orlando Magic,2024-11-29,2024-25,Pre-ASG
1610612746,10,0022400044,9,LAC,LA Clippers,2024-11-29,2024-25,Pre-ASG
1610612750,8,0022400044,8,MIN,Minnesota Timberwolves,2024-11-29,2024-25,Pre-ASG
1610612752,8,0022400040,8,NYK,New York Knicks,2024-11-29,2024-25,Pre-ASG
1610612766,10,0022400040,14,CHA,Charlotte Hornets,2024-11-29,2024-25,Pre-ASG
1610612747,9,0022400048,16,LAL,Los Angeles Lakers,2024-11-29,2024-25,Pre-ASG
1610612760,11,0022400048,13,OKC,Oklahoma City Thunder,2024-11-29,2024-25,Pre-ASG
1610612740,9,0022400042,16,NOP,New Orleans Pelicans,2024-11-29,2024-25,Pre-ASG
1610612763,11,0022400042,23,MEM,Memphis Grizzlies,2024-11-29,2024-25,Pre-ASG
1610612754,12,0022400045,14,IND,Indiana Pacers,2024-11-29,2024-25,Pre-ASG
1610612765,11,0022400045,19,DET,Detroit Pistons,2024-11-29,2024-25,Pre-ASG
1610612738,9,0022400047,13,BOS,Boston Celtics,2024-11-29,2024-25,Pre-ASG
1610612741,12,0022400047,13,CHI,Chicago Bulls,2024-11-29,2024-25,Pre-ASG
1610612748,10,0022400286,15,MIA,Miami Heat,2024-11-27,2024-25,Pre-ASG
1610612766,10,0022400286,16,CHA,Charlotte Hornets,2024-11-27,2024-25,Pre-ASG
1610612740,11,0022400295,19,NOP,New Orleans Pelicans,2024-11-27,2024-25,Pre-ASG
1610612761,12,0022400295,17,TOR,Toronto Raptors,2024-11-27,2024-25,Pre-ASG
1610612751,9,0022400297,19,BKN,Brooklyn Nets,2024-11-27,2024-25,Pre-ASG
1610612756,12,0022400297,21,PHX,Phoenix Suns,2024-11-27,2024-25,Pre-ASG
1610612737,9,0022400287,10,ATL,Atlanta Hawks,2024-11-27,2024-25,Pre-ASG
1610612739,10,0022400287,14,CLE,Cleveland Cavaliers,2024-11-27,2024-25,Pre-ASG
1610612741,13,0022400289,21,CHI,Chicago Bulls,2024-11-27,2024-25,Pre-ASG
1610612753,13,0022400289,17,ORL,Orlando Magic,2024-11-27,2024-25,Pre-ASG
1610612742,10,0022400292,17,DAL,Dallas Mavericks,2024-11-27,2024-25,Pre-ASG
1610612752,8,0022400292,9,NYK,New York Knicks,2024-11-27,2024-25,Pre-ASG
1610612747,12,0022400296,17,LAL,Los Angeles Lakers,2024-11-27,2024-25,Pre-ASG
1610612759,14,0022400296,15,SAS,San Antonio Spurs,2024-11-27,2024-25,Pre-ASG
1610612745,10,0022400290,15,HOU,Houston Rockets,2024-11-27,2024-25,Pre-ASG
1610612755,9,0022400290,20,PHI,Philadelphia 76ers,2024-11-27,2024-25,Pre-ASG
1610612744,12,0022400299,18,GSW,Golden State Warriors,2024-11-27,2024-25,Pre-ASG
1610612760,10,0022400299,18,OKC,Oklahoma City Thunder,2024-11-27,2024-25,Pre-ASG
1610612750,9,0022400294,19,MIN,Minnesota Timberwolves,2024-11-27,2024-25,Pre-ASG
1610612758,11,0022400294,18,SAC,Sacramento Kings,2024-11-27,2024-25,Pre-ASG
1610612743,13,0022400298,11,DEN,Denver Nuggets,2024-11-27,2024-25,Pre-ASG
1610612762,10,0022400298,15,UTA,Utah Jazz,2024-11-27,2024-25,Pre-ASG
1610612746,12,0022400291,13,LAC,LA Clippers,2024-11-27,2024-25,Pre-ASG
1610612764,14,0022400291,18,WAS,Washington Wizards,2024-11-27,2024-25,Pre-ASG
1610612754,10,0022400288,15,IND,Indiana Pacers,2024-11-27,2024-25,Pre-ASG
1610612757,9,0022400288,12,POR,Portland Trail Blazers,2024-11-27,2024-25,Pre-ASG
1610612763,12,0022400293,19,MEM,Memphis Grizzlies,2024-11-27,2024-25,Pre-ASG
1610612765,12,0022400293,21,DET,Detroit Pistons,2024-11-27,2024-25,Pre-ASG
1610612748,11,0022400036,19,MIA,Miami Heat,2024-11-26,2024-25,Pre-ASG
1610612749,10,0022400036,17,MIL,Milwaukee Bucks,2024-11-26,2024-25,Pre-ASG
1610612747,11,0022400039,15,LAL,Los Angeles Lakers,2024-11-26,2024-25,Pre-ASG
1610612756,12,0022400039,17,PHX,Phoenix Suns,2024-11-26,2024-25,Pre-ASG
1610612741,13,0022400035,15,CHI,Chicago Bulls,2024-11-26,2024-25,Pre-ASG
1610612764,13,0022400035,15,WAS,Washington Wizards,2024-11-26,2024-25,Pre-ASG
1610612759,11,0022400038,14,SAS,San Antonio Spurs,2024-11-26,2024-25,Pre-ASG
1610612762,9,0022400038,11,UTA,Utah Jazz,2024-11-26,2024-25,Pre-ASG
1610612745,9,0022400037,12,HOU,Houston Rockets,2024-11-26,2024-25,Pre-ASG
1610612750,8,0022400037,14,MIN,Minnesota Timberwolves,2024-11-26,2024-25,Pre-ASG
1610612761,10,0022400278,20,TOR,Toronto Raptors,2024-11-25,2024-25,Pre-ASG
1610612765,10,0022400278,23,DET,Detroit Pistons,2024-11-25,2024-25,Pre-ASG
1610612740,9,0022400279,17,NOP,New Orleans Pelicans,2024-11-25,2024-25,Pre-ASG
1610612754,10,0022400279,20,IND,Indiana Pacers,2024-11-25,2024-25,Pre-ASG
1610612743,12,0022400283,13,DEN,Denver Nuggets,2024-11-25,2024-25,Pre-ASG
1610612752,11,0022400283,11,NYK,New York Knicks,2024-11-25,2024-25,Pre-ASG
1610612737,9,0022400280,9,ATL,Atlanta Hawks,2024-11-25,2024-25,Pre-ASG
1610612742,10,0022400280,19,DAL,Dallas Mavericks,2024-11-25,2024-25,Pre-ASG
1610612738,12,0022400281,13,BOS,Boston Celtics,2024-11-25,2024-25,Pre-ASG
1610612746,12,0022400281,9,LAC,LA Clippers,2024-11-25,2024-25,Pre-ASG
1610612753,10,0022400277,15,ORL,Orlando Magic,2024-11-25,2024-25,Pre-ASG
1610612766,10,0022400277,14,CHA,Charlotte Hornets,2024-11-25,2024-25,Pre-ASG
1610612744,11,0022400284,17,GSW,Golden State Warriors,2024-11-25,2024-25,Pre-ASG
1610612751,9,0022400284,10,BKN,Brooklyn Nets,2024-11-25,2024-25,Pre-ASG
1610612757,12,0022400282,19,POR,Portland Trail Blazers,2024-11-25,2024-25,Pre-ASG
1610612763,13,0022400282,19,MEM,Memphis Grizzlies,2024-11-25,2024-25,Pre-ASG
1610612758,13,0022400285,12,SAC,Sacramento Kings,2024-11-25,2024-25,Pre-ASG
1610612760,12,0022400285,23,OKC,Oklahoma City Thunder,2024-11-25,2024-25,Pre-ASG
1610612739,11,0022400275,15,CLE,Cleveland Cavaliers,2024-11-24,2024-25,Pre-ASG
1610612761,12,0022400275,16,TOR,Toronto Raptors,2024-11-24,2024-25,Pre-ASG
1610612754,10,0022400272,16,IND,Indiana Pacers,2024-11-24,2024-25,Pre-ASG
1610612764,10,0022400272,15,WAS,Washington Wizards,2024-11-24,2024-25,Pre-ASG
1610612751,10,0022400276,18,BKN,Brooklyn Nets,2024-11-24,2024-25,Pre-ASG
1610612758,10,0022400276,11,SAC,Sacramento Kings,2024-11-24,2024-25,Pre-ASG
1610612738,8,0022400271,11,BOS,Boston Celtics,2024-11-24,2024-25,Pre-ASG
1610612750,9,0022400271,11,MIN,Minnesota Timberwolves,2024-11-24,2024-25,Pre-ASG
1610612742,10,0022400273,25,DAL,Dallas Mavericks,2024-11-24,2024-25,Pre-ASG
1610612748,10,0022400273,19,MIA,Miami Heat,2024-11-24,2024-25,Pre-ASG
1610612746,12,0022400274,13,LAC,LA Clippers,2024-11-24,2024-25,Pre-ASG
1610612755,13,0022400274,20,PHI,Philadelphia 76ers,2024-11-24,2024-25,Pre-ASG
1610612745,9,0022400267,16,HOU,Houston Rockets,2024-11-23,2024-25,Pre-ASG
1610612757,10,0022400267,20,POR,Portland Trail Blazers,2024-11-23,2024-25,Pre-ASG
1610612743,13,0022400270,16,DEN,Denver Nuggets,2024-11-23,2024-25,Pre-ASG
1610612747,12,0022400270,14,LAL,Los Angeles Lakers,2024-11-23,2024-25,Pre-ASG
1610612749,9,0022400268,11,MIL,Milwaukee Bucks,2024-11-23,2024-25,Pre-ASG
1610612766,10,0022400268,11,CHA,Charlotte Hornets,2024-11-23,2024-25,Pre-ASG
1610612753,13,0022400265,17,ORL,Orlando Magic,2024-11-23,2024-25,Pre-ASG
1610612765,13,0022400265,14,DET,Detroit Pistons,2024-11-23,2024-25,Pre-ASG
1610612744,11,0022400269,18,GSW,Golden State Warriors,2024-11-23,2024-25,Pre-ASG
1610612759,10,0022400269,18,SAS,San Antonio Spurs,2024-11-23,2024-25,Pre-ASG
1610612752,9,0022400264,9,NYK,New York Knicks,2024-11-23,2024-25,Pre-ASG
1610612762,10,0022400264,12,UTA,Utah Jazz,2024-11-23,2024-25,Pre-ASG
1610612741,13,0022400266,20,CHI,Chicago Bulls,2024-11-23,2024-25,Pre-ASG
1610612763,10,0022400266,19,MEM,Memphis Grizzlies,2024-11-23,2024-25,Pre-ASG
1610612751,10,0022400027,12,BKN,Brooklyn Nets,2024-11-22,2024-25,Pre-ASG
1610612755,10,0022400027,16,PHI,Philadelphia 76ers,2024-11-22,2024-25,Pre-ASG
1610612740,10,0022400032,20,NOP,New Orleans Pelicans,2024-11-22,2024-25,Pre-ASG
1610612744,12,0022400032,20,GSW,Golden State Warriors,2024-11-22,2024-25,Pre-ASG
1610612742,10,0022400033,31,DAL,Dallas Mavericks,2024-11-22,2024-25,Pre-ASG
1610612743,11,0022400033,14,DEN,Denver Nuggets,2024-11-22,2024-25,Pre-ASG
1610612749,13,0022400029,15,MIL,Milwaukee Bucks,2024-11-22,2024-25,Pre-ASG
1610612754,12,0022400029,14,IND,Indiana Pacers,2024-11-22,2024-25,Pre-ASG
1610612746,10,0022400034,13,LAC,LA Clippers,2024-11-22,2024-25,Pre-ASG
1610612758,10,0022400034,15,SAC,Sacramento Kings,2024-11-22,2024-25,Pre-ASG
1610612737,11,0022400030,10,ATL,Atlanta Hawks,2024-11-22,2024-25,Pre-ASG
1610612741,9,0022400030,14,CHI,Chicago Bulls,2024-11-22,2024-25,Pre-ASG
1610612745,14,0022400031,13,HOU,Houston Rockets,2024-11-22,2024-25,Pre-ASG
1610612757,13,0022400031,15,POR,Portland Trail Blazers,2024-11-22,2024-25,Pre-ASG
1610612738,10,0022400028,13,BOS,Boston Celtics,2024-11-22,2024-25,Pre-ASG
1610612764,10,0022400028,22,WAS,Washington Wizards,2024-11-22,2024-25,Pre-ASG
1610612747,9,0022400263,14,LAL,Los Angeles Lakers,2024-11-21,2024-25,Pre-ASG
1610612753,10,0022400263,15,ORL,Orlando Magic,2024-11-21,2024-25,Pre-ASG
1610612765,11,0022400260,20,DET,Detroit Pistons,2024-11-21,2024-25,Pre-ASG
1610612766,10,0022400260,20,CHA,Charlotte Hornets,2024-11-21,2024-25,Pre-ASG
1610612750,8,0022400261,11,MIN,Minnesota Timberwolves,2024-11-21,2024-25,Pre-ASG
1610612761,10,0022400261,13,TOR,Toronto Raptors,2024-11-21,2024-25,Pre-ASG
1610612759,10,0022400262,14,SAS,San Antonio Spurs,2024-11-21,2024-25,Pre-ASG
1610612762,10,0022400262,17,UTA,Utah Jazz,2024-11-21,2024-25,Pre-ASG
1610612741,14,0022400253,17,CHI,Chicago Bulls,2024-11-20,2024-25,Pre-ASG
1610612749,12,0022400253,14,MIL,Milwaukee Bucks,2024-11-20,2024-25,Pre-ASG
1610612737,12,0022400258,15,ATL,Atlanta Hawks,2024-11-20,2024-25,Pre-ASG
1610612744,13,0022400258,15,GSW,Golden State Warriors,2024-11-20,2024-25,Pre-ASG
1610612746,12,0022400259,12,LAC,LA Clippers,2024-11-20,2024-25,Pre-ASG
1610612753,13,0022400259,15,ORL,Orlando Magic,2024-11-20,2024-25,Pre-ASG
1610612752,10,0022400257,10,NYK,New York Knicks,2024-11-20,2024-25,Pre-ASG
1610612756,13,0022400257,17,PHX,Phoenix Suns,2024-11-20,2024-25,Pre-ASG
1610612745,14,0022400254,22,HOU,Houston Rockets,2024-11-20,2024-25,Pre-ASG
1610612754,12,0022400254,17,IND,Indiana Pacers,2024-11-20,2024-25,Pre-ASG
1610612739,10,0022400252,14,CLE,Cleveland Cavaliers,2024-11-20,2024-25,Pre-ASG
1610612740,9,0022400252,11,NOP,New Orleans Pelicans,2024-11-20,2024-25,Pre-ASG
1610612757,9,0022400256,18,POR,Portland Trail Blazers,2024-11-20,2024-25,Pre-ASG
1610612760,12,0022400256,19,OKC,Oklahoma City Thunder,2024-11-20,2024-25,Pre-ASG
1610612755,12,0022400255,21,PHI,Philadelphia 76ers,2024-11-20,2024-25,Pre-ASG
1610612763,10,0022400255,18,MEM,Memphis Grizzlies,2024-11-20,2024-25,Pre-ASG
1610612738,8,0022400021,9,BOS,Boston Celtics,2024-11-19,2024-25,Pre-ASG
1610612739,8,0022400021,13,CLE,Cleveland Cavaliers,2024-11-19,2024-25,Pre-ASG
1610612759,10,0022400025,14,SAS,San Antonio Spurs,2024-11-19,2024-25,Pre-ASG
1610612760,11,0022400025,16,OKC,Oklahoma City Thunder,2024-11-19,2024-25,Pre-ASG
1610612740,11,0022400024,13,NOP,New Orleans Pelicans,2024-11-19,2024-25,Pre-ASG
1610612742,13,0022400024,16,DAL,Dallas Mavericks,2024-11-19,2024-25,Pre-ASG
1610612743,11,0022400023,21,DEN,Denver Nuggets,2024-11-19,2024-25,Pre-ASG
1610612763,11,0022400023,24,MEM,Memphis Grizzlies,2024-11-19,2024-25,Pre-ASG
1610612751,10,0022400022,15,BKN,Brooklyn Nets,2024-11-19,2024-25,Pre-ASG
1610612766,10,0022400022,19,CHA,Charlotte Hornets,2024-11-19,2024-25,Pre-ASG
1610612747,9,0022400026,20,LAL,Los Angeles Lakers,2024-11-19,2024-25,Pre-ASG
1610612762,10,0022400026,15,UTA,Utah Jazz,2024-11-19,2024-25,Pre-ASG
1610612737,10,0022400250,14,ATL,Atlanta Hawks,2024-11-18,2024-25,Pre-ASG
1610612758,11,0022400250,18,SAC,Sacramento Kings,2024-11-18,2024-25,Pre-ASG
1610612752,12,0022400246,14,NYK,New York Knicks,2024-11-18,2024-25,Pre-ASG
1610612764,13,0022400246,14,WAS,Washington Wizards,2024-11-18,2024-25,Pre-ASG
1610612745,11,0022400248,15,HOU,Houston Rockets,2024-11-18,2024-25,Pre-ASG
1610612749,9,0022400248,16,MIL,Milwaukee Bucks,2024-11-18,2024-25,Pre-ASG
1610612754,10,0022400247,15,IND,Indiana Pacers,2024-11-18,2024-25,Pre-ASG
1610612761,10,0022400247,18,TOR,Toronto Raptors,2024-11-18,2024-25,Pre-ASG
1610612741,10,0022400244,13,CHI,Chicago Bulls,2024-11-18,2024-25,Pre-ASG
1610612765,10,0022400244,18,DET,Detroit Pistons,2024-11-18,2024-25,Pre-ASG
1610612748,12,0022400245,18,MIA,Miami Heat,2024-11-18,2024-25,Pre-ASG
1610612755,12,0022400245,15,PHI,Philadelphia 76ers,2024-11-18,2024-25,Pre-ASG
1610612744,11,0022400251,14,GSW,Golden State Warriors,2024-11-18,2024-25,Pre-ASG
1610612746,10,0022400251,9,LAC,LA Clippers,2024-11-18,2024-25,Pre-ASG
1610612753,10,0022400249,12,ORL,Orlando Magic,2024-11-18,2024-25,Pre-ASG
1610612756,10,0022400249,26,PHX,Phoenix Suns,2024-11-18,2024-25,Pre-ASG
1610612748,9,0022400235,11,MIA,Miami Heat,2024-11-17,2024-25,Pre-ASG
1610612754,9,0022400235,18,IND,Indiana Pacers,2024-11-17,2024-25,Pre-ASG
1610612764,14,0022400237,15,WAS,Washington Wizards,2024-11-17,2024-25,Pre-ASG
1610612765,11,0022400237,21,DET,Detroit Pistons,2024-11-17,2024-25,Pre-ASG
1610612746,10,0022400243,8,LAC,LA Clippers,2024-11-17,2024-25,Pre-ASG
1610612762,9,0022400243,13,UTA,Utah Jazz,2024-11-17,2024-25,Pre-ASG
1610612737,10,0022400239,11,ATL,Atlanta Hawks,2024-11-17,2024-25,Pre-ASG
1610612757,10,0022400239,17,POR,Portland Trail Blazers,2024-11-17,2024-25,Pre-ASG
1610612751,13,0022400240,17,BKN,Brooklyn Nets,2024-11-17,2024-25,Pre-ASG
1610612752,8,0022400240,7,NYK,New York Knicks,2024-11-17,2024-25,Pre-ASG
1610612741,14,0022400241,20,CHI,Chicago Bulls,2024-11-17,2024-25,Pre-ASG
1610612745,14,0022400241,14,HOU,Houston Rockets,2024-11-17,2024-25,Pre-ASG
1610612742,11,0022400242,24,DAL,Dallas Mavericks,2024-11-17,2024-25,Pre-ASG
1610612760,10,0022400242,24,OKC,Oklahoma City Thunder,2024-11-17,2024-25,Pre-ASG
1610612743,13,0022400238,13,DEN,Denver Nuggets,2024-11-17,2024-25,Pre-ASG
1610612763,14,0022400238,22,MEM,Memphis Grizzlies,2024-11-17,2024-25,Pre-ASG
1610612739,9,0022400236,9,CLE,Cleveland Cavaliers,2024-11-17,2024-25,Pre-ASG
1610612766,10,0022400236,17,CHA,Charlotte Hornets,2024-11-17,2024-25,Pre-ASG
1610612750,10,0022400234,16,MIN,Minnesota Timberwolves,2024-11-17,2024-25,Pre-ASG
1610612756,10,0022400234,23,PHX,Phoenix Suns,2024-11-17,2024-25,Pre-ASG
1610612740,8,0022400231,12,NOP,New Orleans Pelicans,2024-11-16,2024-25,Pre-ASG
1610612747,9,0022400231,13,LAL,Los Angeles Lakers,2024-11-16,2024-25,Pre-ASG
1610612742,15,0022400232,19,DAL,Dallas Mavericks,2024-11-16,2024-25,Pre-ASG
1610612759,12,0022400232,19,SAS,San Antonio Spurs,2024-11-16,2024-25,Pre-ASG
1610612738,9,0022400230,12,BOS,Boston Celtics,2024-11-16,2024-25,Pre-ASG
1610612761,10,0022400230,17,TOR,Toronto Raptors,2024-11-16,2024-25,Pre-ASG
1610612758,11,0022400233,19,SAC,Sacramento Kings,2024-11-16,2024-25,Pre-ASG
1610612762,11,0022400233,18,UTA,Utah Jazz,2024-11-16,2024-25,Pre-ASG
1610612749,9,0022400229,22,MIL,Milwaukee Bucks,2024-11-16,2024-25,Pre-ASG
1610612766,10,0022400229,19,CHA,Charlotte Hornets,2024-11-16,2024-25,Pre-ASG
1610612756,12,0022400018,16,PHX,Phoenix Suns,2024-11-15,2024-25,Pre-ASG
1610612760,12,0022400018,17,OKC,Oklahoma City Thunder,2024-11-15,2024-25,Pre-ASG
1610612737,10,0022400012,12,ATL,Atlanta Hawks,2024-11-15,2024-25,Pre-ASG
1610612764,9,0022400012,13,WAS,Washington Wizards,2024-11-15,2024-25,Pre-ASG
1610612739,10,0022400013,17,CLE,Cleveland Cavaliers,2024-11-15,2024-25,Pre-ASG
1610612741,13,0022400013,23,CHI,Chicago Bulls,2024-11-15,2024-25,Pre-ASG
1610612753,13,0022400010,16,ORL,Orlando Magic,2024-11-15,2024-25,Pre-ASG
1610612755,13,0022400010,19,PHI,Philadelphia 76ers,2024-11-15,2024-25,Pre-ASG
1610612761,11,0022400011,21,TOR,Toronto Raptors,2024-11-15,2024-25,Pre-ASG
1610612765,9,0022400011,20,DET,Detroit Pistons,2024-11-15,2024-25,Pre-ASG
1610612745,13,0022400016,12,HOU,Houston Rockets,2024-11-15,2024-25,Pre-ASG
1610612746,13,0022400016,14,LAC,LA Clippers,2024-11-15,2024-25,Pre-ASG
1610612740,9,0022400017,17,NOP,New Orleans Pelicans,2024-11-15,2024-25,Pre-ASG
1610612743,10,0022400017,15,DEN,Denver Nuggets,2024-11-15,2024-25,Pre-ASG
1610612747,9,0022400015,16,LAL,Los Angeles Lakers,2024-11-15,2024-25,Pre-ASG
1610612759,11,0022400015,14,SAS,San Antonio Spurs,2024-11-15,2024-25,Pre-ASG
1610612750,10,0022400020,14,MIN,Minnesota Timberwolves,2024-11-15,2024-25,Pre-ASG
1610612758,9,0022400020,14,SAC,Sacramento Kings,2024-11-15,2024-25,Pre-ASG
1610612744,12,0022400019,21,GSW,Golden State Warriors,2024-11-15,2024-25,Pre-ASG
1610612763,12,0022400019,30,MEM,Memphis Grizzlies,2024-11-15,2024-25,Pre-ASG
1610612748,10,0022400009,11,MIA,Miami Heat,2024-11-15,2024-25,Pre-ASG
1610612754,11,0022400009,11,IND,Indiana Pacers,2024-11-15,2024-25,Pre-ASG
1610612751,10,0022400014,13,BKN,Brooklyn Nets,2024-11-15,2024-25,Pre-ASG
1610612752,9,0022400014,9,NYK,New York Knicks,2024-11-15,2024-25,Pre-ASG
1610612742,10,0022400228,21,DAL,Dallas Mavericks,2024-11-14,2024-25,Pre-ASG
1610612762,10,0022400228,15,UTA,Utah Jazz,2024-11-14,2024-25,Pre-ASG
1610612745,9,0022400222,14,HOU,Houston Rockets,2024-11-13,2024-25,Pre-ASG
1610612746,12,0022400222,14,LAC,LA Clippers,2024-11-13,2024-25,Pre-ASG
1610612753,10,0022400217,16,ORL,Orlando Magic,2024-11-13,2024-25,Pre-ASG
1610612754,10,0022400217,13,IND,Indiana Pacers,2024-11-13,2024-25,Pre-ASG
1610612739,10,0022400220,15,CLE,Cleveland Cavaliers,2024-11-13,2024-25,Pre-ASG
1610612755,11,0022400220,15,PHI,Philadelphia 76ers,2024-11-13,2024-25,Pre-ASG
1610612749,8,0022400223,18,MIL,Milwaukee Bucks,2024-11-13,2024-25,Pre-ASG
1610612765,9,0022400223,18,DET,Detroit Pistons,2024-11-13,2024-25,Pre-ASG
1610612747,9,0022400225,18,LAL,Los Angeles Lakers,2024-11-13,2024-25,Pre-ASG
1610612763,10,0022400225,25,MEM,Memphis Grizzlies,2024-11-13,2024-25,Pre-ASG
1610612740,10,0022400221,17,NOP,New Orleans Pelicans,2024-11-13,2024-25,Pre-ASG
1610612760,12,0022400221,16,OKC,Oklahoma City Thunder,2024-11-13,2024-25,Pre-ASG
1610612759,10,0022400224,18,SAS,San Antonio Spurs,2024-11-13,2024-25,Pre-ASG
1610612764,9,0022400224,12,WAS,Washington Wizards,2024-11-13,2024-25,Pre-ASG
1610612756,13,0022400227,16,PHX,Phoenix Suns,2024-11-13,2024-25,Pre-ASG
1610612758,13,0022400227,14,SAC,Sacramento Kings,2024-11-13,2024-25,Pre-ASG
1610612738,11,0022400218,15,BOS,Boston Celtics,2024-11-13,2024-25,Pre-ASG
1610612751,10,0022400218,12,BKN,Brooklyn Nets,2024-11-13,2024-25,Pre-ASG
1610612741,10,0022400219,17,CHI,Chicago Bulls,2024-11-13,2024-25,Pre-ASG
1610612752,9,0022400219,12,NYK,New York Knicks,2024-11-13,2024-25,Pre-ASG
1610612750,9,0022400226,13,MIN,Minnesota Timberwolves,2024-11-13,2024-25,Pre-ASG
1610612757,11,0022400226,18,POR,Portland Trail Blazers,2024-11-13,2024-25,Pre-ASG
1610612753,14,0022400003,14,ORL,Orlando Magic,2024-11-12,2024-25,Pre-ASG
1610612766,12,0022400003,17,CHA,Charlotte Hornets,2024-11-12,2024-25,Pre-ASG
1610612756,10,0022400006,16,PHX,Phoenix Suns,2024-11-12,2024-25,Pre-ASG
1610612762,11,0022400006,13,UTA,Utah Jazz,2024-11-12,2024-25,Pre-ASG
1610612752,9,0022400004,16,NYK,New York Knicks,2024-11-12,2024-25,Pre-ASG
1610612755,11,0022400004,16,PHI,Philadelphia 76ers,2024-11-12,2024-25,Pre-ASG
1610612749,15,0022400005,14,MIL,Milwaukee Bucks,2024-11-12,2024-25,Pre-ASG
1610612761,11,0022400005,14,TOR,Toronto Raptors,2024-11-12,2024-25,Pre-ASG
1610612750,9,0022400008,11,MIN,Minnesota Timberwolves,2024-11-12,2024-25,Pre-ASG
1610612757,10,0022400008,15,POR,Portland Trail Blazers,2024-11-12,2024-25,Pre-ASG
1610612737,9,0022400001,13,ATL,Atlanta Hawks,2024-11-12,2024-25,Pre-ASG
1610612738,10,0022400001,15,BOS,Boston Celtics,2024-11-12,2024-25,Pre-ASG
1610612742,9,0022400007,16,DAL,Dallas Mavericks,2024-11-12,2024-25,Pre-ASG
1610612744,11,0022400007,22,GSW,Golden State Warriors,2024-11-12,2024-25,Pre-ASG
1610612748,11,0022400002,17,MIA,Miami Heat,2024-11-12,2024-25,Pre-ASG
1610612765,9,0022400002,13,DET,Detroit Pistons,2024-11-12,2024-25,Pre-ASG
1610612740,11,0022400214,16,NOP,New Orleans Pelicans,2024-11-11,2024-25,Pre-ASG
1610612751,9,0022400214,16,BKN,Brooklyn Nets,2024-11-11,2024-25,Pre-ASG
1610612758,13,0022400216,16,SAC,Sacramento Kings,2024-11-11,2024-25,Pre-ASG
1610612759,12,0022400216,21,SAS,San Antonio Spurs,2024-11-11,2024-25,Pre-ASG
1610612746,9,0022400215,17,LAC,LA Clippers,2024-11-11,2024-25,Pre-ASG
1610612760,11,0022400215,18,OKC,Oklahoma City Thunder,2024-11-11,2024-25,Pre-ASG
1610612745,11,0022400213,17,HOU,Houston Rockets,2024-11-11,2024-25,Pre-ASG
1610612764,13,0022400213,18,WAS,Washington Wizards,2024-11-11,2024-25,Pre-ASG
1610612739,10,0022400212,18,CLE,Cleveland Cavaliers,2024-11-11,2024-25,Pre-ASG
1610612741,11,0022400212,16,CHI,Chicago Bulls,2024-11-11,2024-25,Pre-ASG
1610612742,9,0022400208,20,DAL,Dallas Mavericks,2024-11-10,2024-25,Pre-ASG
1610612743,8,0022400208,12,DEN,Denver Nuggets,2024-11-10,2024-25,Pre-ASG
1610612745,9,0022400201,17,HOU,Houston Rockets,2024-11-10,2024-25,Pre-ASG
1610612765,9,0022400201,14,DET,Detroit Pistons,2024-11-10,2024-25,Pre-ASG
1610612755,9,0022400205,15,PHI,Philadelphia 76ers,2024-11-10,2024-25,Pre-ASG
1610612766,10,0022400205,21,CHA,Charlotte Hornets,2024-11-10,2024-25,Pre-ASG
1610612757,14,0022400210,16,POR,Portland Trail Blazers,2024-11-10,2024-25,Pre-ASG
1610612763,12,0022400210,16,MEM,Memphis Grizzlies,2024-11-10,2024-25,Pre-ASG
1610612752,8,0022400203,9,NYK,New York Knicks,2024-11-10,2024-25,Pre-ASG
1610612754,10,0022400203,20,IND,Indiana Pacers,2024-11-10,2024-25,Pre-ASG
1610612738,10,0022400202,13,BOS,Boston Celtics,2024-11-10,2024-25,Pre-ASG
1610612749,9,0022400202,14,MIL,Milwaukee Bucks,2024-11-10,2024-25,Pre-ASG
1610612748,11,0022400206,22,MIA,Miami Heat,2024-11-10,2024-25,Pre-ASG
1610612750,8,0022400206,11,MIN,Minnesota Timberwolves,2024-11-10,2024-25,Pre-ASG
1610612756,10,0022400209,21,PHX,Phoenix Suns,2024-11-10,2024-25,Pre-ASG
1610612758,10,0022400209,18,SAC,Sacramento Kings,2024-11-10,2024-25,Pre-ASG
1610612753,13,0022400204,16,ORL,Orlando Magic,2024-11-10,2024-25,Pre-ASG
1610612764,12,0022400204,13,WAS,Washington Wizards,2024-11-10,2024-25,Pre-ASG
1610612747,12,0022400211,19,LAL,Los Angeles Lakers,2024-11-10,2024-25,Pre-ASG
1610612761,11,0022400211,20,TOR,Toronto Raptors,2024-11-10,2024-25,Pre-ASG
1610612744,11,0022400207,14,GSW,Golden State Warriors,2024-11-10,2024-25,Pre-ASG
1610612760,11,0022400207,16,OKC,Oklahoma City Thunder,2024-11-10,2024-25,Pre-ASG
1610612737,10,0022400198,11,ATL,Atlanta Hawks,2024-11-09,2024-25,Pre-ASG
1610612741,11,0022400198,20,CHI,Chicago Bulls,2024-11-09,2024-25,Pre-ASG
1610612759,10,0022400197,15,SAS,San Antonio Spurs,2024-11-09,2024-25,Pre-ASG
1610612762,10,0022400197,18,UTA,Utah Jazz,2024-11-09,2024-25,Pre-ASG
1610612746,10,0022400200,16,LAC,LA Clippers,2024-11-09,2024-25,Pre-ASG
1610612761,11,0022400200,20,TOR,Toronto Raptors,2024-11-09,2024-25,Pre-ASG
1610612739,10,0022400199,20,CLE,Cleveland Cavaliers,2024-11-09,2024-25,Pre-ASG
1610612751,10,0022400199,10,BKN,Brooklyn Nets,2024-11-09,2024-25,Pre-ASG
1610612745,14,0022400192,16,HOU,Houston Rockets,2024-11-08,2024-25,Pre-ASG
1610612760,12,0022400192,13,OKC,Oklahoma City Thunder,2024-11-08,2024-25,Pre-ASG
1610612746,9,0022400196,13,LAC,LA Clippers,2024-11-08,2024-25,Pre-ASG
1610612758,9,0022400196,17,SAC,Sacramento Kings,2024-11-08,2024-25,Pre-ASG
1610612747,14,0022400195,14,LAL,Los Angeles Lakers,2024-11-08,2024-25,Pre-ASG
1610612755,13,0022400195,13,PHI,Philadelphia 76ers,2024-11-08,2024-25,Pre-ASG
1610612743,9,0022400194,14,DEN,Denver Nuggets,2024-11-08,2024-25,Pre-ASG
1610612748,11,0022400194,19,MIA,Miami Heat,2024-11-08,2024-25,Pre-ASG
1610612739,13,0022400188,11,CLE,Cleveland Cavaliers,2024-11-08,2024-25,Pre-ASG
1610612744,14,0022400188,16,GSW,Golden State Warriors,2024-11-08,2024-25,Pre-ASG
1610612763,12,0022400191,14,MEM,Memphis Grizzlies,2024-11-08,2024-25,Pre-ASG
1610612764,12,0022400191,14,WAS,Washington Wizards,2024-11-08,2024-25,Pre-ASG
1610612740,11,0022400186,18,NOP,New Orleans Pelicans,2024-11-08,2024-25,Pre-ASG
1610612753,13,0022400186,14,ORL,Orlando Magic,2024-11-08,2024-25,Pre-ASG
1610612737,10,0022400185,15,ATL,Atlanta Hawks,2024-11-08,2024-25,Pre-ASG
1610612765,9,0022400185,17,DET,Detroit Pistons,2024-11-08,2024-25,Pre-ASG
1610612750,13,0022400193,19,MIN,Minnesota Timberwolves,2024-11-08,2024-25,Pre-ASG
1610612757,13,0022400193,15,POR,Portland Trail Blazers,2024-11-08,2024-25,Pre-ASG
1610612749,13,0022400189,13,MIL,Milwaukee Bucks,2024-11-08,2024-25,Pre-ASG
1610612752,11,0022400189,12,NYK,New York Knicks,2024-11-08,2024-25,Pre-ASG
1610612742,11,0022400190,18,DAL,Dallas Mavericks,2024-11-08,2024-25,Pre-ASG
1610612756,9,0022400190,14,PHX,Phoenix Suns,2024-11-08,2024-25,Pre-ASG
1610612754,11,0022400184,18,IND,Indiana Pacers,2024-11-08,2024-25,Pre-ASG
1610612766,12,0022400184,19,CHA,Charlotte Hornets,2024-11-08,2024-25,Pre-ASG
1610612738,9,0022400187,13,BOS,Boston Celtics,2024-11-08,2024-25,Pre-ASG
1610612751,9,0022400187,9,BKN,Brooklyn Nets,2024-11-08,2024-25,Pre-ASG
1610612741,12,0022400181,18,CHI,Chicago Bulls,2024-11-07,2024-25,Pre-ASG
1610612750,13,0022400181,12,MIN,Minnesota Timberwolves,2024-11-07,2024-25,Pre-ASG
1610612757,13,0022400183,15,POR,Portland Trail Blazers,2024-11-07,2024-25,Pre-ASG
1610612759,12,0022400183,19,SAS,San Antonio Spurs,2024-11-07,2024-25,Pre-ASG
1610612749,14,0022400182,16,MIL,Milwaukee Bucks,2024-11-07,2024-25,Pre-ASG
1610612762,13,0022400182,13,UTA,Utah Jazz,2024-11-07,2024-25,Pre-ASG
1610612753,10,0022400170,16,ORL,Orlando Magic,2024-11-06,2024-25,Pre-ASG
1610612754,9,0022400170,9,IND,Indiana Pacers,2024-11-06,2024-25,Pre-ASG
1610612739,10,0022400175,22,CLE,Cleveland Cavaliers,2024-11-06,2024-25,Pre-ASG
1610612740,10,0022400175,15,NOP,New Orleans Pelicans,2024-11-06,2024-25,Pre-ASG
1610612737,9,0022400171,10,ATL,Atlanta Hawks,2024-11-06,2024-25,Pre-ASG
1610612752,8,0022400171,10,NYK,New York Knicks,2024-11-06,2024-25,Pre-ASG
1610612746,13,0022400179,16,LAC,LA Clippers,2024-11-06,2024-25,Pre-ASG
1610612755,13,0022400179,19,PHI,Philadelphia 76ers,2024-11-06,2024-25,Pre-ASG
1610612765,10,0022400169,18,DET,Detroit Pistons,2024-11-06,2024-25,Pre-ASG
1610612766,11,0022400169,20,CHA,Charlotte Hornets,2024-11-06,2024-25,Pre-ASG
1610612747,10,0022400174,19,LAL,Los Angeles Lakers,2024-11-06,2024-25,Pre-ASG
1610612763,12,0022400174,17,MEM,Memphis Grizzlies,2024-11-06,2024-25,Pre-ASG
1610612748,10,0022400178,14,MIA,Miami Heat,2024-11-06,2024-25,Pre-ASG
1610612756,9,0022400178,17,PHX,Phoenix Suns,2024-11-06,2024-25,Pre-ASG
1610612738,9,0022400172,10,BOS,Boston Celtics,2024-11-06,2024-25,Pre-ASG
1610612744,11,0022400172,16,GSW,Golden State Warriors,2024-11-06,2024-25,Pre-ASG
1610612743,8,0022400177,10,DEN,Denver Nuggets,2024-11-06,2024-25,Pre-ASG
1610612760,10,0022400177,19,OKC,Oklahoma City Thunder,2024-11-06,2024-25,Pre-ASG
1610612741,13,0022400176,24,CHI,Chicago Bulls,2024-11-06,2024-25,Pre-ASG
1610612742,14,0022400176,14,DAL,Dallas Mavericks,2024-11-06,2024-25,Pre-ASG
1610612745,14,0022400173,16,HOU,Houston Rockets,2024-11-06,2024-25,Pre-ASG
1610612759,15,0022400173,13,SAS,San Antonio Spurs,2024-11-06,2024-25,Pre-ASG
1610612758,13,0022400180,16,SAC,Sacramento Kings,2024-11-06,2024-25,Pre-ASG
1610612761,11,0022400180,18,TOR,Toronto Raptors,2024-11-06,2024-25,Pre-ASG
1610612745,9,0022400161,19,HOU,Houston Rockets,2024-11-04,2024-25,Pre-ASG
1610612752,8,0022400161,9,NYK,New York Knicks,2024-11-04,2024-25,Pre-ASG
1610612743,10,0022400166,18,DEN,Denver Nuggets,2024-11-04,2024-25,Pre-ASG
1610612761,11,0022400166,18,TOR,Toronto Raptors,2024-11-04,2024-25,Pre-ASG
1610612742,9,0022400165,17,DAL,Dallas Mavericks,2024-11-04,2024-25,Pre-ASG
1610612754,9,0022400165,11,IND,Indiana Pacers,2024-11-04,2024-25,Pre-ASG
1610612747,10,0022400156,15,LAL,Los Angeles Lakers,2024-11-04,2024-25,Pre-ASG
1610612765,9,0022400156,18,DET,Detroit Pistons,2024-11-04,2024-25,Pre-ASG
1610612750,13,0022400162,15,MIN,Minnesota Timberwolves,2024-11-04,2024-25,Pre-ASG
1610612766,14,0022400162,16,CHA,Charlotte Hornets,2024-11-04,2024-25,Pre-ASG
1610612755,10,0022400167,19,PHI,Philadelphia 76ers,2024-11-04,2024-25,Pre-ASG
1610612756,9,0022400167,17,PHX,Phoenix Suns,2024-11-04,2024-25,Pre-ASG
1610612741,10,0022400160,22,CHI,Chicago Bulls,2024-11-04,2024-25,Pre-ASG
1610612762,10,0022400160,17,UTA,Utah Jazz,2024-11-04,2024-25,Pre-ASG
1610612751,9,0022400158,19,BKN,Brooklyn Nets,2024-11-04,2024-25,Pre-ASG
1610612763,9,0022400158,16,MEM,Memphis Grizzlies,2024-11-04,2024-25,Pre-ASG
1610612740,11,0022400164,15,NOP,New Orleans Pelicans,2024-11-04,2024-25,Pre-ASG
1610612757,11,0022400164,11,POR,Portland Trail Blazers,2024-11-04,2024-25,Pre-ASG
1610612746,10,0022400168,14,LAC,LA Clippers,2024-11-04,2024-25,Pre-ASG
1610612759,10,0022400168,15,SAS,San Antonio Spurs,2024-11-04,2024-25,Pre-ASG
1610612753,12,0022400163,16,ORL,Orlando Magic,2024-11-04,2024-25,Pre-ASG
1610612760,12,0022400163,18,OKC,Oklahoma City Thunder,2024-11-04,2024-25,Pre-ASG
1610612748,11,0022400159,17,MIA,Miami Heat,2024-11-04,2024-25,Pre-ASG
1610612758,9,0022400159,18,SAC,Sacramento Kings,2024-11-04,2024-25,Pre-ASG
1610612744,13,0022400155,22,GSW,Golden State Warriors,2024-11-04,2024-25,Pre-ASG
1610612764,10,0022400155,14,WAS,Washington Wizards,2024-11-04,2024-25,Pre-ASG
1610612739,10,0022400154,11,CLE,Cleveland Cavaliers,2024-11-04,2024-25,Pre-ASG
1610612749,10,0022400154,20,MIL,Milwaukee Bucks,2024-11-04,2024-25,Pre-ASG
1610612737,11,0022400157,16,ATL,Atlanta Hawks,2024-11-04,2024-25,Pre-ASG
1610612738,13,0022400157,12,BOS,Boston Celtics,2024-11-04,2024-25,Pre-ASG
1610612737,10,0022400152,16,ATL,Atlanta Hawks,2024-11-03,2024-25,Pre-ASG
1610612740,12,0022400152,16,NOP,New Orleans Pelicans,2024-11-03,2024-25,Pre-ASG
1610612751,12,0022400151,18,BKN,Brooklyn Nets,2024-11-03,2024-25,Pre-ASG
1610612765,11,0022400151,21,DET,Detroit Pistons,2024-11-03,2024-25,Pre-ASG
1610612742,13,0022400153,18,DAL,Dallas Mavericks,2024-11-03,2024-25,Pre-ASG
1610612753,13,0022400153,22,ORL,Orlando Magic,2024-11-03,2024-25,Pre-ASG
1610612738,10,0022400141,14,BOS,Boston Celtics,2024-11-02,2024-25,Pre-ASG
1610612766,11,0022400141,16,CHA,Charlotte Hornets,2024-11-02,2024-25,Pre-ASG
1610612750,13,0022400146,15,MIN,Minnesota Timberwolves,2024-11-02,2024-25,Pre-ASG
1610612759,13,0022400146,14,SAS,San Antonio Spurs,2024-11-02,2024-25,Pre-ASG
1610612758,9,0022400143,16,SAC,Sacramento Kings,2024-11-02,2024-25,Pre-ASG
1610612761,10,0022400143,17,TOR,Toronto Raptors,2024-11-02,2024-25,Pre-ASG
1610612743,13,0022400148,13,DEN,Denver Nuggets,2024-11-02,2024-25,Pre-ASG
1610612762,11,0022400148,19,UTA,Utah Jazz,2024-11-02,2024-25,Pre-ASG
1610612755,13,0022400142,20,PHI,Philadelphia 76ers,2024-11-02,2024-25,Pre-ASG
1610612763,11,0022400142,16,MEM,Memphis Grizzlies,2024-11-02,2024-25,Pre-ASG
1610612744,11,0022400144,20,GSW,Golden State Warriors,2024-11-02,2024-25,Pre-ASG
1610612745,12,0022400144,21,HOU,Houston Rockets,2024-11-02,2024-25,Pre-ASG
1610612748,13,0022400147,20,MIA,Miami Heat,2024-11-02,2024-25,Pre-ASG
1610612764,13,0022400147,19,WAS,Washington Wizards,2024-11-02,2024-25,Pre-ASG
1610612746,13,0022400150,18,LAC,LA Clippers,2024-11-02,2024-25,Pre-ASG
1610612760,12,0022400150,19,OKC,Oklahoma City Thunder,2024-11-02,2024-25,Pre-ASG
1610612756,10,0022400149,18,PHX,Phoenix Suns,2024-11-02,2024-25,Pre-ASG
1610612757,10,0022400149,15,POR,Portland Trail Blazers,2024-11-02,2024-25,Pre-ASG
1610612739,10,0022400145,18,CLE,Cleveland Cavaliers,2024-11-02,2024-25,Pre-ASG
1610612749,9,0022400145,15,MIL,Milwaukee Bucks,2024-11-02,2024-25,Pre-ASG
1610612738,11,0022400132,15,BOS,Boston Celtics,2024-11-01,2024-25,Pre-ASG
1610612766,10,0022400132,20,CHA,Charlotte Hornets,2024-11-01,2024-25,Pre-ASG
1610612743,10,0022400139,16,DEN,Denver Nuggets,2024-11-01,2024-25,Pre-ASG
1610612750,9,0022400139,14,MIN,Minnesota Timberwolves,2024-11-01,2024-25,Pre-ASG
1610612747,10,0022400137,19,LAL,Los Angeles Lakers,2024-11-01,2024-25,Pre-ASG
1610612761,10,0022400137,21,TOR,Toronto Raptors,2024-11-01,2024-25,Pre-ASG
1610612741,11,0022400136,11,CHI,Chicago Bulls,2024-11-01,2024-25,Pre-ASG
1610612751,10,0022400136,10,BKN,Brooklyn Nets,2024-11-01,2024-25,Pre-ASG
1610612737,9,0022400135,16,ATL,Atlanta Hawks,2024-11-01,2024-25,Pre-ASG
1610612758,9,0022400135,15,SAC,Sacramento Kings,2024-11-01,2024-25,Pre-ASG
1610612757,12,0022400140,20,POR,Portland Trail Blazers,2024-11-01,2024-25,Pre-ASG
1610612760,12,0022400140,19,OKC,Oklahoma City Thunder,2024-11-01,2024-25,Pre-ASG
1610612752,12,0022400134,9,NYK,New York Knicks,2024-11-01,2024-25,Pre-ASG
1610612765,13,0022400134,18,DET,Detroit Pistons,2024-11-01,2024-25,Pre-ASG
1610612740,10,0022400138,16,NOP,New Orleans Pelicans,2024-11-01,2024-25,Pre-ASG
1610612754,10,0022400138,17,IND,Indiana Pacers,2024-11-01,2024-25,Pre-ASG
1610612739,12,0022400133,17,CLE,Cleveland Cavaliers,2024-11-01,2024-25,Pre-ASG
1610612753,12,0022400133,16,ORL,Orlando Magic,2024-11-01,2024-25,Pre-ASG
1610612742,11,0022400129,18,DAL,Dallas Mavericks,2024-10-31,2024-25,Pre-ASG
1610612745,10,0022400129,14,HOU,Houston Rockets,2024-10-31,2024-25,Pre-ASG
1610612749,14,0022400128,16,MIL,Milwaukee Bucks,2024-10-31,2024-25,Pre-ASG
1610612763,11,0022400128,18,MEM,Memphis Grizzlies,2024-10-31,2024-25,Pre-ASG
1610612759,13,0022400130,21,SAS,San Antonio Spurs,2024-10-31,2024-25,Pre-ASG
1610612762,11,0022400130,14,UTA,Utah Jazz,2024-10-31,2024-25,Pre-ASG
1610612746,10,0022400131,15,LAC,LA Clippers,2024-10-31,2024-25,Pre-ASG
1610612756,10,0022400131,21,PHX,Phoenix Suns,2024-10-31,2024-25,Pre-ASG
1610612737,9,0022400121,12,ATL,Atlanta Hawks,2024-10-30,2024-25,Pre-ASG
1610612764,12,0022400121,14,WAS,Washington Wizards,2024-10-30,2024-25,Pre-ASG
1610612755,11,0022400120,20,PHI,Philadelphia 76ers,2024-10-30,2024-25,Pre-ASG
1610612765,9,0022400120,12,DET,Detroit Pistons,2024-10-30,2024-25,Pre-ASG
1610612746,10,0022400127,13,LAC,LA Clippers,2024-10-30,2024-25,Pre-ASG
1610612757,10,0022400127,13,POR,Portland Trail Blazers,2024-10-30,2024-25,Pre-ASG
1610612751,13,0022400124,21,BKN,Brooklyn Nets,2024-10-30,2024-25,Pre-ASG
1610612763,13,0022400124,28,MEM,Memphis Grizzlies,2024-10-30,2024-25,Pre-ASG
1610612761,10,0022400117,21,TOR,Toronto Raptors,2024-10-30,2024-25,Pre-ASG
1610612766,10,0022400117,16,CHA,Charlotte Hornets,2024-10-30,2024-25,Pre-ASG
1610612739,12,0022400118,20,CLE,Cleveland Cavaliers,2024-10-30,2024-25,Pre-ASG
1610612747,11,0022400118,13,LAL,Los Angeles Lakers,2024-10-30,2024-25,Pre-ASG
1610612748,9,0022400122,13,MIA,Miami Heat,2024-10-30,2024-25,Pre-ASG
1610612752,8,0022400122,8,NYK,New York Knicks,2024-10-30,2024-25,Pre-ASG
1610612740,11,0022400126,17,NOP,New Orleans Pelicans,2024-10-30,2024-25,Pre-ASG
1610612744,13,0022400126,18,GSW,Golden State Warriors,2024-10-30,2024-25,Pre-ASG
1610612741,11,0022400123,17,CHI,Chicago Bulls,2024-10-30,2024-25,Pre-ASG
1610612753,10,0022400123,16,ORL,Orlando Magic,2024-10-30,2024-25,Pre-ASG
1610612759,12,0022400125,15,SAS,San Antonio Spurs,2024-10-30,2024-25,Pre-ASG
1610612760,13,0022400125,13,OKC,Oklahoma City Thunder,2024-10-30,2024-25,Pre-ASG
1610612738,11,0022400119,13,BOS,Boston Celtics,2024-10-30,2024-25,Pre-ASG
1610612754,10,0022400119,21,IND,Indiana Pacers,2024-10-30,2024-25,Pre-ASG
1610612758,13,0022400115,12,SAC,Sacramento Kings,2024-10-29,2024-25,Pre-ASG
1610612762,12,0022400115,16,UTA,Utah Jazz,2024-10-29,2024-25,Pre-ASG
1610612740,12,0022400116,19,NOP,New Orleans Pelicans,2024-10-29,2024-25,Pre-ASG
1610612744,13,0022400116,18,GSW,Golden State Warriors,2024-10-29,2024-25,Pre-ASG
1610612743,9,0022400113,11,DEN,Denver Nuggets,2024-10-29,2024-25,Pre-ASG
1610612751,10,0022400113,17,BKN,Brooklyn Nets,2024-10-29,2024-25,Pre-ASG
1610612742,10,0022400114,15,DAL,Dallas Mavericks,2024-10-29,2024-25,Pre-ASG
1610612750,9,0022400114,16,MIN,Minnesota Timberwolves,2024-10-29,2024-25,Pre-ASG
1610612745,10,0022400109,20,HOU,Houston Rockets,2024-10-28,2024-25,Pre-ASG
1610612759,10,0022400109,15,SAS,San Antonio Spurs,2024-10-28,2024-25,Pre-ASG
1610612737,10,0022400103,17,ATL,Atlanta Hawks,2024-10-28,2024-25,Pre-ASG
1610612764,9,0022400103,15,WAS,Washington Wizards,2024-10-28,2024-25,Pre-ASG
1610612753,10,0022400102,13,ORL,Orlando Magic,2024-10-28,2024-25,Pre-ASG
1610612754,11,0022400102,23,IND,Indiana Pacers,2024-10-28,2024-25,Pre-ASG
1610612741,11,0022400108,20,CHI,Chicago Bulls,2024-10-28,2024-25,Pre-ASG
1610612763,10,0022400108,14,MEM,Memphis Grizzlies,2024-10-28,2024-25,Pre-ASG
1610612747,9,0022400111,16,LAL,Los Angeles Lakers,2024-10-28,2024-25,Pre-ASG
1610612756,10,0022400111,20,PHX,Phoenix Suns,2024-10-28,2024-25,Pre-ASG
1610612739,10,0022400106,14,CLE,Cleveland Cavaliers,2024-10-28,2024-25,Pre-ASG
1610612752,9,0022400106,13,NYK,New York Knicks,2024-10-28,2024-25,Pre-ASG
1610612743,9,0022400107,13,DEN,Denver Nuggets,2024-10-28,2024-25,Pre-ASG
1610612761,11,0022400107,19,TOR,Toronto Raptors,2024-10-28,2024-25,Pre-ASG
1610612757,12,0022400112,20,POR,Portland Trail Blazers,2024-10-28,2024-25,Pre-ASG
1610612758,13,0022400112,21,SAC,Sacramento Kings,2024-10-28,2024-25,Pre-ASG
1610612738,13,0022400104,14,BOS,Boston Celtics,2024-10-28,2024-25,Pre-ASG
1610612749,13,0022400104,15,MIL,Milwaukee Bucks,2024-10-28,2024-25,Pre-ASG
1610612742,14,0022400110,14,DAL,Dallas Mavericks,2024-10-28,2024-25,Pre-ASG
1610612762,11,0022400110,20,UTA,Utah Jazz,2024-10-28,2024-25,Pre-ASG
1610612748,10,0022400105,11,MIA,Miami Heat,2024-10-28,2024-25,Pre-ASG
1610612765,9,0022400105,14,DET,Detroit Pistons,2024-10-28,2024-25,Pre-ASG
1610612740,12,0022400099,16,NOP,New Orleans Pelicans,2024-10-27,2024-25,Pre-ASG
1610612757,12,0022400099,12,POR,Portland Trail Blazers,2024-10-27,2024-25,Pre-ASG
1610612754,11,0022400097,19,IND,Indiana Pacers,2024-10-27,2024-25,Pre-ASG
1610612755,9,0022400097,15,PHI,Philadelphia 76ers,2024-10-27,2024-25,Pre-ASG
1610612749,13,0022400098,12,MIL,Milwaukee Bucks,2024-10-27,2024-25,Pre-ASG
1610612751,14,0022400098,12,BKN,Brooklyn Nets,2024-10-27,2024-25,Pre-ASG
1610612744,13,0022400101,19,GSW,Golden State Warriors,2024-10-27,2024-25,Pre-ASG
1610612746,10,0022400101,19,LAC,LA Clippers,2024-10-27,2024-25,Pre-ASG
1610612737,11,0022400100,12,ATL,Atlanta Hawks,2024-10-27,2024-25,Pre-ASG
1610612760,14,0022400100,19,OKC,Oklahoma City Thunder,2024-10-27,2024-25,Pre-ASG
1610612738,8,0022400089,11,BOS,Boston Celtics,2024-10-26,2024-25,Pre-ASG
1610612765,9,0022400089,12,DET,Detroit Pistons,2024-10-26,2024-25,Pre-ASG
1610612748,10,0022400088,10,MIA,Miami Heat,2024-10-26,2024-25,Pre-ASG
1610612766,10,0022400088,23,CHA,Charlotte Hornets,2024-10-26,2024-25,Pre-ASG
1610612741,14,0022400091,20,CHI,Chicago Bulls,2024-10-26,2024-25,Pre-ASG
1610612760,13,0022400091,19,OKC,Oklahoma City Thunder,2024-10-26,2024-25,Pre-ASG
1610612753,15,0022400092,15,ORL,Orlando Magic,2024-10-26,2024-25,Pre-ASG
1610612763,12,0022400092,22,MEM,Memphis Grizzlies,2024-10-26,2024-25,Pre-ASG
1610612747,9,0022400096,11,LAL,Los Angeles Lakers,2024-10-26,2024-25,Pre-ASG
1610612758,9,0022400096,14,SAC,Sacramento Kings,2024-10-26,2024-25,Pre-ASG
1610612750,9,0022400093,12,MIN,Minnesota Timberwolves,2024-10-26,2024-25,Pre-ASG
1610612761,11,0022400093,16,TOR,Toronto Raptors,2024-10-26,2024-25,Pre-ASG
1610612739,13,0022400090,15,CLE,Cleveland Cavaliers,2024-10-26,2024-25,Pre-ASG
1610612764,12,0022400090,14,WAS,Washington Wizards,2024-10-26,2024-25,Pre-ASG
1610612743,9,0022400087,13,DEN,Denver Nuggets,2024-10-26,2024-25,Pre-ASG
1610612746,10,0022400087,13,LAC,LA Clippers,2024-10-26,2024-25,Pre-ASG
1610612745,10,0022400094,16,HOU,Houston Rockets,2024-10-26,2024-25,Pre-ASG
1610612759,10,0022400094,18,SAS,San Antonio Spurs,2024-10-26,2024-25,Pre-ASG
1610612742,13,0022400095,18,DAL,Dallas Mavericks,2024-10-26,2024-25,Pre-ASG
1610612756,11,0022400095,21,PHX,Phoenix Suns,2024-10-26,2024-25,Pre-ASG
1610612747,9,0022400085,15,LAL,Los Angeles Lakers,2024-10-25,2024-25,Pre-ASG
1610612756,10,0022400085,18,PHX,Phoenix Suns,2024-10-25,2024-25,Pre-ASG
1610612740,10,0022400086,18,NOP,New Orleans Pelicans,2024-10-25,2024-25,Pre-ASG
1610612757,9,0022400086,12,POR,Portland Trail Blazers,2024-10-25,2024-25,Pre-ASG
1610612752,12,0022400081,19,NYK,New York Knicks,2024-10-25,2024-25,Pre-ASG
1610612754,15,0022400081,13,IND,Indiana Pacers,2024-10-25,2024-25,Pre-ASG
1610612737,9,0022400079,17,ATL,Atlanta Hawks,2024-10-25,2024-25,Pre-ASG
1610612766,10,0022400079,25,CHA,Charlotte Hornets,2024-10-25,2024-25,Pre-ASG
1610612745,13,0022400082,17,HOU,Houston Rockets,2024-10-25,2024-25,Pre-ASG
1610612763,12,0022400082,28,MEM,Memphis Grizzlies,2024-10-25,2024-25,Pre-ASG
1610612744,14,0022400084,15,GSW,Golden State Warriors,2024-10-25,2024-25,Pre-ASG
1610612762,12,0022400084,13,UTA,Utah Jazz,2024-10-25,2024-25,Pre-ASG
1610612755,12,0022400078,20,PHI,Philadelphia 76ers,2024-10-25,2024-25,Pre-ASG
1610612761,12,0022400078,24,TOR,Toronto Raptors,2024-10-25,2024-25,Pre-ASG
1610612741,11,0022400083,16,CHI,Chicago Bulls,2024-10-25,2024-25,Pre-ASG
1610612749,13,0022400083,11,MIL,Milwaukee Bucks,2024-10-25,2024-25,Pre-ASG
1610612751,11,0022400077,18,BKN,Brooklyn Nets,2024-10-25,2024-25,Pre-ASG
1610612753,11,0022400077,15,ORL,Orlando Magic,2024-10-25,2024-25,Pre-ASG
1610612739,12,0022400080,16,CLE,Cleveland Cavaliers,2024-10-25,2024-25,Pre-ASG
1610612765,13,0022400080,18,DET,Detroit Pistons,2024-10-25,2024-25,Pre-ASG
1610612743,14,0022400075,13,DEN,Denver Nuggets,2024-10-24,2024-25,Pre-ASG
1610612760,13,0022400075,19,OKC,Oklahoma City Thunder,2024-10-24,2024-25,Pre-ASG
1610612742,13,0022400074,19,DAL,Dallas Mavericks,2024-10-24,2024-25,Pre-ASG
1610612759,13,0022400074,19,SAS,San Antonio Spurs,2024-10-24,2024-25,Pre-ASG
1610612738,14,0022400073,17,BOS,Boston Celtics,2024-10-24,2024-25,Pre-ASG
1610612764,14,0022400073,18,WAS,Washington Wizards,2024-10-24,2024-25,Pre-ASG
1610612750,9,0022400076,20,MIN,Minnesota Timberwolves,2024-10-24,2024-25,Pre-ASG
1610612758,10,0022400076,15,SAC,Sacramento Kings,2024-10-24,2024-25,Pre-ASG
1610612744,14,0022400072,21,GSW,Golden State Warriors,2024-10-23,2024-25,Pre-ASG
1610612757,12,0022400072,15,POR,Portland Trail Blazers,2024-10-23,2024-25,Pre-ASG
1610612745,10,0022400068,18,HOU,Houston Rockets,2024-10-23,2024-25,Pre-ASG
1610612766,10,0022400068,21,CHA,Charlotte Hornets,2024-10-23,2024-25,Pre-ASG
1610612754,12,0022400063,17,IND,Indiana Pacers,2024-10-23,2024-25,Pre-ASG
1610612765,10,0022400063,18,DET,Detroit Pistons,2024-10-23,2024-25,Pre-ASG
1610612740,12,0022400069,13,NOP,New Orleans Pelicans,2024-10-23,2024-25,Pre-ASG
1610612741,13,0022400069,15,CHI,Chicago Bulls,2024-10-23,2024-25,Pre-ASG
1610612748,12,0022400065,12,MIA,Miami Heat,2024-10-23,2024-25,Pre-ASG
1610612753,15,0022400065,12,ORL,Orlando Magic,2024-10-23,2024-25,Pre-ASG
1610612762,10,0022400070,15,UTA,Utah Jazz,2024-10-23,2024-25,Pre-ASG
1610612763,11,0022400070,23,MEM,Memphis Grizzlies,2024-10-23,2024-25,Pre-ASG
1610612749,14,0022400066,14,MIL,Milwaukee Bucks,2024-10-23,2024-25,Pre-ASG
1610612755,13,0022400066,19,PHI,Philadelphia 76ers,2024-10-23,2024-25,Pre-ASG
1610612739,13,0022400067,18,CLE,Cleveland Cavaliers,2024-10-23,2024-25,Pre-ASG
1610612761,13,0022400067,21,TOR,Toronto Raptors,2024-10-23,2024-25,Pre-ASG
1610612746,10,0022400071,25,LAC,LA Clippers,2024-10-23,2024-25,Pre-ASG
1610612756,11,0022400071,25,PHX,Phoenix Suns,2024-10-23,2024-25,Pre-ASG
1610612737,9,0022400064,14,ATL,Atlanta Hawks,2024-10-23,2024-25,Pre-ASG
1610612751,10,0022400064,18,BKN,Brooklyn Nets,2024-10-23,2024-25,Pre-ASG
1610612747,10,0022400062,14,LAL,Los Angeles Lakers,2024-10-22,2024-25,Pre-ASG
1610612750,9,0022400062,12,MIN,Minnesota Timberwolves,2024-10-22,2024-25,Pre-ASG
1610612738,11,0022400061,10,BOS,Boston Celtics,2024-10-22,2024-25,Pre-ASG
1610612752,12,0022400061,11,NYK,New York Knicks,2024-10-22,2024-25,Pre-ASG
1610612752,11,0022501190,16,NYK,New York Knicks,2026-04-12,2025-26,Post-ASG
1610612766,13,0022501190,20,CHA,Charlotte Hornets,2026-04-12,2025-26,Post-ASG
1610612754,9,0022501188,18,IND,Indiana Pacers,2026-04-12,2025-26,Post-ASG
1610612765,15,0022501188,9,DET,Detroit Pistons,2026-04-12,2025-26,Post-ASG
1610612739,9,0022501187,17,CLE,Cleveland Cavaliers,2026-04-12,2025-26,Post-ASG
1610612764,9,0022501187,11,WAS,Washington Wizards,2026-04-12,2025-26,Post-ASG
1610612738,8,0022501186,12,BOS,Boston Celtics,2026-04-12,2025-26,Post-ASG
1610612753,10,0022501186,18,ORL,Orlando Magic,2026-04-12,2025-26,Post-ASG
1610612756,9,0022501196,15,PHX,Phoenix Suns,2026-04-12,2025-26,Post-ASG
1610612760,8,0022501196,11,OKC,Oklahoma City Thunder,2026-04-12,2025-26,Post-ASG
1610612745,11,0022501194,14,HOU,Houston Rockets,2026-04-12,2025-26,Post-ASG
1610612763,7,0022501194,12,MEM,Memphis Grizzlies,2026-04-12,2025-26,Post-ASG
1610612740,7,0022501195,13,NOP,New Orleans Pelicans,2026-04-12,2025-26,Post-ASG
1610612750,9,0022501195,20,MIN,Minnesota Timberwolves,2026-04-12,2025-26,Post-ASG
1610612741,9,0022501193,20,CHI,Chicago Bulls,2026-04-12,2025-26,Post-ASG
1610612742,10,0022501193,14,DAL,Dallas Mavericks,2026-04-12,2025-26,Post-ASG
1610612743,10,0022501197,12,DEN,Denver Nuggets,2026-04-12,2025-26,Post-ASG
1610612759,11,0022501197,18,SAS,San Antonio Spurs,2026-04-12,2025-26,Post-ASG
1610612744,13,0022501199,18,GSW,Golden State Warriors,2026-04-12,2025-26,Post-ASG
1610612746,10,0022501199,14,LAC,LA Clippers,2026-04-12,2025-26,Post-ASG
1610612751,8,0022501192,17,BKN,Brooklyn Nets,2026-04-12,2025-26,Post-ASG
1610612761,15,0022501192,21,TOR,Toronto Raptors,2026-04-12,2025-26,Post-ASG
1610612747,14,0022501198,19,LAL,Los Angeles Lakers,2026-04-12,2025-26,Post-ASG
1610612762,8,0022501198,13,UTA,Utah Jazz,2026-04-12,2025-26,Post-ASG
1610612749,8,0022501191,18,MIL,Milwaukee Bucks,2026-04-12,2025-26,Post-ASG
1610612755,15,0022501191,13,PHI,Philadelphia 76ers,2026-04-12,2025-26,Post-ASG
1610612754,10,0022501175,16,IND,Indiana Pacers,2026-04-10,2025-26,Post-ASG
1610612755,9,0022501175,13,PHI,Philadelphia 76ers,2026-04-10,2025-26,Post-ASG
1610612749,8,0022501179,12,MIL,Milwaukee Bucks,2026-04-10,2025-26,Post-ASG
1610612751,7,0022501179,10,BKN,Brooklyn Nets,2026-04-10,2025-26,Post-ASG
1610612745,10,0022501178,17,HOU,Houston Rockets,2026-04-10,2025-26,Post-ASG
1610612750,9,0022501178,19,MIN,Minnesota Timberwolves,2026-04-10,2025-26,Post-ASG
1610612741,10,0022501177,21,CHI,Chicago Bulls,2026-04-10,2025-26,Post-ASG
1610612753,14,0022501177,16,ORL,Orlando Magic,2026-04-10,2025-26,Post-ASG
1610612752,13,0022501176,13,NYK,New York Knicks,2026-04-10,2025-26,Post-ASG
1610612761,11,0022501176,15,TOR,Toronto Raptors,2026-04-10,2025-26,Post-ASG
1610612738,12,0022501174,12,BOS,Boston Celtics,2026-04-10,2025-26,Post-ASG
1610612740,9,0022501174,15,NOP,New Orleans Pelicans,2026-04-10,2025-26,Post-ASG
1610612743,11,0022501182,10,DEN,Denver Nuggets,2026-04-10,2025-26,Post-ASG
1610612760,8,0022501182,10,OKC,Oklahoma City Thunder,2026-04-10,2025-26,Post-ASG
1610612746,14,0022501183,13,LAC,LA Clippers,2026-04-10,2025-26,Post-ASG
1610612757,14,0022501183,19,POR,Portland Trail Blazers,2026-04-10,2025-26,Post-ASG
1610612744,12,0022501184,18,GSW,Golden State Warriors,2026-04-10,2025-26,Post-ASG
1610612758,9,0022501184,10,SAC,Sacramento Kings,2026-04-10,2025-26,Post-ASG
1610612748,12,0022501172,14,MIA,Miami Heat,2026-04-10,2025-26,Post-ASG
1610612764,8,0022501172,11,WAS,Washington Wizards,2026-04-10,2025-26,Post-ASG
1610612737,13,0022501173,19,ATL,Atlanta Hawks,2026-04-10,2025-26,Post-ASG
1610612739,14,0022501173,13,CLE,Cleveland Cavaliers,2026-04-10,2025-26,Post-ASG
1610612745,9,0022501169,18,HOU,Houston Rockets,2026-04-09,2025-26,Post-ASG
1610612755,10,0022501169,16,PHI,Philadelphia 76ers,2026-04-09,2025-26,Post-ASG
1610612748,14,0022501165,14,MIA,Miami Heat,2026-04-09,2025-26,Post-ASG
1610612761,14,0022501165,21,TOR,Toronto Raptors,2026-04-09,2025-26,Post-ASG
1610612738,8,0022501168,12,BOS,Boston Celtics,2026-04-09,2025-26,Post-ASG
1610612752,9,0022501168,15,NYK,New York Knicks,2026-04-09,2025-26,Post-ASG
1610612744,10,0022501170,16,GSW,Golden State Warriors,2026-04-09,2025-26,Post-ASG
1610612747,13,0022501170,20,LAL,Los Angeles Lakers,2026-04-09,2025-26,Post-ASG
1610612751,7,0022501167,13,BKN,Brooklyn Nets,2026-04-09,2025-26,Post-ASG
1610612754,9,0022501167,13,IND,Indiana Pacers,2026-04-09,2025-26,Post-ASG
1610612741,9,0022501166,18,CHI,Chicago Bulls,2026-04-09,2025-26,Post-ASG
1610612764,8,0022501166,15,WAS,Washington Wizards,2026-04-09,2025-26,Post-ASG
1610612743,14,0022501162,11,DEN,Denver Nuggets,2026-04-08,2025-26,Post-ASG
1610612763,9,0022501162,6,MEM,Memphis Grizzlies,2026-04-08,2025-26,Post-ASG
1610612737,9,0022501158,19,ATL,Atlanta Hawks,2026-04-08,2025-26,Post-ASG
1610612739,9,0022501158,17,CLE,Cleveland Cavaliers,2026-04-08,2025-26,Post-ASG
1610612749,12,0022501160,18,MIL,Milwaukee Bucks,2026-04-08,2025-26,Post-ASG
1610612765,15,0022501160,19,DET,Detroit Pistons,2026-04-08,2025-26,Post-ASG
1610612742,10,0022501164,12,DAL,Dallas Mavericks,2026-04-08,2025-26,Post-ASG
1610612756,12,0022501164,19,PHX,Phoenix Suns,2026-04-08,2025-26,Post-ASG
1610612750,10,0022501159,15,MIN,Minnesota Timberwolves,2026-04-08,2025-26,Post-ASG
1610612753,15,0022501159,15,ORL,Orlando Magic,2026-04-08,2025-26,Post-ASG
1610612746,11,0022501163,16,LAC,LA Clippers,2026-04-08,2025-26,Post-ASG
1610612760,13,0022501163,18,OKC,Oklahoma City Thunder,2026-04-08,2025-26,Post-ASG
1610612757,11,0022501161,20,POR,Portland Trail Blazers,2026-04-08,2025-26,Post-ASG
1610612759,9,0022501161,15,SAS,San Antonio Spurs,2026-04-08,2025-26,Post-ASG
1610612742,11,0022501156,20,DAL,Dallas Mavericks,2026-04-07,2025-26,Post-ASG
1610612746,13,0022501156,15,LAC,LA Clippers,2026-04-07,2025-26,Post-ASG
1610612750,14,0022501152,18,MIN,Minnesota Timberwolves,2026-04-07,2025-26,Post-ASG
1610612754,10,0022501152,19,IND,Indiana Pacers,2026-04-07,2025-26,Post-ASG
1610612748,13,0022501151,15,MIA,Miami Heat,2026-04-07,2025-26,Post-ASG
1610612761,14,0022501151,23,TOR,Toronto Raptors,2026-04-07,2025-26,Post-ASG
1610612744,9,0022501154,23,GSW,Golden State Warriors,2026-04-07,2025-26,Post-ASG
1610612758,9,0022501154,14,SAC,Sacramento Kings,2026-04-07,2025-26,Post-ASG
1610612741,10,0022501148,21,CHI,Chicago Bulls,2026-04-07,2025-26,Post-ASG
1610612764,9,0022501148,14,WAS,Washington Wizards,2026-04-07,2025-26,Post-ASG
1610612747,13,0022501155,23,LAL,Los Angeles Lakers,2026-04-07,2025-26,Post-ASG
1610612760,15,0022501155,16,OKC,Oklahoma City Thunder,2026-04-07,2025-26,Post-ASG
1610612749,8,0022501150,15,MIL,Milwaukee Bucks,2026-04-07,2025-26,Post-ASG
1610612751,9,0022501150,13,BKN,Brooklyn Nets,2026-04-07,2025-26,Post-ASG
1610612738,9,0022501149,9,BOS,Boston Celtics,2026-04-07,2025-26,Post-ASG
1610612766,10,0022501149,21,CHA,Charlotte Hornets,2026-04-07,2025-26,Post-ASG
1610612740,9,0022501153,17,NOP,New Orleans Pelicans,2026-04-07,2025-26,Post-ASG
1610612762,8,0022501153,9,UTA,Utah Jazz,2026-04-07,2025-26,Post-ASG
1610612755,9,0022501146,14,PHI,Philadelphia 76ers,2026-04-06,2025-26,Post-ASG
1610612759,11,0022501146,21,SAS,San Antonio Spurs,2026-04-06,2025-26,Post-ASG
1610612746,13,0022501141,13,LAC,LA Clippers,2026-04-05,2025-26,Post-ASG
1610612758,10,0022501141,15,SAC,Sacramento Kings,2026-04-05,2025-26,Post-ASG
1610612739,10,0022501136,17,CLE,Cleveland Cavaliers,2026-04-05,2025-26,Post-ASG
1610612754,9,0022501136,14,IND,Indiana Pacers,2026-04-05,2025-26,Post-ASG
1610612741,10,0022501134,22,CHI,Chicago Bulls,2026-04-05,2025-26,Post-ASG
1610612756,9,0022501134,17,PHX,Phoenix Suns,2026-04-05,2025-26,Post-ASG
1610612738,11,0022501132,10,BOS,Boston Celtics,2026-04-05,2025-26,Post-ASG
1610612761,14,0022501132,24,TOR,Toronto Raptors,2026-04-05,2025-26,Post-ASG
1610612751,10,0022501133,9,BKN,Brooklyn Nets,2026-04-05,2025-26,Post-ASG
1610612764,8,0022501133,10,WAS,Washington Wizards,2026-04-05,2025-26,Post-ASG
1610612744,11,0022501142,28,GSW,Golden State Warriors,2026-04-05,2025-26,Post-ASG
1610612745,10,0022501142,22,HOU,Houston Rockets,2026-04-05,2025-26,Post-ASG
1610612740,10,0022501138,14,NOP,New Orleans Pelicans,2026-04-05,2025-26,Post-ASG
1610612753,9,0022501138,18,ORL,Orlando Magic,2026-04-05,2025-26,Post-ASG
1610612750,13,0022501137,17,MIN,Minnesota Timberwolves,2026-04-05,2025-26,Post-ASG
1610612766,12,0022501137,25,CHA,Charlotte Hornets,2026-04-05,2025-26,Post-ASG
1610612760,15,0022501139,12,OKC,Oklahoma City Thunder,2026-04-05,2025-26,Post-ASG
1610612762,8,0022501139,16,UTA,Utah Jazz,2026-04-05,2025-26,Post-ASG
1610612742,11,0022501140,20,DAL,Dallas Mavericks,2026-04-05,2025-26,Post-ASG
1610612747,11,0022501140,18,LAL,Los Angeles Lakers,2026-04-05,2025-26,Post-ASG
1610612743,10,0022501130,17,DEN,Denver Nuggets,2026-04-04,2025-26,Post-ASG
1610612759,10,0022501130,18,SAS,San Antonio Spurs,2026-04-04,2025-26,Post-ASG
1610612748,11,0022501129,11,MIA,Miami Heat,2026-04-04,2025-26,Post-ASG
1610612764,11,0022501129,18,WAS,Washington Wizards,2026-04-04,2025-26,Post-ASG
1610612755,13,0022501131,14,PHI,Philadelphia 76ers,2026-04-04,2025-26,Post-ASG
1610612765,12,0022501131,18,DET,Detroit Pistons,2026-04-04,2025-26,Post-ASG
1610612754,10,0022501120,16,IND,Indiana Pacers,2026-04-03,2025-26,Post-ASG
1610612766,11,0022501120,19,CHA,Charlotte Hornets,2026-04-03,2025-26,Post-ASG
1610612738,12,0022501126,12,BOS,Boston Celtics,2026-04-03,2025-26,Post-ASG
1610612749,12,0022501126,15,MIL,Milwaukee Bucks,2026-04-03,2025-26,Post-ASG
1610612761,14,0022501125,20,TOR,Toronto Raptors,2026-04-03,2025-26,Post-ASG
1610612763,10,0022501125,12,MEM,Memphis Grizzlies,2026-04-03,2025-26,Post-ASG
1610612750,9,0022501121,13,MIN,Minnesota Timberwolves,2026-04-03,2025-26,Post-ASG
1610612755,9,0022501121,12,PHI,Philadelphia 76ers,2026-04-03,2025-26,Post-ASG
1610612745,13,0022501124,17,HOU,Houston Rockets,2026-04-03,2025-26,Post-ASG
1610612762,8,0022501124,13,UTA,Utah Jazz,2026-04-03,2025-26,Post-ASG
1610612740,9,0022501128,17,NOP,New Orleans Pelicans,2026-04-03,2025-26,Post-ASG
1610612758,9,0022501128,16,SAC,Sacramento Kings,2026-04-03,2025-26,Post-ASG
1610612741,12,0022501123,22,CHI,Chicago Bulls,2026-04-03,2025-26,Post-ASG
1610612752,14,0022501123,16,NYK,New York Knicks,2026-04-03,2025-26,Post-ASG
1610612737,15,0022501122,16,ATL,Atlanta Hawks,2026-04-03,2025-26,Post-ASG
1610612751,11,0022501122,12,BKN,Brooklyn Nets,2026-04-03,2025-26,Post-ASG
1610612750,9,0022501115,16,MIN,Minnesota Timberwolves,2026-04-02,2025-26,Post-ASG
1610612765,11,0022501115,17,DET,Detroit Pistons,2026-04-02,2025-26,Post-ASG
1610612747,11,0022501116,15,LAL,Los Angeles Lakers,2026-04-02,2025-26,Post-ASG
1610612760,15,0022501116,16,OKC,Oklahoma City Thunder,2026-04-02,2025-26,Post-ASG
1610612740,9,0022501118,19,NOP,New Orleans Pelicans,2026-04-02,2025-26,Post-ASG
1610612757,9,0022501118,18,POR,Portland Trail Blazers,2026-04-02,2025-26,Post-ASG
1610612756,14,0022501114,17,PHX,Phoenix Suns,2026-04-02,2025-26,Post-ASG
1610612766,12,0022501114,20,CHA,Charlotte Hornets,2026-04-02,2025-26,Post-ASG
1610612739,9,0022501117,13,CLE,Cleveland Cavaliers,2026-04-02,2025-26,Post-ASG
1610612744,9,0022501117,19,GSW,Golden State Warriors,2026-04-02,2025-26,Post-ASG
1610612746,13,0022501119,16,LAC,LA Clippers,2026-04-02,2025-26,Post-ASG
1610612759,13,0022501119,20,SAS,San Antonio Spurs,2026-04-02,2025-26,Post-ASG
1610612758,10,0022501108,17,SAC,Sacramento Kings,2026-04-01,2025-26,Post-ASG
1610612761,9,0022501108,21,TOR,Toronto Raptors,2026-04-01,2025-26,Post-ASG
1610612738,11,0022501106,17,BOS,Boston Celtics,2026-04-01,2025-26,Post-ASG
1610612748,9,0022501106,11,MIA,Miami Heat,2026-04-01,2025-26,Post-ASG
1610612745,10,0022501110,16,HOU,Houston Rockets,2026-04-01,2025-26,Post-ASG
1610612749,8,0022501110,10,MIL,Milwaukee Bucks,2026-04-01,2025-26,Post-ASG
1610612744,9,0022501113,18,GSW,Golden State Warriors,2026-04-01,2025-26,Post-ASG
1610612759,10,0022501113,21,SAS,San Antonio Spurs,2026-04-01,2025-26,Post-ASG
1610612745,12,0022501102,12,HOU,Houston Rockets,2026-03-31,2025-26,Post-ASG
1610612752,14,0022501102,12,NYK,New York Knicks,2026-03-31,2025-26,Post-ASG
1610612742,11,0022500652,17,DAL,Dallas Mavericks,2026-03-31,2025-26,Post-ASG
1610612749,11,0022500652,15,MIL,Milwaukee Bucks,2026-03-31,2025-26,Post-ASG
1610612739,12,0022501103,11,CLE,Cleveland Cavaliers,2026-03-31,2025-26,Post-ASG
1610612747,13,0022501103,14,LAL,Los Angeles Lakers,2026-03-31,2025-26,Post-ASG
1610612746,12,0022501104,18,LAC,LA Clippers,2026-03-31,2025-26,Post-ASG
1610612757,11,0022501104,18,POR,Portland Trail Blazers,2026-03-31,2025-26,Post-ASG
1610612761,12,0022501101,22,TOR,Toronto Raptors,2026-03-31,2025-26,Post-ASG
1610612765,11,0022501101,14,DET,Detroit Pistons,2026-03-31,2025-26,Post-ASG
1610612751,13,0022501100,13,BKN,Brooklyn Nets,2026-03-31,2025-26,Post-ASG
1610612766,14,0022501100,18,CHA,Charlotte Hornets,2026-03-31,2025-26,Post-ASG
1610612753,10,0022501099,15,ORL,Orlando Magic,2026-03-31,2025-26,Post-ASG
1610612756,10,0022501099,23,PHX,Phoenix Suns,2026-03-31,2025-26,Post-ASG
1610612756,12,0022501093,12,PHX,Phoenix Suns,2026-03-30,2025-26,Post-ASG
1610612763,9,0022501093,10,MEM,Memphis Grizzlies,2026-03-30,2025-26,Post-ASG
1610612737,9,0022501092,16,ATL,Atlanta Hawks,2026-03-30,2025-26,Post-ASG
1610612738,12,0022501092,13,BOS,Boston Celtics,2026-03-30,2025-26,Post-ASG
1610612741,10,0022501094,18,CHI,Chicago Bulls,2026-03-30,2025-26,Post-ASG
1610612759,10,0022501094,15,SAS,San Antonio Spurs,2026-03-30,2025-26,Post-ASG
1610612742,11,0022501095,19,DAL,Dallas Mavericks,2026-03-30,2025-26,Post-ASG
1610612750,12,0022501095,18,MIN,Minnesota Timberwolves,2026-03-30,2025-26,Post-ASG
1610612739,10,0022501096,12,CLE,Cleveland Cavaliers,2026-03-30,2025-26,Post-ASG
1610612762,8,0022501096,16,UTA,Utah Jazz,2026-03-30,2025-26,Post-ASG
1610612747,12,0022501098,10,LAL,Los Angeles Lakers,2026-03-30,2025-26,Post-ASG
1610612764,9,0022501098,15,WAS,Washington Wizards,2026-03-30,2025-26,Post-ASG
1610612760,11,0022501097,27,OKC,Oklahoma City Thunder,2026-03-30,2025-26,Post-ASG
1610612765,10,0022501097,20,DET,Detroit Pistons,2026-03-30,2025-26,Post-ASG
1610612748,9,0022501091,13,MIA,Miami Heat,2026-03-30,2025-26,Post-ASG
1610612755,9,0022501091,10,PHI,Philadelphia 76ers,2026-03-30,2025-26,Post-ASG
1610612746,10,0022501082,10,LAC,LA Clippers,2026-03-29,2025-26,Post-ASG
1610612749,8,0022501082,12,MIL,Milwaukee Bucks,2026-03-29,2025-26,Post-ASG
1610612752,10,0022501089,18,NYK,New York Knicks,2026-03-29,2025-26,Post-ASG
1610612760,11,0022501089,20,OKC,Oklahoma City Thunder,2026-03-29,2025-26,Post-ASG
1610612740,12,0022501088,16,NOP,New Orleans Pelicans,2026-03-29,2025-26,Post-ASG
1610612745,12,0022501088,15,HOU,Houston Rockets,2026-03-29,2025-26,Post-ASG
1610612748,10,0022501083,12,MIA,Miami Heat,2026-03-29,2025-26,Post-ASG
1610612754,11,0022501083,23,IND,Indiana Pacers,2026-03-29,2025-26,Post-ASG
1610612751,11,0022501084,14,BKN,Brooklyn Nets,2026-03-29,2025-26,Post-ASG
1610612758,9,0022501084,13,SAC,Sacramento Kings,2026-03-29,2025-26,Post-ASG
1610612757,12,0022501087,18,POR,Portland Trail Blazers,2026-03-29,2025-26,Post-ASG
1610612764,10,0022501087,13,WAS,Washington Wizards,2026-03-29,2025-26,Post-ASG
1610612753,12,0022501086,15,ORL,Orlando Magic,2026-03-29,2025-26,Post-ASG
1610612761,13,0022501086,18,TOR,Toronto Raptors,2026-03-29,2025-26,Post-ASG
1610612738,13,0022501085,15,BOS,Boston Celtics,2026-03-29,2025-26,Post-ASG
1610612766,13,0022501085,23,CHA,Charlotte Hornets,2026-03-29,2025-26,Post-ASG
1610612743,15,0022501090,14,DEN,Denver Nuggets,2026-03-29,2025-26,Post-ASG
1610612744,13,0022501090,24,GSW,Golden State Warriors,2026-03-29,2025-26,Post-ASG
1610612749,10,0022501076,15,MIL,Milwaukee Bucks,2026-03-28,2025-26,Post-ASG
1610612759,13,0022501076,17,SAS,San Antonio Spurs,2026-03-28,2025-26,Post-ASG
1610612755,11,0022501077,15,PHI,Philadelphia 76ers,2026-03-28,2025-26,Post-ASG
1610612766,10,0022501077,25,CHA,Charlotte Hornets,2026-03-28,2025-26,Post-ASG
1610612737,9,0022501078,12,ATL,Atlanta Hawks,2026-03-28,2025-26,Post-ASG
1610612758,10,0022501078,14,SAC,Sacramento Kings,2026-03-28,2025-26,Post-ASG
1610612756,12,0022501081,13,PHX,Phoenix Suns,2026-03-28,2025-26,Post-ASG
1610612762,10,0022501081,16,UTA,Utah Jazz,2026-03-28,2025-26,Post-ASG
1610612750,12,0022501080,20,MIN,Minnesota Timberwolves,2026-03-28,2025-26,Post-ASG
1610612765,13,0022501080,13,DET,Detroit Pistons,2026-03-28,2025-26,Post-ASG
1610612739,14,0022501068,16,CLE,Cleveland Cavaliers,2026-03-27,2025-26,Post-ASG
1610612748,12,0022501068,14,MIA,Miami Heat,2026-03-27,2025-26,Post-ASG
1610612745,9,0022501069,15,HOU,Houston Rockets,2026-03-27,2025-26,Post-ASG
1610612763,10,0022501069,16,MEM,Memphis Grizzlies,2026-03-27,2025-26,Post-ASG
1610612746,10,0022501066,17,LAC,LA Clippers,2026-03-27,2025-26,Post-ASG
1610612754,12,0022501066,25,IND,Indiana Pacers,2026-03-27,2025-26,Post-ASG
1610612737,10,0022501067,14,ATL,Atlanta Hawks,2026-03-27,2025-26,Post-ASG
1610612738,9,0022501067,17,BOS,Boston Celtics,2026-03-27,2025-26,Post-ASG
1610612741,10,0022501070,20,CHI,Chicago Bulls,2026-03-27,2025-26,Post-ASG
1610612760,14,0022501070,16,OKC,Oklahoma City Thunder,2026-03-27,2025-26,Post-ASG
1610612740,11,0022501071,17,NOP,New Orleans Pelicans,2026-03-27,2025-26,Post-ASG
1610612761,14,0022501071,19,TOR,Toronto Raptors,2026-03-27,2025-26,Post-ASG
1610612752,10,0022501063,15,NYK,New York Knicks,2026-03-26,2025-26,Post-ASG
1610612766,10,0022501063,20,CHA,Charlotte Hornets,2026-03-26,2025-26,Post-ASG
1610612740,11,0022501064,20,NOP,New Orleans Pelicans,2026-03-26,2025-26,Post-ASG
1610612765,13,0022501064,20,DET,Detroit Pistons,2026-03-26,2025-26,Post-ASG
1610612762,8,0022501057,14,UTA,Utah Jazz,2026-03-25,2025-26,Post-ASG
1610612764,9,0022501057,15,WAS,Washington Wizards,2026-03-25,2025-26,Post-ASG
1610612746,12,0022501062,14,LAC,LA Clippers,2026-03-25,2025-26,Post-ASG
1610612761,14,0022501062,17,TOR,Toronto Raptors,2026-03-25,2025-26,Post-ASG
1610612759,13,0022501056,14,SAS,San Antonio Spurs,2026-03-25,2025-26,Post-ASG
1610612763,10,0022501056,17,MEM,Memphis Grizzlies,2026-03-25,2025-26,Post-ASG
1610612744,10,0022501060,22,GSW,Golden State Warriors,2026-03-25,2025-26,Post-ASG
1610612751,11,0022501060,13,BKN,Brooklyn Nets,2026-03-25,2025-26,Post-ASG
1610612747,9,0022501052,14,LAL,Los Angeles Lakers,2026-03-25,2025-26,Post-ASG
1610612754,11,0022501052,15,IND,Indiana Pacers,2026-03-25,2025-26,Post-ASG
1610612742,12,0022501059,20,DAL,Dallas Mavericks,2026-03-25,2025-26,Post-ASG
1610612743,9,0022501059,15,DEN,Denver Nuggets,2026-03-25,2025-26,Post-ASG
1610612741,12,0022501053,24,CHI,Chicago Bulls,2026-03-25,2025-26,Post-ASG
1610612755,14,0022501053,10,PHI,Philadelphia 76ers,2026-03-25,2025-26,Post-ASG
1610612738,9,0022501054,22,BOS,Boston Celtics,2026-03-25,2025-26,Post-ASG
1610612760,11,0022501054,22,OKC,Oklahoma City Thunder,2026-03-25,2025-26,Post-ASG
1610612745,11,0022501058,14,HOU,Houston Rockets,2026-03-25,2025-26,Post-ASG
1610612750,9,0022501058,17,MIN,Minnesota Timberwolves,2026-03-25,2025-26,Post-ASG
1610612739,9,0022501055,13,CLE,Cleveland Cavaliers,2026-03-25,2025-26,Post-ASG
1610612748,9,0022501055,14,MIA,Miami Heat,2026-03-25,2025-26,Post-ASG
1610612737,11,0022501051,17,ATL,Atlanta Hawks,2026-03-25,2025-26,Post-ASG
1610612765,10,0022501051,17,DET,Detroit Pistons,2026-03-25,2025-26,Post-ASG
1610612749,10,0022501061,18,MIL,Milwaukee Bucks,2026-03-25,2025-26,Post-ASG
1610612757,12,0022501061,16,POR,Portland Trail Blazers,2026-03-25,2025-26,Post-ASG
1610612743,9,0022501050,11,DEN,Denver Nuggets,2026-03-24,2025-26,Post-ASG
1610612756,10,0022501050,15,PHX,Phoenix Suns,2026-03-24,2025-26,Post-ASG
1610612758,8,0022501047,13,SAC,Sacramento Kings,2026-03-24,2025-26,Post-ASG
1610612766,13,0022501047,17,CHA,Charlotte Hornets,2026-03-24,2025-26,Post-ASG
1610612739,10,0022501049,14,CLE,Cleveland Cavaliers,2026-03-24,2025-26,Post-ASG
1610612753,10,0022501049,17,ORL,Orlando Magic,2026-03-24,2025-26,Post-ASG
1610612740,9,0022501048,13,NOP,New Orleans Pelicans,2026-03-24,2025-26,Post-ASG
1610612752,9,0022501048,10,NYK,New York Knicks,2026-03-24,2025-26,Post-ASG
1610612741,9,0022501042,19,CHI,Chicago Bulls,2026-03-23,2025-26,Post-ASG
1610612745,11,0022501042,17,HOU,Houston Rockets,2026-03-23,2025-26,Post-ASG
1610612751,11,0022501045,12,BKN,Brooklyn Nets,2026-03-23,2025-26,Post-ASG
1610612757,11,0022501045,14,POR,Portland Trail Blazers,2026-03-23,2025-26,Post-ASG
1610612737,14,0022501037,17,ATL,Atlanta Hawks,2026-03-23,2025-26,Post-ASG
1610612763,10,0022501037,16,MEM,Memphis Grizzlies,2026-03-23,2025-26,Post-ASG
1610612753,10,0022501039,19,ORL,Orlando Magic,2026-03-23,2025-26,Post-ASG
1610612754,9,0022501039,17,IND,Indiana Pacers,2026-03-23,2025-26,Post-ASG
1610612761,11,0022501043,19,TOR,Toronto Raptors,2026-03-23,2025-26,Post-ASG
1610612762,8,0022501043,14,UTA,Utah Jazz,2026-03-23,2025-26,Post-ASG
1610612746,13,0022501046,13,LAC,LA Clippers,2026-03-23,2025-26,Post-ASG
1610612749,11,0022501046,12,MIL,Milwaukee Bucks,2026-03-23,2025-26,Post-ASG
1610612748,12,0022501041,20,MIA,Miami Heat,2026-03-23,2025-26,Post-ASG
1610612759,14,0022501041,17,SAS,San Antonio Spurs,2026-03-23,2025-26,Post-ASG
1610612742,11,0022501044,18,DAL,Dallas Mavericks,2026-03-23,2025-26,Post-ASG
1610612744,10,0022501044,25,GSW,Golden State Warriors,2026-03-23,2025-26,Post-ASG
1610612747,10,0022501038,15,LAL,Los Angeles Lakers,2026-03-23,2025-26,Post-ASG
1610612765,10,0022501038,15,DET,Detroit Pistons,2026-03-23,2025-26,Post-ASG
1610612755,11,0022501040,13,PHI,Philadelphia 76ers,2026-03-23,2025-26,Post-ASG
1610612760,14,0022501040,16,OKC,Oklahoma City Thunder,2026-03-23,2025-26,Post-ASG
1610612751,11,0022501033,16,BKN,Brooklyn Nets,2026-03-22,2025-26,Post-ASG
1610612758,10,0022501033,15,SAC,Sacramento Kings,2026-03-22,2025-26,Post-ASG
1610612756,12,0022501036,12,PHX,Phoenix Suns,2026-03-22,2025-26,Post-ASG
1610612761,13,0022501036,17,TOR,Toronto Raptors,2026-03-22,2025-26,Post-ASG
1610612738,12,0022501035,15,BOS,Boston Celtics,2026-03-22,2025-26,Post-ASG
1610612750,13,0022501035,15,MIN,Minnesota Timberwolves,2026-03-22,2025-26,Post-ASG
1610612743,14,0022501032,16,DEN,Denver Nuggets,2026-03-22,2025-26,Post-ASG
1610612757,11,0022501032,14,POR,Portland Trail Blazers,2026-03-22,2025-26,Post-ASG
1610612752,14,0022501034,13,NYK,New York Knicks,2026-03-22,2025-26,Post-ASG
1610612764,9,0022501034,15,WAS,Washington Wizards,2026-03-22,2025-26,Post-ASG
1610612745,10,0022501027,18,HOU,Houston Rockets,2026-03-21,2025-26,Post-ASG
1610612748,10,0022501027,16,MIA,Miami Heat,2026-03-21,2025-26,Post-ASG
1610612737,11,0022501026,20,ATL,Atlanta Hawks,2026-03-21,2025-26,Post-ASG
1610612744,11,0022501026,30,GSW,Golden State Warriors,2026-03-21,2025-26,Post-ASG
1610612739,10,0022501025,13,CLE,Cleveland Cavaliers,2026-03-21,2025-26,Post-ASG
1610612740,9,0022501025,13,NOP,New Orleans Pelicans,2026-03-21,2025-26,Post-ASG
1610612763,10,0022501023,14,MEM,Memphis Grizzlies,2026-03-21,2025-26,Post-ASG
1610612766,12,0022501023,24,CHA,Charlotte Hornets,2026-03-21,2025-26,Post-ASG
1610612755,11,0022501030,17,PHI,Philadelphia 76ers,2026-03-21,2025-26,Post-ASG
1610612762,8,0022501030,14,UTA,Utah Jazz,2026-03-21,2025-26,Post-ASG
1610612754,11,0022501028,18,IND,Indiana Pacers,2026-03-21,2025-26,Post-ASG
1610612759,12,0022501028,15,SAS,San Antonio Spurs,2026-03-21,2025-26,Post-ASG
1610612747,9,0022501024,19,LAL,Los Angeles Lakers,2026-03-21,2025-26,Post-ASG
1610612753,10,0022501024,16,ORL,Orlando Magic,2026-03-21,2025-26,Post-ASG
1610612743,9,0022501021,15,DEN,Denver Nuggets,2026-03-20,2025-26,Post-ASG
1610612761,9,0022501021,16,TOR,Toronto Raptors,2026-03-20,2025-26,Post-ASG
1610612738,10,0022501019,13,BOS,Boston Celtics,2026-03-20,2025-26,Post-ASG
1610612763,9,0022501019,11,MEM,Memphis Grizzlies,2026-03-20,2025-26,Post-ASG
1610612744,11,0022501017,25,GSW,Golden State Warriors,2026-03-20,2025-26,Post-ASG
1610612765,11,0022501017,18,DET,Detroit Pistons,2026-03-20,2025-26,Post-ASG
1610612737,13,0022501018,16,ATL,Atlanta Hawks,2026-03-20,2025-26,Post-ASG
1610612745,11,0022501018,13,HOU,Houston Rockets,2026-03-20,2025-26,Post-ASG
1610612750,8,0022501020,11,MIN,Minnesota Timberwolves,2026-03-20,2025-26,Post-ASG
1610612757,10,0022501020,18,POR,Portland Trail Blazers,2026-03-20,2025-26,Post-ASG
1610612739,10,0022501011,10,CLE,Cleveland Cavaliers,2026-03-19,2025-26,Post-ASG
1610612741,9,0022501011,23,CHI,Chicago Bulls,2026-03-19,2025-26,Post-ASG
1610612740,9,0022501012,18,NOP,New Orleans Pelicans,2026-03-19,2025-26,Post-ASG
1610612746,9,0022501012,17,LAC,LA Clippers,2026-03-19,2025-26,Post-ASG
1610612753,13,0022501008,15,ORL,Orlando Magic,2026-03-19,2025-26,Post-ASG
1610612766,13,0022501008,20,CHA,Charlotte Hornets,2026-03-19,2025-26,Post-ASG
1610612755,12,0022501015,12,PHI,Philadelphia 76ers,2026-03-19,2025-26,Post-ASG
1610612758,9,0022501015,16,SAC,Sacramento Kings,2026-03-19,2025-26,Post-ASG
1610612749,15,0022501014,18,MIL,Milwaukee Bucks,2026-03-19,2025-26,Post-ASG
1610612762,8,0022501014,13,UTA,Utah Jazz,2026-03-19,2025-26,Post-ASG
1610612756,10,0022501013,21,PHX,Phoenix Suns,2026-03-19,2025-26,Post-ASG
1610612759,10,0022501013,23,SAS,San Antonio Spurs,2026-03-19,2025-26,Post-ASG
1610612764,9,0022501009,12,WAS,Washington Wizards,2026-03-19,2025-26,Post-ASG
1610612765,13,0022501009,12,DET,Detroit Pistons,2026-03-19,2025-26,Post-ASG
1610612747,9,0022501010,11,LAL,Los Angeles Lakers,2026-03-19,2025-26,Post-ASG
1610612748,9,0022501010,13,MIA,Miami Heat,2026-03-19,2025-26,Post-ASG
1610612745,9,0022501007,14,HOU,Houston Rockets,2026-03-18,2025-26,Post-ASG
1610612747,9,0022501007,20,LAL,Los Angeles Lakers,2026-03-18,2025-26,Post-ASG
1610612738,12,0022500999,16,BOS,Boston Celtics,2026-03-18,2025-26,Post-ASG
1610612744,12,0022500999,20,GSW,Golden State Warriors,2026-03-18,2025-26,Post-ASG
1610612751,14,0022501000,16,BKN,Brooklyn Nets,2026-03-18,2025-26,Post-ASG
1610612760,12,0022501000,14,OKC,Oklahoma City Thunder,2026-03-18,2025-26,Post-ASG
1610612750,13,0022501004,13,MIN,Minnesota Timberwolves,2026-03-18,2025-26,Post-ASG
1610612762,11,0022501004,16,UTA,Utah Jazz,2026-03-18,2025-26,Post-ASG
1610612740,9,0022501005,14,NOP,New Orleans Pelicans,2026-03-18,2025-26,Post-ASG
1610612746,12,0022501005,15,LAC,LA Clippers,2026-03-18,2025-26,Post-ASG
1610612737,13,0022501006,11,ATL,Atlanta Hawks,2026-03-18,2025-26,Post-ASG
1610612742,11,0022501006,18,DAL,Dallas Mavericks,2026-03-18,2025-26,Post-ASG
1610612754,11,0022501001,18,IND,Indiana Pacers,2026-03-18,2025-26,Post-ASG
1610612757,10,0022501001,16,POR,Portland Trail Blazers,2026-03-18,2025-26,Post-ASG
1610612741,12,0022501002,25,CHI,Chicago Bulls,2026-03-18,2025-26,Post-ASG
1610612761,13,0022501002,17,TOR,Toronto Raptors,2026-03-18,2025-26,Post-ASG
1610612743,9,0022500651,14,DEN,Denver Nuggets,2026-03-18,2025-26,Post-ASG
1610612763,12,0022500651,21,MEM,Memphis Grizzlies,2026-03-18,2025-26,Post-ASG
1610612739,10,0022500995,17,CLE,Cleveland Cavaliers,2026-03-17,2025-26,Post-ASG
1610612749,9,0022500995,14,MIL,Milwaukee Bucks,2026-03-17,2025-26,Post-ASG
1610612758,9,0022500998,14,SAC,Sacramento Kings,2026-03-17,2025-26,Post-ASG
1610612759,13,0022500998,14,SAS,San Antonio Spurs,2026-03-17,2025-26,Post-ASG
1610612748,13,0022500991,20,MIA,Miami Heat,2026-03-17,2025-26,Post-ASG
1610612766,13,0022500991,23,CHA,Charlotte Hornets,2026-03-17,2025-26,Post-ASG
1610612753,11,0022500992,15,ORL,Orlando Magic,2026-03-17,2025-26,Post-ASG
1610612760,11,0022500992,18,OKC,Oklahoma City Thunder,2026-03-17,2025-26,Post-ASG
1610612764,9,0022500993,13,WAS,Washington Wizards,2026-03-17,2025-26,Post-ASG
1610612765,12,0022500993,18,DET,Detroit Pistons,2026-03-17,2025-26,Post-ASG
1610612743,13,0022500997,18,DEN,Denver Nuggets,2026-03-17,2025-26,Post-ASG
1610612755,11,0022500997,17,PHI,Philadelphia 76ers,2026-03-17,2025-26,Post-ASG
1610612750,8,0022500996,15,MIN,Minnesota Timberwolves,2026-03-17,2025-26,Post-ASG
1610612756,12,0022500996,17,PHX,Phoenix Suns,2026-03-17,2025-26,Post-ASG
1610612746,11,0022500990,13,LAC,LA Clippers,2026-03-16,2025-26,Post-ASG
1610612759,10,0022500990,14,SAS,San Antonio Spurs,2026-03-16,2025-26,Post-ASG
1610612737,11,0022500983,19,ATL,Atlanta Hawks,2026-03-16,2025-26,Post-ASG
1610612753,12,0022500983,15,ORL,Orlando Magic,2026-03-16,2025-26,Post-ASG
1610612745,8,0022500989,15,HOU,Houston Rockets,2026-03-16,2025-26,Post-ASG
1610612747,9,0022500989,19,LAL,Los Angeles Lakers,2026-03-16,2025-26,Post-ASG
1610612741,11,0022500987,22,CHI,Chicago Bulls,2026-03-16,2025-26,Post-ASG
1610612763,11,0022500987,16,MEM,Memphis Grizzlies,2026-03-16,2025-26,Post-ASG
1610612758,8,0022500982,14,SAC,Sacramento Kings,2026-03-15,2025-26,Post-ASG
1610612762,8,0022500982,9,UTA,Utah Jazz,2026-03-15,2025-26,Post-ASG
1610612744,10,0022500981,22,GSW,Golden State Warriors,2026-03-15,2025-26,Post-ASG
1610612752,10,0022500981,20,NYK,New York Knicks,2026-03-15,2025-26,Post-ASG
1610612761,9,0022500978,17,TOR,Toronto Raptors,2026-03-15,2025-26,Post-ASG
1610612765,11,0022500978,12,DET,Detroit Pistons,2026-03-15,2025-26,Post-ASG
1610612739,9,0022500977,11,CLE,Cleveland Cavaliers,2026-03-15,2025-26,Post-ASG
1610612742,11,0022500977,20,DAL,Dallas Mavericks,2026-03-15,2025-26,Post-ASG
1610612750,13,0022500976,15,MIN,Minnesota Timberwolves,2026-03-15,2025-26,Post-ASG
1610612760,11,0022500976,14,OKC,Oklahoma City Thunder,2026-03-15,2025-26,Post-ASG
1610612749,12,0022500979,16,MIL,Milwaukee Bucks,2026-03-15,2025-26,Post-ASG
1610612754,12,0022500979,21,IND,Indiana Pacers,2026-03-15,2025-26,Post-ASG
1610612755,11,0022500980,13,PHI,Philadelphia 76ers,2026-03-15,2025-26,Post-ASG
1610612757,10,0022500980,18,POR,Portland Trail Blazers,2026-03-15,2025-26,Post-ASG
1610612738,12,0022500971,15,BOS,Boston Celtics,2026-03-14,2025-26,Post-ASG
1610612764,12,0022500971,11,WAS,Washington Wizards,2026-03-14,2025-26,Post-ASG
1610612759,9,0022500973,17,SAS,San Antonio Spurs,2026-03-14,2025-26,Post-ASG
1610612766,10,0022500973,22,CHA,Charlotte Hornets,2026-03-14,2025-26,Post-ASG
1610612746,10,0022500975,16,LAC,LA Clippers,2026-03-14,2025-26,Post-ASG
1610612758,9,0022500975,14,SAC,Sacramento Kings,2026-03-14,2025-26,Post-ASG
1610612751,11,0022500969,13,BKN,Brooklyn Nets,2026-03-14,2025-26,Post-ASG
1610612755,9,0022500969,14,PHI,Philadelphia 76ers,2026-03-14,2025-26,Post-ASG
1610612743,9,0022500974,17,DEN,Denver Nuggets,2026-03-14,2025-26,Post-ASG
1610612747,9,0022500974,15,LAL,Los Angeles Lakers,2026-03-14,2025-26,Post-ASG
1610612737,14,0022500970,14,ATL,Atlanta Hawks,2026-03-14,2025-26,Post-ASG
1610612749,14,0022500970,17,MIL,Milwaukee Bucks,2026-03-14,2025-26,Post-ASG
1610612748,9,0022500972,12,MIA,Miami Heat,2026-03-14,2025-26,Post-ASG
1610612753,9,0022500972,12,ORL,Orlando Magic,2026-03-14,2025-26,Post-ASG
1610612744,12,0022500966,24,GSW,Golden State Warriors,2026-03-13,2025-26,Post-ASG
1610612750,9,0022500966,13,MIN,Minnesota Timberwolves,2026-03-13,2025-26,Post-ASG
1610612757,12,0022500967,23,POR,Portland Trail Blazers,2026-03-13,2025-26,Post-ASG
1610612762,9,0022500967,13,UTA,Utah Jazz,2026-03-13,2025-26,Post-ASG
1610612741,10,0022500968,20,CHI,Chicago Bulls,2026-03-13,2025-26,Post-ASG
1610612746,9,0022500968,15,LAC,LA Clippers,2026-03-13,2025-26,Post-ASG
1610612756,10,0022500963,22,PHX,Phoenix Suns,2026-03-13,2025-26,Post-ASG
1610612761,10,0022500963,24,TOR,Toronto Raptors,2026-03-13,2025-26,Post-ASG
1610612763,10,0022500961,10,MEM,Memphis Grizzlies,2026-03-13,2025-26,Post-ASG
1610612765,12,0022500961,18,DET,Detroit Pistons,2026-03-13,2025-26,Post-ASG
1610612753,11,0022500955,14,ORL,Orlando Magic,2026-03-12,2025-26,Post-ASG
1610612764,12,0022500955,15,WAS,Washington Wizards,2026-03-12,2025-26,Post-ASG
1610612743,10,0022500958,15,DEN,Denver Nuggets,2026-03-12,2025-26,Post-ASG
1610612759,10,0022500958,19,SAS,San Antonio Spurs,2026-03-12,2025-26,Post-ASG
1610612737,10,0022500956,16,ATL,Atlanta Hawks,2026-03-12,2025-26,Post-ASG
1610612751,11,0022500956,10,BKN,Brooklyn Nets,2026-03-12,2025-26,Post-ASG
1610612748,9,0022500957,13,MIA,Miami Heat,2026-03-12,2025-26,Post-ASG
1610612749,11,0022500957,23,MIL,Milwaukee Bucks,2026-03-12,2025-26,Post-ASG
1610612758,8,0022500951,13,SAC,Sacramento Kings,2026-03-11,2025-26,Post-ASG
1610612766,10,0022500951,15,CHA,Charlotte Hornets,2026-03-11,2025-26,Post-ASG
1610612739,9,0022500947,13,CLE,Cleveland Cavaliers,2026-03-11,2025-26,Post-ASG
1610612753,9,0022500947,10,ORL,Orlando Magic,2026-03-11,2025-26,Post-ASG
1610612743,14,0022500950,14,DEN,Denver Nuggets,2026-03-11,2025-26,Post-ASG
1610612745,11,0022500950,15,HOU,Houston Rockets,2026-03-11,2025-26,Post-ASG
1610612755,10,0022500936,16,PHI,Philadelphia 76ers,2026-03-10,2025-26,Post-ASG
1610612763,10,0022500936,14,MEM,Memphis Grizzlies,2026-03-10,2025-26,Post-ASG
1610612751,12,0022500937,11,BKN,Brooklyn Nets,2026-03-10,2025-26,Post-ASG
1610612765,12,0022500937,17,DET,Detroit Pistons,2026-03-10,2025-26,Post-ASG
1610612745,12,0022500940,17,HOU,Houston Rockets,2026-03-10,2025-26,Post-ASG
1610612761,12,0022500940,23,TOR,Toronto Raptors,2026-03-10,2025-26,Post-ASG
1610612749,10,0022500941,21,MIL,Milwaukee Bucks,2026-03-10,2025-26,Post-ASG
1610612756,11,0022500941,14,PHX,Phoenix Suns,2026-03-10,2025-26,Post-ASG
1610612737,10,0022500939,12,ATL,Atlanta Hawks,2026-03-10,2025-26,Post-ASG
1610612742,10,0022500939,21,DAL,Dallas Mavericks,2026-03-10,2025-26,Post-ASG
1610612757,10,0022500944,15,POR,Portland Trail Blazers,2026-03-10,2025-26,Post-ASG
1610612766,10,0022500944,17,CHA,Charlotte Hornets,2026-03-10,2025-26,Post-ASG
1610612747,13,0022500946,13,LAL,Los Angeles Lakers,2026-03-10,2025-26,Post-ASG
1610612750,14,0022500946,13,MIN,Minnesota Timberwolves,2026-03-10,2025-26,Post-ASG
1610612754,11,0022500945,18,IND,Indiana Pacers,2026-03-10,2025-26,Post-ASG
1610612758,11,0022500945,12,SAC,Sacramento Kings,2026-03-10,2025-26,Post-ASG
1610612751,13,0022500932,13,BKN,Brooklyn Nets,2026-03-09,2025-26,Post-ASG
1610612763,8,0022500932,13,MEM,Memphis Grizzlies,2026-03-09,2025-26,Post-ASG
1610612743,10,0022500933,16,DEN,Denver Nuggets,2026-03-09,2025-26,Post-ASG
1610612760,9,0022500933,15,OKC,Oklahoma City Thunder,2026-03-09,2025-26,Post-ASG
1610612739,14,0022500931,14,CLE,Cleveland Cavaliers,2026-03-09,2025-26,Post-ASG
1610612755,12,0022500931,16,PHI,Philadelphia 76ers,2026-03-09,2025-26,Post-ASG
1610612746,9,0022500935,18,LAC,LA Clippers,2026-03-09,2025-26,Post-ASG
1610612752,11,0022500935,14,NYK,New York Knicks,2026-03-09,2025-26,Post-ASG
1610612744,11,0022500934,20,GSW,Golden State Warriors,2026-03-09,2025-26,Post-ASG
1610612762,9,0022500934,11,UTA,Utah Jazz,2026-03-09,2025-26,Post-ASG
1610612749,11,0022500926,15,MIL,Milwaukee Bucks,2026-03-08,2025-26,Post-ASG
1610612753,11,0022500926,19,ORL,Orlando Magic,2026-03-08,2025-26,Post-ASG
1610612742,13,0022500924,17,DAL,Dallas Mavericks,2026-03-08,2025-26,Post-ASG
1610612761,11,0022500924,11,TOR,Toronto Raptors,2026-03-08,2025-26,Post-ASG
1610612741,13,0022500930,27,CHI,Chicago Bulls,2026-03-08,2025-26,Post-ASG
1610612758,9,0022500930,10,SAC,Sacramento Kings,2026-03-08,2025-26,Post-ASG
1610612754,12,0022500929,22,IND,Indiana Pacers,2026-03-08,2025-26,Post-ASG
1610612757,13,0022500929,19,POR,Portland Trail Blazers,2026-03-08,2025-26,Post-ASG
1610612745,12,0022500927,18,HOU,Houston Rockets,2026-03-08,2025-26,Post-ASG
1610612759,13,0022500927,21,SAS,San Antonio Spurs,2026-03-08,2025-26,Post-ASG
1610612747,10,0022500922,12,LAL,Los Angeles Lakers,2026-03-08,2025-26,Post-ASG
1610612752,10,0022500922,14,NYK,New York Knicks,2026-03-08,2025-26,Post-ASG
1610612748,11,0022500923,16,MIA,Miami Heat,2026-03-08,2025-26,Post-ASG
1610612765,13,0022500923,17,DET,Detroit Pistons,2026-03-08,2025-26,Post-ASG
1610612738,9,0022500921,19,BOS,Boston Celtics,2026-03-08,2025-26,Post-ASG
1610612739,10,0022500921,20,CLE,Cleveland Cavaliers,2026-03-08,2025-26,Post-ASG
1610612756,10,0022500928,21,PHX,Phoenix Suns,2026-03-08,2025-26,Post-ASG
1610612766,12,0022500928,25,CHA,Charlotte Hornets,2026-03-08,2025-26,Post-ASG
1610612747,13,0022500914,15,LAL,Los Angeles Lakers,2026-03-06,2025-26,Post-ASG
1610612754,11,0022500914,20,IND,Indiana Pacers,2026-03-06,2025-26,Post-ASG
1610612750,13,0022500903,18,MIN,Minnesota Timberwolves,2026-03-05,2025-26,Post-ASG
1610612761,12,0022500903,14,TOR,Toronto Raptors,2026-03-05,2025-26,Post-ASG
1610612740,10,0022500907,17,NOP,New Orleans Pelicans,2026-03-05,2025-26,Post-ASG
1610612758,11,0022500907,14,SAC,Sacramento Kings,2026-03-05,2025-26,Post-ASG
1610612743,9,0022500906,16,DEN,Denver Nuggets,2026-03-05,2025-26,Post-ASG
1610612747,10,0022500906,19,LAL,Los Angeles Lakers,2026-03-05,2025-26,Post-ASG
1610612759,12,0022500904,19,SAS,San Antonio Spurs,2026-03-05,2025-26,Post-ASG
1610612765,15,0022500904,29,DET,Detroit Pistons,2026-03-05,2025-26,Post-ASG
1610612755,11,0022500895,17,PHI,Philadelphia 76ers,2026-03-04,2025-26,Post-ASG
1610612762,11,0022500895,17,UTA,Utah Jazz,2026-03-04,2025-26,Post-ASG
1610612752,10,0022500893,16,NYK,New York Knicks,2026-03-04,2025-26,Post-ASG
1610612760,11,0022500893,23,OKC,Oklahoma City Thunder,2026-03-04,2025-26,Post-ASG
1610612755,12,0022500888,16,PHI,Philadelphia 76ers,2026-03-03,2025-26,Post-ASG
1610612759,13,0022500888,12,SAS,San Antonio Spurs,2026-03-03,2025-26,Post-ASG
1610612756,10,0022500892,14,PHX,Phoenix Suns,2026-03-03,2025-26,Post-ASG
1610612758,10,0022500892,11,SAC,Sacramento Kings,2026-03-03,2025-26,Post-ASG
1610612740,10,0022500891,22,NOP,New Orleans Pelicans,2026-03-03,2025-26,Post-ASG
1610612747,9,0022500891,14,LAL,Los Angeles Lakers,2026-03-03,2025-26,Post-ASG
1610612748,11,0022500886,11,MIA,Miami Heat,2026-03-03,2025-26,Post-ASG
1610612751,13,0022500886,14,BKN,Brooklyn Nets,2026-03-03,2025-26,Post-ASG
1610612750,9,0022500890,18,MIN,Minnesota Timberwolves,2026-03-03,2025-26,Post-ASG
1610612763,10,0022500890,8,MEM,Memphis Grizzlies,2026-03-03,2025-26,Post-ASG
1610612739,9,0022500884,16,CLE,Cleveland Cavaliers,2026-03-03,2025-26,Post-ASG
1610612765,10,0022500884,17,DET,Detroit Pistons,2026-03-03,2025-26,Post-ASG
1610612752,13,0022500887,19,NYK,New York Knicks,2026-03-03,2025-26,Post-ASG
1610612761,14,0022500887,20,TOR,Toronto Raptors,2026-03-03,2025-26,Post-ASG
1610612753,12,0022500885,16,ORL,Orlando Magic,2026-03-03,2025-26,Post-ASG
1610612764,9,0022500885,17,WAS,Washington Wizards,2026-03-03,2025-26,Post-ASG
1610612743,9,0022500881,14,DEN,Denver Nuggets,2026-03-02,2025-26,Post-ASG
1610612762,10,0022500881,13,UTA,Utah Jazz,2026-03-02,2025-26,Post-ASG
1610612744,10,0022500882,22,GSW,Golden State Warriors,2026-03-02,2025-26,Post-ASG
1610612746,13,0022500882,15,LAC,LA Clippers,2026-03-02,2025-26,Post-ASG
1610612738,12,0022500880,17,BOS,Boston Celtics,2026-03-02,2025-26,Post-ASG
1610612749,14,0022500880,19,MIL,Milwaukee Bucks,2026-03-02,2025-26,Post-ASG
1610612743,12,0022500871,13,DEN,Denver Nuggets,2026-03-01,2025-26,Post-ASG
1610612750,8,0022500871,10,MIN,Minnesota Timberwolves,2026-03-01,2025-26,Post-ASG
1610612753,10,0022500875,14,ORL,Orlando Magic,2026-03-01,2025-26,Post-ASG
1610612765,10,0022500875,22,DET,Detroit Pistons,2026-03-01,2025-26,Post-ASG
1610612738,9,0022500874,14,BOS,Boston Celtics,2026-03-01,2025-26,Post-ASG
1610612755,9,0022500874,12,PHI,Philadelphia 76ers,2026-03-01,2025-26,Post-ASG
1610612752,13,0022500868,18,NYK,New York Knicks,2026-03-01,2025-26,Post-ASG
1610612759,14,0022500868,20,SAS,San Antonio Spurs,2026-03-01,2025-26,Post-ASG
1610612742,10,0022500876,19,DAL,Dallas Mavericks,2026-03-01,2025-26,Post-ASG
1610612760,11,0022500876,15,OKC,Oklahoma City Thunder,2026-03-01,2025-26,Post-ASG
1610612741,11,0022500870,15,CHI,Chicago Bulls,2026-03-01,2025-26,Post-ASG
1610612749,13,0022500870,13,MIL,Milwaukee Bucks,2026-03-01,2025-26,Post-ASG
1610612739,10,0022500869,16,CLE,Cleveland Cavaliers,2026-03-01,2025-26,Post-ASG
1610612751,10,0022500869,14,BKN,Brooklyn Nets,2026-03-01,2025-26,Post-ASG
1610612757,13,0022500863,20,POR,Portland Trail Blazers,2026-02-28,2025-26,Post-ASG
1610612766,13,0022500863,19,CHA,Charlotte Hornets,2026-02-28,2025-26,Post-ASG
1610612744,12,0022500866,21,GSW,Golden State Warriors,2026-02-28,2025-26,Post-ASG
1610612747,12,0022500866,13,LAL,Los Angeles Lakers,2026-02-28,2025-26,Post-ASG
1610612745,11,0022500864,20,HOU,Houston Rockets,2026-02-28,2025-26,Post-ASG
1610612748,10,0022500864,17,MIA,Miami Heat,2026-02-28,2025-26,Post-ASG
1610612740,12,0022500867,18,NOP,New Orleans Pelicans,2026-02-28,2025-26,Post-ASG
1610612762,11,0022500867,13,UTA,Utah Jazz,2026-02-28,2025-26,Post-ASG
1610612738,13,0022500859,14,BOS,Boston Celtics,2026-02-27,2025-26,Post-ASG
1610612751,14,0022500859,10,BKN,Brooklyn Nets,2026-02-27,2025-26,Post-ASG
1610612742,10,0022500861,17,DAL,Dallas Mavericks,2026-02-27,2025-26,Post-ASG
1610612763,10,0022500861,15,MEM,Memphis Grizzlies,2026-02-27,2025-26,Post-ASG
1610612743,9,0022500862,11,DEN,Denver Nuggets,2026-02-27,2025-26,Post-ASG
1610612760,10,0022500862,22,OKC,Oklahoma City Thunder,2026-02-27,2025-26,Post-ASG
1610612739,9,0022500858,11,CLE,Cleveland Cavaliers,2026-02-27,2025-26,Post-ASG
1610612765,11,0022500858,20,DET,Detroit Pistons,2026-02-27,2025-26,Post-ASG
1610612749,14,0022500860,13,MIL,Milwaukee Bucks,2026-02-27,2025-26,Post-ASG
1610612752,14,0022500860,17,NYK,New York Knicks,2026-02-27,2025-26,Post-ASG
1610612740,10,0022500856,16,NOP,New Orleans Pelicans,2026-02-26,2025-26,Post-ASG
1610612762,11,0022500856,20,UTA,Utah Jazz,2026-02-26,2025-26,Post-ASG
1610612748,10,0022500849,14,MIA,Miami Heat,2026-02-26,2025-26,Post-ASG
1610612755,10,0022500849,13,PHI,Philadelphia 76ers,2026-02-26,2025-26,Post-ASG
1610612745,9,0022500852,18,HOU,Houston Rockets,2026-02-26,2025-26,Post-ASG
1610612753,10,0022500852,16,ORL,Orlando Magic,2026-02-26,2025-26,Post-ASG
1610612742,11,0022500854,22,DAL,Dallas Mavericks,2026-02-26,2025-26,Post-ASG
1610612758,10,0022500854,13,SAC,Sacramento Kings,2026-02-26,2025-26,Post-ASG
1610612746,10,0022500857,11,LAC,LA Clippers,2026-02-26,2025-26,Post-ASG
1610612750,10,0022500857,17,MIN,Minnesota Timberwolves,2026-02-26,2025-26,Post-ASG
1610612751,12,0022500851,14,BKN,Brooklyn Nets,2026-02-26,2025-26,Post-ASG
1610612759,13,0022500851,19,SAS,San Antonio Spurs,2026-02-26,2025-26,Post-ASG
1610612747,10,0022500855,18,LAL,Los Angeles Lakers,2026-02-26,2025-26,Post-ASG
1610612756,10,0022500855,17,PHX,Phoenix Suns,2026-02-26,2025-26,Post-ASG
1610612754,10,0022500848,19,IND,Indiana Pacers,2026-02-26,2025-26,Post-ASG
1610612766,12,0022500848,20,CHA,Charlotte Hornets,2026-02-26,2025-26,Post-ASG
1610612741,9,0022500853,26,CHI,Chicago Bulls,2026-02-26,2025-26,Post-ASG
1610612757,10,0022500853,16,POR,Portland Trail Blazers,2026-02-26,2025-26,Post-ASG
1610612744,9,0022500844,18,GSW,Golden State Warriors,2026-02-25,2025-26,Post-ASG
1610612763,10,0022500844,13,MEM,Memphis Grizzlies,2026-02-25,2025-26,Post-ASG
1610612739,10,0022500846,16,CLE,Cleveland Cavaliers,2026-02-25,2025-26,Post-ASG
1610612749,9,0022500846,13,MIL,Milwaukee Bucks,2026-02-25,2025-26,Post-ASG
1610612738,12,0022500847,17,BOS,Boston Celtics,2026-02-25,2025-26,Post-ASG
1610612743,12,0022500847,20,DEN,Denver Nuggets,2026-02-25,2025-26,Post-ASG
1610612738,12,0022500839,19,BOS,Boston Celtics,2026-02-24,2025-26,Post-ASG
1610612756,12,0022500839,15,PHX,Phoenix Suns,2026-02-24,2025-26,Post-ASG
1610612754,9,0022500831,18,IND,Indiana Pacers,2026-02-24,2025-26,Post-ASG
1610612755,13,0022500831,13,PHI,Philadelphia 76ers,2026-02-24,2025-26,Post-ASG
1610612739,14,0022500835,20,CLE,Cleveland Cavaliers,2026-02-24,2025-26,Post-ASG
1610612752,14,0022500835,16,NYK,New York Knicks,2026-02-24,2025-26,Post-ASG
1610612748,11,0022500837,11,MIA,Miami Heat,2026-02-24,2025-26,Post-ASG
1610612749,9,0022500837,14,MIL,Milwaukee Bucks,2026-02-24,2025-26,Post-ASG
1610612745,12,0022500830,16,HOU,Houston Rockets,2026-02-23,2025-26,Post-ASG
1610612762,11,0022500830,14,UTA,Utah Jazz,2026-02-23,2025-26,Post-ASG
1610612749,14,0022500819,14,MIL,Milwaukee Bucks,2026-02-22,2025-26,Post-ASG
1610612761,12,0022500819,19,TOR,Toronto Raptors,2026-02-22,2025-26,Post-ASG
1610612739,10,0022500817,20,CLE,Cleveland Cavaliers,2026-02-22,2025-26,Post-ASG
1610612760,10,0022500817,23,OKC,Oklahoma City Thunder,2026-02-22,2025-26,Post-ASG
1610612741,10,0022500825,24,CHI,Chicago Bulls,2026-02-22,2025-26,Post-ASG
1610612752,9,0022500825,15,NYK,New York Knicks,2026-02-22,2025-26,Post-ASG
1610612745,9,0022500816,14,HOU,Houston Rockets,2026-02-21,2025-26,Post-ASG
1610612752,10,0022500816,16,NYK,New York Knicks,2026-02-21,2025-26,Post-ASG
1610612758,11,0022500815,17,SAC,Sacramento Kings,2026-02-21,2025-26,Post-ASG
1610612759,14,0022500815,16,SAS,San Antonio Spurs,2026-02-21,2025-26,Post-ASG
1610612740,10,0022500812,19,NOP,New Orleans Pelicans,2026-02-21,2025-26,Post-ASG
1610612755,11,0022500812,15,PHI,Philadelphia 76ers,2026-02-21,2025-26,Post-ASG
1610612751,10,0022500808,17,BKN,Brooklyn Nets,2026-02-20,2025-26,Post-ASG
1610612760,13,0022500808,22,OKC,Oklahoma City Thunder,2026-02-20,2025-26,Post-ASG
1610612742,10,0022500806,22,DAL,Dallas Mavericks,2026-02-20,2025-26,Post-ASG
1610612750,9,0022500806,16,MIN,Minnesota Timberwolves,2026-02-20,2025-26,Post-ASG
1610612746,9,0022500809,17,LAC,LA Clippers,2026-02-20,2025-26,Post-ASG
1610612747,10,0022500809,19,LAL,Los Angeles Lakers,2026-02-20,2025-26,Post-ASG
1610612743,12,0022500810,12,DEN,Denver Nuggets,2026-02-20,2025-26,Post-ASG
1610612757,14,0022500810,15,POR,Portland Trail Blazers,2026-02-20,2025-26,Post-ASG
1610612762,11,0022500804,15,UTA,Utah Jazz,2026-02-20,2025-26,Post-ASG
1610612763,9,0022500804,15,MEM,Memphis Grizzlies,2026-02-20,2025-26,Post-ASG
1610612739,10,0022500802,12,CLE,Cleveland Cavaliers,2026-02-20,2025-26,Post-ASG
1610612766,12,0022500802,21,CHA,Charlotte Hornets,2026-02-20,2025-26,Post-ASG
1610612737,10,0022500805,11,ATL,Atlanta Hawks,2026-02-20,2025-26,Post-ASG
1610612748,14,0022500805,14,MIA,Miami Heat,2026-02-20,2025-26,Post-ASG
1610612753,13,0022500800,15,ORL,Orlando Magic,2026-02-19,2025-26,Post-ASG
1610612758,10,0022500800,15,SAC,Sacramento Kings,2026-02-19,2025-26,Post-ASG
1610612739,13,0022500793,14,CLE,Cleveland Cavaliers,2026-02-19,2025-26,Post-ASG
1610612751,11,0022500793,15,BKN,Brooklyn Nets,2026-02-19,2025-26,Post-ASG
1610612752,10,0022500796,19,NYK,New York Knicks,2026-02-19,2025-26,Post-ASG
1610612765,10,0022500796,21,DET,Detroit Pistons,2026-02-19,2025-26,Post-ASG
1610612743,9,0022500801,14,DEN,Denver Nuggets,2026-02-19,2025-26,Post-ASG
1610612746,10,0022500801,18,LAC,LA Clippers,2026-02-19,2025-26,Post-ASG
1610612737,9,0022500794,15,ATL,Atlanta Hawks,2026-02-19,2025-26,Post-ASG
1610612755,10,0022500794,17,PHI,Philadelphia 76ers,2026-02-19,2025-26,Post-ASG
1610612745,9,0022500792,13,HOU,Houston Rockets,2026-02-19,2025-26,Post-ASG
1610612766,11,0022500792,21,CHA,Charlotte Hornets,2026-02-19,2025-26,Post-ASG
1610612741,11,0022500797,23,CHI,Chicago Bulls,2026-02-19,2025-26,Post-ASG
1610612761,10,0022500797,18,TOR,Toronto Raptors,2026-02-19,2025-26,Post-ASG
1610612738,11,0022500799,14,BOS,Boston Celtics,2026-02-19,2025-26,Post-ASG
1610612744,10,0022500799,16,GSW,Golden State Warriors,2026-02-19,2025-26,Post-ASG
1610612754,10,0022500795,21,IND,Indiana Pacers,2026-02-19,2025-26,Post-ASG
1610612764,11,0022500795,10,WAS,Washington Wizards,2026-02-19,2025-26,Post-ASG
1610612756,13,0022500798,19,PHX,Phoenix Suns,2026-02-19,2025-26,Post-ASG
1610612759,13,0022500798,20,SAS,San Antonio Spurs,2026-02-19,2025-26,Post-ASG
1610612749,11,0022500789,12,MIL,Milwaukee Bucks,2026-02-12,2025-26,Pre-ASG
1610612760,12,0022500789,21,OKC,Oklahoma City Thunder,2026-02-12,2025-26,Pre-ASG
1610612757,12,0022500790,23,POR,Portland Trail Blazers,2026-02-12,2025-26,Pre-ASG
1610612762,10,0022500790,18,UTA,Utah Jazz,2026-02-12,2025-26,Pre-ASG
1610612745,9,0022500782,13,HOU,Houston Rockets,2026-02-11,2025-26,Pre-ASG
1610612746,9,0022500782,15,LAC,LA Clippers,2026-02-11,2025-26,Pre-ASG
1610612744,9,0022500788,25,GSW,Golden State Warriors,2026-02-11,2025-26,Pre-ASG
1610612759,10,0022500788,17,SAS,San Antonio Spurs,2026-02-11,2025-26,Pre-ASG
1610612756,12,0022500785,15,PHX,Phoenix Suns,2026-02-11,2025-26,Pre-ASG
1610612760,12,0022500785,17,OKC,Oklahoma City Thunder,2026-02-11,2025-26,Pre-ASG
1610612758,9,0022500786,15,SAC,Sacramento Kings,2026-02-11,2025-26,Pre-ASG
1610612762,11,0022500786,16,UTA,Utah Jazz,2026-02-11,2025-26,Pre-ASG
1610612750,13,0022500783,18,MIN,Minnesota Timberwolves,2026-02-11,2025-26,Pre-ASG
1610612757,12,0022500783,22,POR,Portland Trail Blazers,2026-02-11,2025-26,Pre-ASG
1610612737,10,0022500775,13,ATL,Atlanta Hawks,2026-02-11,2025-26,Pre-ASG
1610612766,11,0022500775,23,CHA,Charlotte Hornets,2026-02-11,2025-26,Pre-ASG
1610612761,12,0022500781,21,TOR,Toronto Raptors,2026-02-11,2025-26,Pre-ASG
1610612765,13,0022500781,17,DET,Detroit Pistons,2026-02-11,2025-26,Pre-ASG
1610612743,9,0022500787,13,DEN,Denver Nuggets,2026-02-11,2025-26,Pre-ASG
1610612763,11,0022500787,18,MEM,Memphis Grizzlies,2026-02-11,2025-26,Pre-ASG
1610612751,10,0022500779,6,BKN,Brooklyn Nets,2026-02-11,2025-26,Pre-ASG
1610612754,9,0022500779,18,IND,Indiana Pacers,2026-02-11,2025-26,Pre-ASG
1610612749,10,0022500777,14,MIL,Milwaukee Bucks,2026-02-11,2025-26,Pre-ASG
1610612753,10,0022500777,11,ORL,Orlando Magic,2026-02-11,2025-26,Pre-ASG
1610612752,13,0022500780,10,NYK,New York Knicks,2026-02-11,2025-26,Pre-ASG
1610612755,12,0022500780,14,PHI,Philadelphia 76ers,2026-02-11,2025-26,Pre-ASG
1610612739,13,0022500776,11,CLE,Cleveland Cavaliers,2026-02-11,2025-26,Pre-ASG
1610612764,12,0022500776,13,WAS,Washington Wizards,2026-02-11,2025-26,Pre-ASG
1610612740,9,0022500784,17,NOP,New Orleans Pelicans,2026-02-11,2025-26,Pre-ASG
1610612748,9,0022500784,11,MIA,Miami Heat,2026-02-11,2025-26,Pre-ASG
1610612738,11,0022500778,18,BOS,Boston Celtics,2026-02-11,2025-26,Pre-ASG
1610612741,10,0022500778,20,CHI,Chicago Bulls,2026-02-11,2025-26,Pre-ASG
1610612752,10,0022500771,16,NYK,New York Knicks,2026-02-10,2025-26,Pre-ASG
1610612754,10,0022500771,16,IND,Indiana Pacers,2026-02-10,2025-26,Pre-ASG
1610612742,12,0022500773,18,DAL,Dallas Mavericks,2026-02-10,2025-26,Pre-ASG
1610612756,10,0022500773,12,PHX,Phoenix Suns,2026-02-10,2025-26,Pre-ASG
1610612745,8,0022500772,15,HOU,Houston Rockets,2026-02-10,2025-26,Pre-ASG
1610612746,13,0022500772,12,LAC,LA Clippers,2026-02-10,2025-26,Pre-ASG
1610612747,13,0022500774,21,LAL,Los Angeles Lakers,2026-02-10,2025-26,Pre-ASG
1610612759,13,0022500774,17,SAS,San Antonio Spurs,2026-02-10,2025-26,Pre-ASG
1610612739,10,0022500767,14,CLE,Cleveland Cavaliers,2026-02-09,2025-26,Pre-ASG
1610612743,9,0022500767,18,DEN,Denver Nuggets,2026-02-09,2025-26,Pre-ASG
1610612737,10,0022500765,18,ATL,Atlanta Hawks,2026-02-09,2025-26,Pre-ASG
1610612750,9,0022500765,18,MIN,Minnesota Timberwolves,2026-02-09,2025-26,Pre-ASG
1610612748,10,0022500763,17,MIA,Miami Heat,2026-02-09,2025-26,Pre-ASG
1610612762,10,0022500763,16,UTA,Utah Jazz,2026-02-09,2025-26,Pre-ASG
1610612744,10,0022500768,17,GSW,Golden State Warriors,2026-02-09,2025-26,Pre-ASG
1610612763,11,0022500768,21,MEM,Memphis Grizzlies,2026-02-09,2025-26,Pre-ASG
1610612749,13,0022500764,14,MIL,Milwaukee Bucks,2026-02-09,2025-26,Pre-ASG
1610612753,13,0022500764,15,ORL,Orlando Magic,2026-02-09,2025-26,Pre-ASG
1610612755,11,0022500770,16,PHI,Philadelphia 76ers,2026-02-09,2025-26,Pre-ASG
1610612757,13,0022500770,19,POR,Portland Trail Blazers,2026-02-09,2025-26,Pre-ASG
1610612740,11,0022500766,13,NOP,New Orleans Pelicans,2026-02-09,2025-26,Pre-ASG
1610612758,10,0022500766,13,SAC,Sacramento Kings,2026-02-09,2025-26,Pre-ASG
1610612747,10,0022500769,20,LAL,Los Angeles Lakers,2026-02-09,2025-26,Pre-ASG
1610612760,11,0022500769,17,OKC,Oklahoma City Thunder,2026-02-09,2025-26,Pre-ASG
1610612765,11,0022500761,22,DET,Detroit Pistons,2026-02-09,2025-26,Pre-ASG
1610612766,10,0022500761,23,CHA,Charlotte Hornets,2026-02-09,2025-26,Pre-ASG
1610612741,9,0022500762,13,CHI,Chicago Bulls,2026-02-09,2025-26,Pre-ASG
1610612751,10,0022500762,7,BKN,Brooklyn Nets,2026-02-09,2025-26,Pre-ASG
1610612738,11,0022500757,18,BOS,Boston Celtics,2026-02-08,2025-26,Pre-ASG
1610612752,14,0022500757,18,NYK,New York Knicks,2026-02-08,2025-26,Pre-ASG
1610612754,10,0022500759,24,IND,Indiana Pacers,2026-02-08,2025-26,Pre-ASG
1610612761,14,0022500759,22,TOR,Toronto Raptors,2026-02-08,2025-26,Pre-ASG
1610612748,12,0022500758,13,MIA,Miami Heat,2026-02-08,2025-26,Pre-ASG
1610612764,10,0022500758,11,WAS,Washington Wizards,2026-02-08,2025-26,Pre-ASG
1610612746,12,0022500760,17,LAC,LA Clippers,2026-02-08,2025-26,Pre-ASG
1610612750,13,0022500760,15,MIN,Minnesota Timberwolves,2026-02-08,2025-26,Pre-ASG
1610612739,10,0022500756,12,CLE,Cleveland Cavaliers,2026-02-07,2025-26,Pre-ASG
1610612758,9,0022500756,15,SAC,Sacramento Kings,2026-02-07,2025-26,Pre-ASG
1610612755,9,0022500754,13,PHI,Philadelphia 76ers,2026-02-07,2025-26,Pre-ASG
1610612756,10,0022500754,19,PHX,Phoenix Suns,2026-02-07,2025-26,Pre-ASG
1610612745,9,0022500748,19,HOU,Houston Rockets,2026-02-07,2025-26,Pre-ASG
1610612760,10,0022500748,19,OKC,Oklahoma City Thunder,2026-02-07,2025-26,Pre-ASG
1610612751,10,0022500747,7,BKN,Brooklyn Nets,2026-02-07,2025-26,Pre-ASG
1610612764,8,0022500747,6,WAS,Washington Wizards,2026-02-07,2025-26,Pre-ASG
1610612742,12,0022500749,21,DAL,Dallas Mavericks,2026-02-07,2025-26,Pre-ASG
1610612759,14,0022500749,24,SAS,San Antonio Spurs,2026-02-07,2025-26,Pre-ASG
1610612737,9,0022500751,15,ATL,Atlanta Hawks,2026-02-07,2025-26,Pre-ASG
1610612766,10,0022500751,20,CHA,Charlotte Hornets,2026-02-07,2025-26,Pre-ASG
1610612753,11,0022500750,11,ORL,Orlando Magic,2026-02-07,2025-26,Pre-ASG
1610612762,12,0022500750,21,UTA,Utah Jazz,2026-02-07,2025-26,Pre-ASG
1610612744,9,0022500753,7,GSW,Golden State Warriors,2026-02-07,2025-26,Pre-ASG
1610612747,9,0022500753,5,LAL,Los Angeles Lakers,2026-02-07,2025-26,Pre-ASG
1610612741,11,0022500752,19,CHI,Chicago Bulls,2026-02-07,2025-26,Pre-ASG
1610612743,11,0022500752,13,DEN,Denver Nuggets,2026-02-07,2025-26,Pre-ASG
1610612740,10,0022500744,19,NOP,New Orleans Pelicans,2026-02-06,2025-26,Pre-ASG
1610612750,10,0022500744,18,MIN,Minnesota Timberwolves,2026-02-06,2025-26,Pre-ASG
1610612752,12,0022500742,17,NYK,New York Knicks,2026-02-06,2025-26,Pre-ASG
1610612765,14,0022500742,18,DET,Detroit Pistons,2026-02-06,2025-26,Pre-ASG
1610612749,9,0022500743,9,MIL,Milwaukee Bucks,2026-02-06,2025-26,Pre-ASG
1610612754,10,0022500743,16,IND,Indiana Pacers,2026-02-06,2025-26,Pre-ASG
1610612757,12,0022500745,22,POR,Portland Trail Blazers,2026-02-06,2025-26,Pre-ASG
1610612763,10,0022500745,14,MEM,Memphis Grizzlies,2026-02-06,2025-26,Pre-ASG
1610612746,10,0022500746,20,LAC,LA Clippers,2026-02-06,2025-26,Pre-ASG
1610612758,11,0022500746,16,SAC,Sacramento Kings,2026-02-06,2025-26,Pre-ASG
1610612738,9,0022500741,16,BOS,Boston Celtics,2026-02-06,2025-26,Pre-ASG
1610612748,11,0022500741,17,MIA,Miami Heat,2026-02-06,2025-26,Pre-ASG
1610612764,10,0022500733,11,WAS,Washington Wizards,2026-02-05,2025-26,Pre-ASG
1610612765,12,0022500733,18,DET,Detroit Pistons,2026-02-05,2025-26,Pre-ASG
1610612741,10,0022500736,19,CHI,Chicago Bulls,2026-02-05,2025-26,Pre-ASG
1610612761,12,0022500736,20,TOR,Toronto Raptors,2026-02-05,2025-26,Pre-ASG
1610612744,10,0022500739,21,GSW,Golden State Warriors,2026-02-05,2025-26,Pre-ASG
1610612756,10,0022500739,10,PHX,Phoenix Suns,2026-02-05,2025-26,Pre-ASG
1610612742,10,0022500738,21,DAL,Dallas Mavericks,2026-02-05,2025-26,Pre-ASG
1610612759,10,0022500738,24,SAS,San Antonio Spurs,2026-02-05,2025-26,Pre-ASG
1610612737,9,0022500735,17,ATL,Atlanta Hawks,2026-02-05,2025-26,Pre-ASG
1610612762,8,0022500735,11,UTA,Utah Jazz,2026-02-05,2025-26,Pre-ASG
1610612745,12,0022500737,13,HOU,Houston Rockets,2026-02-05,2025-26,Pre-ASG
1610612766,10,0022500737,22,CHA,Charlotte Hornets,2026-02-05,2025-26,Pre-ASG
1610612751,10,0022500734,15,BKN,Brooklyn Nets,2026-02-05,2025-26,Pre-ASG
1610612753,13,0022500734,17,ORL,Orlando Magic,2026-02-05,2025-26,Pre-ASG
1610612747,10,0022500740,17,LAL,Los Angeles Lakers,2026-02-05,2025-26,Pre-ASG
1610612755,9,0022500740,12,PHI,Philadelphia 76ers,2026-02-05,2025-26,Pre-ASG
1610612743,9,0022500726,20,DEN,Denver Nuggets,2026-02-04,2025-26,Pre-ASG
1610612752,11,0022500726,17,NYK,New York Knicks,2026-02-04,2025-26,Pre-ASG
1610612739,13,0022500732,9,CLE,Cleveland Cavaliers,2026-02-04,2025-26,Pre-ASG
1610612746,13,0022500732,18,LAC,LA Clippers,2026-02-04,2025-26,Pre-ASG
1610612758,10,0022500731,12,SAC,Sacramento Kings,2026-02-04,2025-26,Pre-ASG
1610612763,10,0022500731,12,MEM,Memphis Grizzlies,2026-02-04,2025-26,Pre-ASG
1610612750,10,0022500727,14,MIN,Minnesota Timberwolves,2026-02-04,2025-26,Pre-ASG
1610612761,9,0022500727,14,TOR,Toronto Raptors,2026-02-04,2025-26,Pre-ASG
1610612759,10,0022500730,20,SAS,San Antonio Spurs,2026-02-04,2025-26,Pre-ASG
1610612760,8,0022500730,19,OKC,Oklahoma City Thunder,2026-02-04,2025-26,Pre-ASG
1610612740,10,0022500729,16,NOP,New Orleans Pelicans,2026-02-04,2025-26,Pre-ASG
1610612749,10,0022500729,17,MIL,Milwaukee Bucks,2026-02-04,2025-26,Pre-ASG
1610612738,11,0022500728,13,BOS,Boston Celtics,2026-02-04,2025-26,Pre-ASG
1610612745,13,0022500728,23,HOU,Houston Rockets,2026-02-04,2025-26,Pre-ASG
1610612738,9,0022500721,17,BOS,Boston Celtics,2026-02-03,2025-26,Pre-ASG
1610612742,11,0022500721,16,DAL,Dallas Mavericks,2026-02-03,2025-26,Pre-ASG
1610612741,9,0022500722,20,CHI,Chicago Bulls,2026-02-03,2025-26,Pre-ASG
1610612749,11,0022500722,18,MIL,Milwaukee Bucks,2026-02-03,2025-26,Pre-ASG
1610612753,12,0022500723,19,ORL,Orlando Magic,2026-02-03,2025-26,Pre-ASG
1610612760,12,0022500723,13,OKC,Oklahoma City Thunder,2026-02-03,2025-26,Pre-ASG
1610612756,10,0022500725,14,PHX,Phoenix Suns,2026-02-03,2025-26,Pre-ASG
1610612757,10,0022500725,17,POR,Portland Trail Blazers,2026-02-03,2025-26,Pre-ASG
1610612754,9,0022500717,11,IND,Indiana Pacers,2026-02-03,2025-26,Pre-ASG
1610612762,7,0022500717,9,UTA,Utah Jazz,2026-02-03,2025-26,Pre-ASG
1610612744,13,0022500724,24,GSW,Golden State Warriors,2026-02-03,2025-26,Pre-ASG
1610612755,12,0022500724,14,PHI,Philadelphia 76ers,2026-02-03,2025-26,Pre-ASG
1610612747,14,0022500719,20,LAL,Los Angeles Lakers,2026-02-03,2025-26,Pre-ASG
1610612751,11,0022500719,16,BKN,Brooklyn Nets,2026-02-03,2025-26,Pre-ASG
1610612743,10,0022500716,16,DEN,Denver Nuggets,2026-02-03,2025-26,Pre-ASG
1610612765,10,0022500716,19,DET,Detroit Pistons,2026-02-03,2025-26,Pre-ASG
1610612752,12,0022500718,14,NYK,New York Knicks,2026-02-03,2025-26,Pre-ASG
1610612764,12,0022500718,11,WAS,Washington Wizards,2026-02-03,2025-26,Pre-ASG
1610612737,11,0022500720,20,ATL,Atlanta Hawks,2026-02-03,2025-26,Pre-ASG
1610612748,12,0022500720,14,MIA,Miami Heat,2026-02-03,2025-26,Pre-ASG
1610612740,9,0022500712,13,NOP,New Orleans Pelicans,2026-02-02,2025-26,Pre-ASG
1610612766,10,0022500712,21,CHA,Charlotte Hornets,2026-02-02,2025-26,Pre-ASG
1610612750,9,0022500714,15,MIN,Minnesota Timberwolves,2026-02-02,2025-26,Pre-ASG
1610612763,10,0022500714,19,MEM,Memphis Grizzlies,2026-02-02,2025-26,Pre-ASG
1610612745,10,0022500713,21,HOU,Houston Rockets,2026-02-02,2025-26,Pre-ASG
1610612754,11,0022500713,16,IND,Indiana Pacers,2026-02-02,2025-26,Pre-ASG
1610612746,11,0022500715,13,LAC,LA Clippers,2026-02-02,2025-26,Pre-ASG
1610612755,10,0022500715,16,PHI,Philadelphia 76ers,2026-02-02,2025-26,Pre-ASG
1610612751,12,0022500704,12,BKN,Brooklyn Nets,2026-02-01,2025-26,Pre-ASG
1610612765,12,0022500704,18,DET,Detroit Pistons,2026-02-01,2025-26,Pre-ASG
1610612753,13,0022500703,18,ORL,Orlando Magic,2026-02-01,2025-26,Pre-ASG
1610612759,13,0022500703,21,SAS,San Antonio Spurs,2026-02-01,2025-26,Pre-ASG
1610612743,12,0022500711,17,DEN,Denver Nuggets,2026-02-01,2025-26,Pre-ASG
1610612760,11,0022500711,18,OKC,Oklahoma City Thunder,2026-02-01,2025-26,Pre-ASG
1610612761,11,0022500706,20,TOR,Toronto Raptors,2026-02-01,2025-26,Pre-ASG
1610612762,10,0022500706,12,UTA,Utah Jazz,2026-02-01,2025-26,Pre-ASG
1610612758,12,0022500707,19,SAC,Sacramento Kings,2026-02-01,2025-26,Pre-ASG
1610612764,11,0022500707,8,WAS,Washington Wizards,2026-02-01,2025-26,Pre-ASG
1610612739,12,0022500710,12,CLE,Cleveland Cavaliers,2026-02-01,2025-26,Pre-ASG
1610612757,11,0022500710,17,POR,Portland Trail Blazers,2026-02-01,2025-26,Pre-ASG
1610612746,11,0022500709,19,LAC,LA Clippers,2026-02-01,2025-26,Pre-ASG
1610612756,12,0022500709,15,PHX,Phoenix Suns,2026-02-01,2025-26,Pre-ASG
1610612741,10,0022500705,20,CHI,Chicago Bulls,2026-02-01,2025-26,Pre-ASG
1610612748,13,0022500705,17,MIA,Miami Heat,2026-02-01,2025-26,Pre-ASG
1610612738,12,0022500702,14,BOS,Boston Celtics,2026-02-01,2025-26,Pre-ASG
1610612749,12,0022500702,18,MIL,Milwaukee Bucks,2026-02-01,2025-26,Pre-ASG
1610612747,13,0022500708,14,LAL,Los Angeles Lakers,2026-02-01,2025-26,Pre-ASG
1610612752,12,0022500708,15,NYK,New York Knicks,2026-02-01,2025-26,Pre-ASG
1610612741,10,0022500692,18,CHI,Chicago Bulls,2026-01-31,2025-26,Pre-ASG
1610612748,10,0022500692,14,MIA,Miami Heat,2026-01-31,2025-26,Pre-ASG
1610612740,10,0022500699,17,NOP,New Orleans Pelicans,2026-01-31,2025-26,Pre-ASG
1610612755,10,0022500699,19,PHI,Philadelphia 76ers,2026-01-31,2025-26,Pre-ASG
1610612742,11,0022500701,18,DAL,Dallas Mavericks,2026-01-31,2025-26,Pre-ASG
1610612745,9,0022500701,14,HOU,Houston Rockets,2026-01-31,2025-26,Pre-ASG
1610612737,9,0022500698,15,ATL,Atlanta Hawks,2026-01-31,2025-26,Pre-ASG
1610612754,10,0022500698,13,IND,Indiana Pacers,2026-01-31,2025-26,Pre-ASG
1610612750,10,0022500700,17,MIN,Minnesota Timberwolves,2026-01-31,2025-26,Pre-ASG
1610612763,10,0022500700,11,MEM,Memphis Grizzlies,2026-01-31,2025-26,Pre-ASG
1610612759,9,0022500697,17,SAS,San Antonio Spurs,2026-01-31,2025-26,Pre-ASG
1610612766,10,0022500697,20,CHA,Charlotte Hornets,2026-01-31,2025-26,Pre-ASG
1610612739,11,0022500693,12,CLE,Cleveland Cavaliers,2026-01-30,2025-26,Pre-ASG
1610612756,14,0022500693,16,PHX,Phoenix Suns,2026-01-30,2025-26,Pre-ASG
1610612752,12,0022500690,14,NYK,New York Knicks,2026-01-30,2025-26,Pre-ASG
1610612757,12,0022500690,26,POR,Portland Trail Blazers,2026-01-30,2025-26,Pre-ASG
1610612747,13,0022500688,15,LAL,Los Angeles Lakers,2026-01-30,2025-26,Pre-ASG
1610612764,10,0022500688,15,WAS,Washington Wizards,2026-01-30,2025-26,Pre-ASG
1610612751,10,0022500694,10,BKN,Brooklyn Nets,2026-01-30,2025-26,Pre-ASG
1610612762,10,0022500694,13,UTA,Utah Jazz,2026-01-30,2025-26,Pre-ASG
1610612740,10,0022500691,17,NOP,New Orleans Pelicans,2026-01-30,2025-26,Pre-ASG
1610612763,10,0022500691,13,MEM,Memphis Grizzlies,2026-01-30,2025-26,Pre-ASG
1610612738,11,0022500689,15,BOS,Boston Celtics,2026-01-30,2025-26,Pre-ASG
1610612758,12,0022500689,17,SAC,Sacramento Kings,2026-01-30,2025-26,Pre-ASG
1610612744,11,0022500696,21,GSW,Golden State Warriors,2026-01-30,2025-26,Pre-ASG
1610612765,10,0022500696,13,DET,Detroit Pistons,2026-01-30,2025-26,Pre-ASG
1610612743,12,0022500695,11,DEN,Denver Nuggets,2026-01-30,2025-26,Pre-ASG
1610612746,12,0022500695,14,LAC,LA Clippers,2026-01-30,2025-26,Pre-ASG
1610612753,10,0022500687,12,ORL,Orlando Magic,2026-01-30,2025-26,Pre-ASG
1610612761,10,0022500687,20,TOR,Toronto Raptors,2026-01-30,2025-26,Pre-ASG
1610612755,10,0022500680,14,PHI,Philadelphia 76ers,2026-01-29,2025-26,Pre-ASG
1610612758,9,0022500680,18,SAC,Sacramento Kings,2026-01-29,2025-26,Pre-ASG
1610612749,9,0022500681,16,MIL,Milwaukee Bucks,2026-01-29,2025-26,Pre-ASG
1610612764,10,0022500681,17,WAS,Washington Wizards,2026-01-29,2025-26,Pre-ASG
1610612750,13,0022500686,16,MIN,Minnesota Timberwolves,2026-01-29,2025-26,Pre-ASG
1610612760,12,0022500686,18,OKC,Oklahoma City Thunder,2026-01-29,2025-26,Pre-ASG
1610612742,11,0022500683,25,DAL,Dallas Mavericks,2026-01-29,2025-26,Pre-ASG
1610612766,10,0022500683,20,CHA,Charlotte Hornets,2026-01-29,2025-26,Pre-ASG
1610612737,10,0022500682,17,ATL,Atlanta Hawks,2026-01-29,2025-26,Pre-ASG
1610612745,12,0022500682,15,HOU,Houston Rockets,2026-01-29,2025-26,Pre-ASG
1610612756,13,0022500685,14,PHX,Phoenix Suns,2026-01-29,2025-26,Pre-ASG
1610612765,13,0022500685,14,DET,Detroit Pistons,2026-01-29,2025-26,Pre-ASG
1610612741,10,0022500529,21,CHI,Chicago Bulls,2026-01-29,2025-26,Pre-ASG
1610612748,10,0022500529,13,MIA,Miami Heat,2026-01-29,2025-26,Pre-ASG
1610612743,10,0022500684,15,DEN,Denver Nuggets,2026-01-29,2025-26,Pre-ASG
1610612751,10,0022500684,12,BKN,Brooklyn Nets,2026-01-29,2025-26,Pre-ASG
1610612745,11,0022500679,19,HOU,Houston Rockets,2026-01-28,2025-26,Pre-ASG
1610612759,13,0022500679,22,SAS,San Antonio Spurs,2026-01-28,2025-26,Pre-ASG
1610612752,11,0022500675,16,NYK,New York Knicks,2026-01-28,2025-26,Pre-ASG
1610612761,13,0022500675,17,TOR,Toronto Raptors,2026-01-28,2025-26,Pre-ASG
1610612744,13,0022500678,15,GSW,Golden State Warriors,2026-01-28,2025-26,Pre-ASG
1610612762,10,0022500678,14,UTA,Utah Jazz,2026-01-28,2025-26,Pre-ASG
1610612741,11,0022500672,18,CHI,Chicago Bulls,2026-01-28,2025-26,Pre-ASG
1610612754,11,0022500672,15,IND,Indiana Pacers,2026-01-28,2025-26,Pre-ASG
1610612742,10,0022500677,18,DAL,Dallas Mavericks,2026-01-28,2025-26,Pre-ASG
1610612750,10,0022500677,19,MIN,Minnesota Timberwolves,2026-01-28,2025-26,Pre-ASG
1610612737,11,0022500673,16,ATL,Atlanta Hawks,2026-01-28,2025-26,Pre-ASG
1610612738,11,0022500673,17,BOS,Boston Celtics,2026-01-28,2025-26,Pre-ASG
1610612763,10,0022500676,12,MEM,Memphis Grizzlies,2026-01-28,2025-26,Pre-ASG
1610612766,12,0022500676,17,CHA,Charlotte Hornets,2026-01-28,2025-26,Pre-ASG
1610612748,10,0022500674,14,MIA,Miami Heat,2026-01-28,2025-26,Pre-ASG
1610612753,11,0022500674,13,ORL,Orlando Magic,2026-01-28,2025-26,Pre-ASG
1610612739,12,0022500671,14,CLE,Cleveland Cavaliers,2026-01-28,2025-26,Pre-ASG
1610612747,13,0022500671,19,LAL,Los Angeles Lakers,2026-01-28,2025-26,Pre-ASG
1610612743,9,0022500668,14,DEN,Denver Nuggets,2026-01-27,2025-26,Pre-ASG
1610612765,10,0022500668,21,DET,Detroit Pistons,2026-01-27,2025-26,Pre-ASG
1610612757,10,0022500664,19,POR,Portland Trail Blazers,2026-01-27,2025-26,Pre-ASG
1610612764,12,0022500664,14,WAS,Washington Wizards,2026-01-27,2025-26,Pre-ASG
1610612752,9,0022500665,11,NYK,New York Knicks,2026-01-27,2025-26,Pre-ASG
1610612758,9,0022500665,13,SAC,Sacramento Kings,2026-01-27,2025-26,Pre-ASG
1610612746,12,0022500670,13,LAC,LA Clippers,2026-01-27,2025-26,Pre-ASG
1610612762,10,0022500670,15,UTA,Utah Jazz,2026-01-27,2025-26,Pre-ASG
1610612749,13,0022500666,15,MIL,Milwaukee Bucks,2026-01-27,2025-26,Pre-ASG
1610612755,12,0022500666,17,PHI,Philadelphia 76ers,2026-01-27,2025-26,Pre-ASG
1610612751,10,0022500669,13,BKN,Brooklyn Nets,2026-01-27,2025-26,Pre-ASG
1610612756,10,0022500669,12,PHX,Phoenix Suns,2026-01-27,2025-26,Pre-ASG
1610612740,10,0022500667,18,NOP,New Orleans Pelicans,2026-01-27,2025-26,Pre-ASG
1610612760,10,0022500667,21,OKC,Oklahoma City Thunder,2026-01-27,2025-26,Pre-ASG
1610612755,11,0022500657,16,PHI,Philadelphia 76ers,2026-01-26,2025-26,Pre-ASG
1610612766,13,0022500657,20,CHA,Charlotte Hornets,2026-01-26,2025-26,Pre-ASG
1610612741,13,0022500661,20,CHI,Chicago Bulls,2026-01-26,2025-26,Pre-ASG
1610612747,10,0022500661,19,LAL,Los Angeles Lakers,2026-01-26,2025-26,Pre-ASG
1610612745,10,0022500662,20,HOU,Houston Rockets,2026-01-26,2025-26,Pre-ASG
1610612763,10,0022500662,12,MEM,Memphis Grizzlies,2026-01-26,2025-26,Pre-ASG
1610612744,10,0022500663,20,GSW,Golden State Warriors,2026-01-26,2025-26,Pre-ASG
1610612750,12,0022500663,16,MIN,Minnesota Timberwolves,2026-01-26,2025-26,Pre-ASG
1610612737,11,0022500659,16,ATL,Atlanta Hawks,2026-01-26,2025-26,Pre-ASG
1610612754,14,0022500659,17,IND,Indiana Pacers,2026-01-26,2025-26,Pre-ASG
1610612738,10,0022500660,19,BOS,Boston Celtics,2026-01-26,2025-26,Pre-ASG
1610612757,10,0022500660,19,POR,Portland Trail Blazers,2026-01-26,2025-26,Pre-ASG
1610612739,10,0022500658,16,CLE,Cleveland Cavaliers,2026-01-26,2025-26,Pre-ASG
1610612753,11,0022500658,14,ORL,Orlando Magic,2026-01-26,2025-26,Pre-ASG
1610612746,13,0022500656,14,LAC,LA Clippers,2026-01-25,2025-26,Pre-ASG
1610612751,12,0022500656,19,BKN,Brooklyn Nets,2026-01-25,2025-26,Pre-ASG
1610612748,10,0022500655,15,MIA,Miami Heat,2026-01-25,2025-26,Pre-ASG
1610612756,13,0022500655,19,PHX,Phoenix Suns,2026-01-25,2025-26,Pre-ASG
1610612744,14,0022500644,20,GSW,Golden State Warriors,2026-01-25,2025-26,Pre-ASG
1610612750,13,0022500644,18,MIN,Minnesota Timberwolves,2026-01-25,2025-26,Pre-ASG
1610612758,11,0022500650,16,SAC,Sacramento Kings,2026-01-25,2025-26,Pre-ASG
1610612765,14,0022500650,19,DET,Detroit Pistons,2026-01-25,2025-26,Pre-ASG
1610612760,10,0022500653,25,OKC,Oklahoma City Thunder,2026-01-25,2025-26,Pre-ASG
1610612761,9,0022500653,17,TOR,Toronto Raptors,2026-01-25,2025-26,Pre-ASG
1610612740,10,0022500654,19,NOP,New Orleans Pelicans,2026-01-25,2025-26,Pre-ASG
1610612759,10,0022500654,18,SAS,San Antonio Spurs,2026-01-25,2025-26,Pre-ASG
1610612739,10,0022500646,20,CLE,Cleveland Cavaliers,2026-01-24,2025-26,Pre-ASG
1610612753,10,0022500646,18,ORL,Orlando Magic,2026-01-24,2025-26,Pre-ASG
1610612748,11,0022500649,19,MIA,Miami Heat,2026-01-24,2025-26,Pre-ASG
1610612762,10,0022500649,17,UTA,Utah Jazz,2026-01-24,2025-26,Pre-ASG
1610612752,10,0022500643,19,NYK,New York Knicks,2026-01-24,2025-26,Pre-ASG
1610612755,9,0022500643,13,PHI,Philadelphia 76ers,2026-01-24,2025-26,Pre-ASG
1610612738,11,0022500647,20,BOS,Boston Celtics,2026-01-24,2025-26,Pre-ASG
1610612741,9,0022500647,19,CHI,Chicago Bulls,2026-01-24,2025-26,Pre-ASG
1610612742,11,0022500648,20,DAL,Dallas Mavericks,2026-01-24,2025-26,Pre-ASG
1610612747,10,0022500648,16,LAL,Los Angeles Lakers,2026-01-24,2025-26,Pre-ASG
1610612764,10,0022500645,16,WAS,Washington Wizards,2026-01-24,2025-26,Pre-ASG
1610612766,10,0022500645,14,CHA,Charlotte Hornets,2026-01-24,2025-26,Pre-ASG
1610612754,11,0022500641,21,IND,Indiana Pacers,2026-01-23,2025-26,Pre-ASG
1610612760,10,0022500641,21,OKC,Oklahoma City Thunder,2026-01-23,2025-26,Pre-ASG
1610612739,10,0022500638,17,CLE,Cleveland Cavaliers,2026-01-23,2025-26,Pre-ASG
1610612758,10,0022500638,16,SAC,Sacramento Kings,2026-01-23,2025-26,Pre-ASG
1610612745,8,0022500635,16,HOU,Houston Rockets,2026-01-23,2025-26,Pre-ASG
1610612765,10,0022500635,20,DET,Detroit Pistons,2026-01-23,2025-26,Pre-ASG
1610612737,10,0022500636,15,ATL,Atlanta Hawks,2026-01-23,2025-26,Pre-ASG
1610612756,10,0022500636,17,PHX,Phoenix Suns,2026-01-23,2025-26,Pre-ASG
1610612738,11,0022500637,29,BOS,Boston Celtics,2026-01-23,2025-26,Pre-ASG
1610612751,10,0022500637,13,BKN,Brooklyn Nets,2026-01-23,2025-26,Pre-ASG
1610612757,10,0022500642,19,POR,Portland Trail Blazers,2026-01-23,2025-26,Pre-ASG
1610612761,10,0022500642,17,TOR,Toronto Raptors,2026-01-23,2025-26,Pre-ASG
1610612743,10,0022500640,16,DEN,Denver Nuggets,2026-01-23,2025-26,Pre-ASG
1610612749,10,0022500640,12,MIL,Milwaukee Bucks,2026-01-23,2025-26,Pre-ASG
1610612740,10,0022500639,13,NOP,New Orleans Pelicans,2026-01-23,2025-26,Pre-ASG
1610612763,10,0022500639,11,MEM,Memphis Grizzlies,2026-01-23,2025-26,Pre-ASG
1610612759,11,0022500632,19,SAS,San Antonio Spurs,2026-01-22,2025-26,Pre-ASG
1610612762,10,0022500632,13,UTA,Utah Jazz,2026-01-22,2025-26,Pre-ASG
1610612742,12,0022500630,17,DAL,Dallas Mavericks,2026-01-22,2025-26,Pre-ASG
1610612744,12,0022500630,24,GSW,Golden State Warriors,2026-01-22,2025-26,Pre-ASG
1610612748,10,0022500634,15,MIA,Miami Heat,2026-01-22,2025-26,Pre-ASG
1610612757,10,0022500634,18,POR,Portland Trail Blazers,2026-01-22,2025-26,Pre-ASG
1610612753,13,0022500627,17,ORL,Orlando Magic,2026-01-22,2025-26,Pre-ASG
1610612766,12,0022500627,18,CHA,Charlotte Hornets,2026-01-22,2025-26,Pre-ASG
1610612745,9,0022500628,15,HOU,Houston Rockets,2026-01-22,2025-26,Pre-ASG
1610612755,9,0022500628,12,PHI,Philadelphia 76ers,2026-01-22,2025-26,Pre-ASG
1610612741,10,0022500631,20,CHI,Chicago Bulls,2026-01-22,2025-26,Pre-ASG
1610612750,10,0022500631,16,MIN,Minnesota Timberwolves,2026-01-22,2025-26,Pre-ASG
1610612743,9,0022500629,14,DEN,Denver Nuggets,2026-01-22,2025-26,Pre-ASG
1610612764,9,0022500629,15,WAS,Washington Wizards,2026-01-22,2025-26,Pre-ASG
1610612746,9,0022500633,14,LAC,LA Clippers,2026-01-22,2025-26,Pre-ASG
1610612747,10,0022500633,17,LAL,Los Angeles Lakers,2026-01-22,2025-26,Pre-ASG
1610612749,13,0022500625,16,MIL,Milwaukee Bucks,2026-01-21,2025-26,Pre-ASG
1610612760,11,0022500625,18,OKC,Oklahoma City Thunder,2026-01-21,2025-26,Pre-ASG
1610612740,11,0022500624,19,NOP,New Orleans Pelicans,2026-01-21,2025-26,Pre-ASG
1610612765,10,0022500624,14,DET,Detroit Pistons,2026-01-21,2025-26,Pre-ASG
1610612739,10,0022500620,19,CLE,Cleveland Cavaliers,2026-01-21,2025-26,Pre-ASG
1610612766,10,0022500620,26,CHA,Charlotte Hornets,2026-01-21,2025-26,Pre-ASG
1610612738,12,0022500621,22,BOS,Boston Celtics,2026-01-21,2025-26,Pre-ASG
1610612754,13,0022500621,22,IND,Indiana Pacers,2026-01-21,2025-26,Pre-ASG
1610612758,9,0022500626,12,SAC,Sacramento Kings,2026-01-21,2025-26,Pre-ASG
1610612761,10,0022500626,18,TOR,Toronto Raptors,2026-01-21,2025-26,Pre-ASG
1610612737,10,0022500623,14,ATL,Atlanta Hawks,2026-01-21,2025-26,Pre-ASG
1610612763,10,0022500623,20,MEM,Memphis Grizzlies,2026-01-21,2025-26,Pre-ASG
1610612751,13,0022500622,11,BKN,Brooklyn Nets,2026-01-21,2025-26,Pre-ASG
1610612752,14,0022500622,17,NYK,New York Knicks,2026-01-21,2025-26,Pre-ASG
1610612750,10,0022500616,18,MIN,Minnesota Timberwolves,2026-01-20,2025-26,Pre-ASG
1610612762,9,0022500616,11,UTA,Utah Jazz,2026-01-20,2025-26,Pre-ASG
1610612741,12,0022500614,17,CHI,Chicago Bulls,2026-01-20,2025-26,Pre-ASG
1610612746,13,0022500614,10,LAC,LA Clippers,2026-01-20,2025-26,Pre-ASG
1610612755,10,0022500613,14,PHI,Philadelphia 76ers,2026-01-20,2025-26,Pre-ASG
1610612756,10,0022500613,15,PHX,Phoenix Suns,2026-01-20,2025-26,Pre-ASG
1610612744,15,0022500618,18,GSW,Golden State Warriors,2026-01-20,2025-26,Pre-ASG
1610612761,12,0022500618,22,TOR,Toronto Raptors,2026-01-20,2025-26,Pre-ASG
1610612748,10,0022500619,15,MIA,Miami Heat,2026-01-20,2025-26,Pre-ASG
1610612758,10,0022500619,19,SAC,Sacramento Kings,2026-01-20,2025-26,Pre-ASG
1610612745,9,0022500615,16,HOU,Houston Rockets,2026-01-20,2025-26,Pre-ASG
1610612759,9,0022500615,19,SAS,San Antonio Spurs,2026-01-20,2025-26,Pre-ASG
1610612743,8,0022500617,14,DEN,Denver Nuggets,2026-01-20,2025-26,Pre-ASG
1610612747,10,0022500617,19,LAL,Los Angeles Lakers,2026-01-20,2025-26,Pre-ASG
1610612742,12,0022500016,15,DAL,Dallas Mavericks,2026-01-19,2025-26,Pre-ASG
1610612752,14,0022500016,15,NYK,New York Knicks,2026-01-19,2025-26,Pre-ASG
1610612759,12,0022500611,16,SAS,San Antonio Spurs,2026-01-19,2025-26,Pre-ASG
1610612762,10,0022500611,18,UTA,Utah Jazz,2026-01-19,2025-26,Pre-ASG
1610612746,9,0022500608,15,LAC,LA Clippers,2026-01-19,2025-26,Pre-ASG
1610612764,9,0022500608,21,WAS,Washington Wizards,2026-01-19,2025-26,Pre-ASG
1610612751,10,0022500610,12,BKN,Brooklyn Nets,2026-01-19,2025-26,Pre-ASG
1610612756,10,0022500610,12,PHX,Phoenix Suns,2026-01-19,2025-26,Pre-ASG
1610612744,13,0022500612,19,GSW,Golden State Warriors,2026-01-19,2025-26,Pre-ASG
1610612748,13,0022500612,13,MIA,Miami Heat,2026-01-19,2025-26,Pre-ASG
1610612754,12,0022500609,16,IND,Indiana Pacers,2026-01-19,2025-26,Pre-ASG
1610612755,11,0022500609,13,PHI,Philadelphia 76ers,2026-01-19,2025-26,Pre-ASG
1610612739,11,0022500015,16,CLE,Cleveland Cavaliers,2026-01-19,2025-26,Pre-ASG
1610612760,12,0022500015,26,OKC,Oklahoma City Thunder,2026-01-19,2025-26,Pre-ASG
1610612738,11,0022500017,21,BOS,Boston Celtics,2026-01-19,2025-26,Pre-ASG
1610612765,10,0022500017,16,DET,Detroit Pistons,2026-01-19,2025-26,Pre-ASG
1610612737,10,0022500014,15,ATL,Atlanta Hawks,2026-01-19,2025-26,Pre-ASG
1610612749,9,0022500014,15,MIL,Milwaukee Bucks,2026-01-19,2025-26,Pre-ASG
1610612743,10,0022500605,18,DEN,Denver Nuggets,2026-01-18,2025-26,Pre-ASG
1610612766,12,0022500605,21,CHA,Charlotte Hornets,2026-01-18,2025-26,Pre-ASG
1610612753,12,0022500602,12,ORL,Orlando Magic,2026-01-18,2025-26,Pre-ASG
1610612763,11,0022500602,14,MEM,Memphis Grizzlies,2026-01-18,2025-26,Pre-ASG
1610612741,12,0022500603,17,CHI,Chicago Bulls,2026-01-18,2025-26,Pre-ASG
1610612751,10,0022500603,15,BKN,Brooklyn Nets,2026-01-18,2025-26,Pre-ASG
1610612740,10,0022500604,14,NOP,New Orleans Pelicans,2026-01-18,2025-26,Pre-ASG
1610612745,10,0022500604,19,HOU,Houston Rockets,2026-01-18,2025-26,Pre-ASG
1610612747,14,0022500607,18,LAL,Los Angeles Lakers,2026-01-18,2025-26,Pre-ASG
1610612761,13,0022500607,24,TOR,Toronto Raptors,2026-01-18,2025-26,Pre-ASG
1610612757,10,0022500606,17,POR,Portland Trail Blazers,2026-01-18,2025-26,Pre-ASG
1610612758,10,0022500606,17,SAC,Sacramento Kings,2026-01-18,2025-26,Pre-ASG
1610612754,8,0022500595,2,IND,Indiana Pacers,2026-01-17,2025-26,Pre-ASG
1610612765,6,0022500595,1,DET,Detroit Pistons,2026-01-17,2025-26,Pre-ASG
1610612752,11,0022500596,18,NYK,New York Knicks,2026-01-17,2025-26,Pre-ASG
1610612756,10,0022500596,15,PHX,Phoenix Suns,2026-01-17,2025-26,Pre-ASG
1610612737,12,0022500594,13,ATL,Atlanta Hawks,2026-01-17,2025-26,Pre-ASG
1610612738,12,0022500594,13,BOS,Boston Celtics,2026-01-17,2025-26,Pre-ASG
1610612743,9,0022500600,13,DEN,Denver Nuggets,2026-01-17,2025-26,Pre-ASG
1610612764,9,0022500600,16,WAS,Washington Wizards,2026-01-17,2025-26,Pre-ASG
1610612742,11,0022500593,14,DAL,Dallas Mavericks,2026-01-17,2025-26,Pre-ASG
1610612762,9,0022500593,13,UTA,Utah Jazz,2026-01-17,2025-26,Pre-ASG
1610612747,12,0022500601,22,LAL,Los Angeles Lakers,2026-01-17,2025-26,Pre-ASG
1610612757,12,0022500601,18,POR,Portland Trail Blazers,2026-01-17,2025-26,Pre-ASG
1610612750,11,0022500598,16,MIN,Minnesota Timberwolves,2026-01-17,2025-26,Pre-ASG
1610612759,10,0022500598,19,SAS,San Antonio Spurs,2026-01-17,2025-26,Pre-ASG
1610612748,10,0022500597,16,MIA,Miami Heat,2026-01-17,2025-26,Pre-ASG
1610612760,11,0022500597,17,OKC,Oklahoma City Thunder,2026-01-17,2025-26,Pre-ASG
1610612744,12,0022500599,20,GSW,Golden State Warriors,2026-01-17,2025-26,Pre-ASG
1610612766,12,0022500599,22,CHA,Charlotte Hornets,2026-01-17,2025-26,Pre-ASG
1610612741,10,0022500587,20,CHI,Chicago Bulls,2026-01-16,2025-26,Pre-ASG
1610612751,10,0022500587,10,BKN,Brooklyn Nets,2026-01-16,2025-26,Pre-ASG
1610612740,10,0022500588,15,NOP,New Orleans Pelicans,2026-01-16,2025-26,Pre-ASG
1610612754,10,0022500588,15,IND,Indiana Pacers,2026-01-16,2025-26,Pre-ASG
1610612758,10,0022500592,17,SAC,Sacramento Kings,2026-01-16,2025-26,Pre-ASG
1610612764,11,0022500592,16,WAS,Washington Wizards,2026-01-16,2025-26,Pre-ASG
1610612746,11,0022500590,16,LAC,LA Clippers,2026-01-16,2025-26,Pre-ASG
1610612761,9,0022500590,21,TOR,Toronto Raptors,2026-01-16,2025-26,Pre-ASG
1610612739,9,0022500589,11,CLE,Cleveland Cavaliers,2026-01-16,2025-26,Pre-ASG
1610612755,10,0022500589,14,PHI,Philadelphia 76ers,2026-01-16,2025-26,Pre-ASG
1610612745,10,0022500591,21,HOU,Houston Rockets,2026-01-16,2025-26,Pre-ASG
1610612750,9,0022500591,19,MIN,Minnesota Timberwolves,2026-01-16,2025-26,Pre-ASG
1610612747,13,0022500586,15,LAL,Los Angeles Lakers,2026-01-15,2025-26,Pre-ASG
1610612766,12,0022500586,15,CHA,Charlotte Hornets,2026-01-15,2025-26,Pre-ASG
1610612745,8,0022500581,5,HOU,Houston Rockets,2026-01-15,2025-26,Pre-ASG
1610612760,8,0022500581,4,OKC,Oklahoma City Thunder,2026-01-15,2025-26,Pre-ASG
1610612753,10,0022500578,13,ORL,Orlando Magic,2026-01-15,2025-26,Pre-ASG
1610612763,10,0022500578,19,MEM,Memphis Grizzlies,2026-01-15,2025-26,Pre-ASG
1610612737,9,0022500585,18,ATL,Atlanta Hawks,2026-01-15,2025-26,Pre-ASG
1610612757,10,0022500585,16,POR,Portland Trail Blazers,2026-01-15,2025-26,Pre-ASG
1610612756,10,0022500579,18,PHX,Phoenix Suns,2026-01-15,2025-26,Pre-ASG
1610612765,11,0022500579,25,DET,Detroit Pistons,2026-01-15,2025-26,Pre-ASG
1610612744,12,0022500584,17,GSW,Golden State Warriors,2026-01-15,2025-26,Pre-ASG
1610612752,13,0022500584,19,NYK,New York Knicks,2026-01-15,2025-26,Pre-ASG
1610612749,15,0022500582,14,MIL,Milwaukee Bucks,2026-01-15,2025-26,Pre-ASG
1610612759,13,0022500582,18,SAS,San Antonio Spurs,2026-01-15,2025-26,Pre-ASG
1610612742,10,0022500583,14,DAL,Dallas Mavericks,2026-01-15,2025-26,Pre-ASG
1610612762,9,0022500583,11,UTA,Utah Jazz,2026-01-15,2025-26,Pre-ASG
1610612738,10,0022500580,18,BOS,Boston Celtics,2026-01-15,2025-26,Pre-ASG
1610612748,10,0022500580,14,MIA,Miami Heat,2026-01-15,2025-26,Pre-ASG
1610612754,13,0022500571,26,IND,Indiana Pacers,2026-01-14,2025-26,Pre-ASG
1610612761,10,0022500571,18,TOR,Toronto Raptors,2026-01-14,2025-26,Pre-ASG
1610612740,10,0022500574,22,NOP,New Orleans Pelicans,2026-01-14,2025-26,Pre-ASG
1610612751,10,0022500574,6,BKN,Brooklyn Nets,2026-01-14,2025-26,Pre-ASG
1610612752,8,0022500576,7,NYK,New York Knicks,2026-01-14,2025-26,Pre-ASG
1610612758,5,0022500576,1,SAC,Sacramento Kings,2026-01-14,2025-26,Pre-ASG
1610612741,10,0022500573,21,CHI,Chicago Bulls,2026-01-14,2025-26,Pre-ASG
1610612762,9,0022500573,16,UTA,Utah Jazz,2026-01-14,2025-26,Pre-ASG
1610612742,11,0022500575,19,DAL,Dallas Mavericks,2026-01-14,2025-26,Pre-ASG
1610612743,9,0022500575,16,DEN,Denver Nuggets,2026-01-14,2025-26,Pre-ASG
1610612746,9,0022500577,12,LAC,LA Clippers,2026-01-14,2025-26,Pre-ASG
1610612764,13,0022500577,21,WAS,Washington Wizards,2026-01-14,2025-26,Pre-ASG
1610612739,13,0022500572,16,CLE,Cleveland Cavaliers,2026-01-14,2025-26,Pre-ASG
1610612755,13,0022500572,19,PHI,Philadelphia 76ers,2026-01-14,2025-26,Pre-ASG
1610612740,10,0022500567,19,NOP,New Orleans Pelicans,2026-01-13,2025-26,Pre-ASG
1610612743,9,0022500567,18,DEN,Denver Nuggets,2026-01-13,2025-26,Pre-ASG
1610612741,9,0022500565,20,CHI,Chicago Bulls,2026-01-13,2025-26,Pre-ASG
1610612745,10,0022500565,16,HOU,Houston Rockets,2026-01-13,2025-26,Pre-ASG
1610612749,14,0022500566,11,MIL,Milwaukee Bucks,2026-01-13,2025-26,Pre-ASG
1610612750,12,0022500566,14,MIN,Minnesota Timberwolves,2026-01-13,2025-26,Pre-ASG
1610612748,10,0022500564,19,MIA,Miami Heat,2026-01-13,2025-26,Pre-ASG
1610612756,10,0022500564,19,PHX,Phoenix Suns,2026-01-13,2025-26,Pre-ASG
1610612744,14,0022500570,22,GSW,Golden State Warriors,2026-01-13,2025-26,Pre-ASG
1610612757,11,0022500570,25,POR,Portland Trail Blazers,2026-01-13,2025-26,Pre-ASG
1610612759,13,0022500568,20,SAS,San Antonio Spurs,2026-01-13,2025-26,Pre-ASG
1610612760,10,0022500568,15,OKC,Oklahoma City Thunder,2026-01-13,2025-26,Pre-ASG
1610612737,10,0022500569,13,ATL,Atlanta Hawks,2026-01-13,2025-26,Pre-ASG
1610612747,13,0022500569,16,LAL,Los Angeles Lakers,2026-01-13,2025-26,Pre-ASG
1610612739,9,0022500558,14,CLE,Cleveland Cavaliers,2026-01-12,2025-26,Pre-ASG
1610612762,10,0022500558,16,UTA,Utah Jazz,2026-01-12,2025-26,Pre-ASG
1610612746,12,0022500563,12,LAC,LA Clippers,2026-01-12,2025-26,Pre-ASG
1610612766,10,0022500563,20,CHA,Charlotte Hornets,2026-01-12,2025-26,Pre-ASG
1610612738,9,0022500559,15,BOS,Boston Celtics,2026-01-12,2025-26,Pre-ASG
1610612754,11,0022500559,14,IND,Indiana Pacers,2026-01-12,2025-26,Pre-ASG
1610612747,12,0022500562,15,LAL,Los Angeles Lakers,2026-01-12,2025-26,Pre-ASG
1610612758,9,0022500562,12,SAC,Sacramento Kings,2026-01-12,2025-26,Pre-ASG
1610612755,13,0022500560,19,PHI,Philadelphia 76ers,2026-01-12,2025-26,Pre-ASG
1610612761,13,0022500560,20,TOR,Toronto Raptors,2026-01-12,2025-26,Pre-ASG
1610612742,10,0022500561,21,DAL,Dallas Mavericks,2026-01-12,2025-26,Pre-ASG
1610612751,10,0022500561,10,BKN,Brooklyn Nets,2026-01-12,2025-26,Pre-ASG
1610612748,13,0022500553,15,MIA,Miami Heat,2026-01-11,2025-26,Pre-ASG
1610612760,12,0022500553,15,OKC,Oklahoma City Thunder,2026-01-11,2025-26,Pre-ASG
1610612756,13,0022500555,13,PHX,Phoenix Suns,2026-01-11,2025-26,Pre-ASG
1610612764,13,0022500555,16,WAS,Washington Wizards,2026-01-11,2025-26,Pre-ASG
1610612751,10,0022500549,8,BKN,Brooklyn Nets,2026-01-11,2025-26,Pre-ASG
1610612763,11,0022500549,17,MEM,Memphis Grizzlies,2026-01-11,2025-26,Pre-ASG
1610612745,9,0022500557,14,HOU,Houston Rockets,2026-01-11,2025-26,Pre-ASG
1610612758,10,0022500557,14,SAC,Sacramento Kings,2026-01-11,2025-26,Pre-ASG
1610612740,10,0022500548,21,NOP,New Orleans Pelicans,2026-01-11,2025-26,Pre-ASG
1610612753,11,0022500548,17,ORL,Orlando Magic,2026-01-11,2025-26,Pre-ASG
1610612752,9,0022500551,14,NYK,New York Knicks,2026-01-11,2025-26,Pre-ASG
1610612757,9,0022500551,21,POR,Portland Trail Blazers,2026-01-11,2025-26,Pre-ASG
1610612737,11,0022500556,18,ATL,Atlanta Hawks,2026-01-11,2025-26,Pre-ASG
1610612744,13,0022500556,18,GSW,Golden State Warriors,2026-01-11,2025-26,Pre-ASG
1610612750,9,0022500552,15,MIN,Minnesota Timberwolves,2026-01-11,2025-26,Pre-ASG
1610612759,10,0022500552,22,SAS,San Antonio Spurs,2026-01-11,2025-26,Pre-ASG
1610612755,10,0022500550,15,PHI,Philadelphia 76ers,2026-01-11,2025-26,Pre-ASG
1610612761,11,0022500550,22,TOR,Toronto Raptors,2026-01-11,2025-26,Pre-ASG
1610612743,9,0022500554,17,DEN,Denver Nuggets,2026-01-11,2025-26,Pre-ASG
1610612749,9,0022500554,17,MIL,Milwaukee Bucks,2026-01-11,2025-26,Pre-ASG
1610612738,9,0022500545,15,BOS,Boston Celtics,2026-01-10,2025-26,Pre-ASG
1610612759,11,0022500545,22,SAS,San Antonio Spurs,2026-01-10,2025-26,Pre-ASG
1610612741,13,0022500546,20,CHI,Chicago Bulls,2026-01-10,2025-26,Pre-ASG
1610612742,12,0022500546,16,DAL,Dallas Mavericks,2026-01-10,2025-26,Pre-ASG
1610612739,11,0022500542,13,CLE,Cleveland Cavaliers,2026-01-10,2025-26,Pre-ASG
1610612750,13,0022500542,15,MIN,Minnesota Timberwolves,2026-01-10,2025-26,Pre-ASG
1610612746,9,0022500544,14,LAC,LA Clippers,2026-01-10,2025-26,Pre-ASG
1610612765,10,0022500544,23,DET,Detroit Pistons,2026-01-10,2025-26,Pre-ASG
1610612762,9,0022500547,14,UTA,Utah Jazz,2026-01-10,2025-26,Pre-ASG
1610612766,12,0022500547,14,CHA,Charlotte Hornets,2026-01-10,2025-26,Pre-ASG
1610612748,14,0022500543,15,MIA,Miami Heat,2026-01-10,2025-26,Pre-ASG
1610612754,13,0022500543,16,IND,Indiana Pacers,2026-01-10,2025-26,Pre-ASG
1610612753,11,0022500533,17,ORL,Orlando Magic,2026-01-09,2025-26,Pre-ASG
1610612755,10,0022500533,16,PHI,Philadelphia 76ers,2026-01-09,2025-26,Pre-ASG
1610612738,9,0022500532,17,BOS,Boston Celtics,2026-01-09,2025-26,Pre-ASG
1610612761,11,0022500532,21,TOR,Toronto Raptors,2026-01-09,2025-26,Pre-ASG
1610612760,10,0022500536,22,OKC,Oklahoma City Thunder,2026-01-09,2025-26,Pre-ASG
1610612763,10,0022500536,23,MEM,Memphis Grizzlies,2026-01-09,2025-26,Pre-ASG
1610612745,9,0022500540,21,HOU,Houston Rockets,2026-01-09,2025-26,Pre-ASG
1610612757,10,0022500540,16,POR,Portland Trail Blazers,2026-01-09,2025-26,Pre-ASG
1610612744,14,0022500539,15,GSW,Golden State Warriors,2026-01-09,2025-26,Pre-ASG
1610612758,11,0022500539,14,SAC,Sacramento Kings,2026-01-09,2025-26,Pre-ASG
1610612740,11,0022500534,17,NOP,New Orleans Pelicans,2026-01-09,2025-26,Pre-ASG
1610612764,11,0022500534,14,WAS,Washington Wizards,2026-01-09,2025-26,Pre-ASG
1610612737,9,0022500537,15,ATL,Atlanta Hawks,2026-01-09,2025-26,Pre-ASG
1610612743,10,0022500537,18,DEN,Denver Nuggets,2026-01-09,2025-26,Pre-ASG
1610612752,10,0022500538,23,NYK,New York Knicks,2026-01-09,2025-26,Pre-ASG
1610612756,10,0022500538,13,PHX,Phoenix Suns,2026-01-09,2025-26,Pre-ASG
1610612747,10,0022500541,15,LAL,Los Angeles Lakers,2026-01-09,2025-26,Pre-ASG
1610612749,9,0022500541,13,MIL,Milwaukee Bucks,2026-01-09,2025-26,Pre-ASG
1610612746,12,0022500535,14,LAC,LA Clippers,2026-01-09,2025-26,Pre-ASG
1610612751,11,0022500535,10,BKN,Brooklyn Nets,2026-01-09,2025-26,Pre-ASG
1610612754,12,0022500528,23,IND,Indiana Pacers,2026-01-08,2025-26,Pre-ASG
1610612766,11,0022500528,20,CHA,Charlotte Hornets,2026-01-08,2025-26,Pre-ASG
1610612739,9,0022500530,10,CLE,Cleveland Cavaliers,2026-01-08,2025-26,Pre-ASG
1610612750,9,0022500530,12,MIN,Minnesota Timberwolves,2026-01-08,2025-26,Pre-ASG
1610612742,9,0022500531,15,DAL,Dallas Mavericks,2026-01-08,2025-26,Pre-ASG
1610612762,10,0022500531,16,UTA,Utah Jazz,2026-01-08,2025-26,Pre-ASG
1610612738,10,0022500520,18,BOS,Boston Celtics,2026-01-07,2025-26,Pre-ASG
1610612743,10,0022500520,14,DEN,Denver Nuggets,2026-01-07,2025-26,Pre-ASG
1610612760,10,0022500525,16,OKC,Oklahoma City Thunder,2026-01-07,2025-26,Pre-ASG
1610612762,11,0022500525,19,UTA,Utah Jazz,2026-01-07,2025-26,Pre-ASG
1610612747,13,0022500523,14,LAL,Los Angeles Lakers,2026-01-07,2025-26,Pre-ASG
1610612759,13,0022500523,22,SAS,San Antonio Spurs,2026-01-07,2025-26,Pre-ASG
1610612745,10,0022500527,23,HOU,Houston Rockets,2026-01-07,2025-26,Pre-ASG
1610612757,9,0022500527,18,POR,Portland Trail Blazers,2026-01-07,2025-26,Pre-ASG
1610612746,12,0022500522,13,LAC,LA Clippers,2026-01-07,2025-26,Pre-ASG
1610612752,12,0022500522,14,NYK,New York Knicks,2026-01-07,2025-26,Pre-ASG
1610612761,11,0022500516,17,TOR,Toronto Raptors,2026-01-07,2025-26,Pre-ASG
1610612766,10,0022500516,19,CHA,Charlotte Hornets,2026-01-07,2025-26,Pre-ASG
1610612737,10,0022500519,14,ATL,Atlanta Hawks,2026-01-07,2025-26,Pre-ASG
1610612740,10,0022500519,16,NOP,New Orleans Pelicans,2026-01-07,2025-26,Pre-ASG
1610612755,13,0022500518,15,PHI,Philadelphia 76ers,2026-01-07,2025-26,Pre-ASG
1610612764,10,0022500518,11,WAS,Washington Wizards,2026-01-07,2025-26,Pre-ASG
1610612744,10,0022500526,18,GSW,Golden State Warriors,2026-01-07,2025-26,Pre-ASG
1610612749,9,0022500526,9,MIL,Milwaukee Bucks,2026-01-07,2025-26,Pre-ASG
1610612741,11,0022500517,17,CHI,Chicago Bulls,2026-01-07,2025-26,Pre-ASG
1610612765,12,0022500517,20,DET,Detroit Pistons,2026-01-07,2025-26,Pre-ASG
1610612751,10,0022500521,11,BKN,Brooklyn Nets,2026-01-07,2025-26,Pre-ASG
1610612753,10,0022500521,13,ORL,Orlando Magic,2026-01-07,2025-26,Pre-ASG
1610612756,13,0022500524,13,PHX,Phoenix Suns,2026-01-07,2025-26,Pre-ASG
1610612763,11,0022500524,15,MEM,Memphis Grizzlies,2026-01-07,2025-26,Pre-ASG
1610612753,12,0022500511,18,ORL,Orlando Magic,2026-01-06,2025-26,Pre-ASG
1610612764,11,0022500511,15,WAS,Washington Wizards,2026-01-06,2025-26,Pre-ASG
1610612759,12,0022500512,25,SAS,San Antonio Spurs,2026-01-06,2025-26,Pre-ASG
1610612763,10,0022500512,18,MEM,Memphis Grizzlies,2026-01-06,2025-26,Pre-ASG
1610612742,9,0022500515,12,DAL,Dallas Mavericks,2026-01-06,2025-26,Pre-ASG
1610612758,10,0022500515,18,SAC,Sacramento Kings,2026-01-06,2025-26,Pre-ASG
1610612748,13,0022500513,17,MIA,Miami Heat,2026-01-06,2025-26,Pre-ASG
1610612750,14,0022500513,19,MIN,Minnesota Timberwolves,2026-01-06,2025-26,Pre-ASG
1610612740,10,0022500514,21,NOP,New Orleans Pelicans,2026-01-06,2025-26,Pre-ASG
1610612747,9,0022500514,15,LAL,Los Angeles Lakers,2026-01-06,2025-26,Pre-ASG
1610612739,9,0022500510,14,CLE,Cleveland Cavaliers,2026-01-06,2025-26,Pre-ASG
1610612754,10,0022500510,15,IND,Indiana Pacers,2026-01-06,2025-26,Pre-ASG
1610612745,10,0022500505,19,HOU,Houston Rockets,2026-01-05,2025-26,Pre-ASG
1610612756,10,0022500505,13,PHX,Phoenix Suns,2026-01-05,2025-26,Pre-ASG
1610612744,12,0022500508,18,GSW,Golden State Warriors,2026-01-05,2025-26,Pre-ASG
1610612746,8,0022500508,12,LAC,LA Clippers,2026-01-05,2025-26,Pre-ASG
1610612760,11,0022500506,15,OKC,Oklahoma City Thunder,2026-01-05,2025-26,Pre-ASG
1610612766,13,0022500506,23,CHA,Charlotte Hornets,2026-01-05,2025-26,Pre-ASG
1610612752,13,0022500502,18,NYK,New York Knicks,2026-01-05,2025-26,Pre-ASG
1610612765,12,0022500502,14,DET,Detroit Pistons,2026-01-05,2025-26,Pre-ASG
1610612757,11,0022500509,17,POR,Portland Trail Blazers,2026-01-05,2025-26,Pre-ASG
1610612762,10,0022500509,12,UTA,Utah Jazz,2026-01-05,2025-26,Pre-ASG
1610612737,9,0022500504,11,ATL,Atlanta Hawks,2026-01-05,2025-26,Pre-ASG
1610612761,10,0022500504,13,TOR,Toronto Raptors,2026-01-05,2025-26,Pre-ASG
1610612743,9,0022500507,11,DEN,Denver Nuggets,2026-01-05,2025-26,Pre-ASG
1610612755,9,0022500507,13,PHI,Philadelphia 76ers,2026-01-05,2025-26,Pre-ASG
1610612738,10,0022500503,18,BOS,Boston Celtics,2026-01-05,2025-26,Pre-ASG
1610612741,12,0022500503,20,CHI,Chicago Bulls,2026-01-05,2025-26,Pre-ASG
1610612747,9,0022500501,14,LAL,Los Angeles Lakers,2026-01-04,2025-26,Pre-ASG
1610612763,10,0022500501,20,MEM,Memphis Grizzlies,2026-01-04,2025-26,Pre-ASG
1610612753,11,0022500495,12,ORL,Orlando Magic,2026-01-04,2025-26,Pre-ASG
1610612754,11,0022500495,21,IND,Indiana Pacers,2026-01-04,2025-26,Pre-ASG
1610612750,10,0022500498,13,MIN,Minnesota Timberwolves,2026-01-04,2025-26,Pre-ASG
1610612764,9,0022500498,3,WAS,Washington Wizards,2026-01-04,2025-26,Pre-ASG
1610612739,10,0022500494,21,CLE,Cleveland Cavaliers,2026-01-04,2025-26,Pre-ASG
1610612765,10,0022500494,23,DET,Detroit Pistons,2026-01-04,2025-26,Pre-ASG
1610612749,9,0022500500,11,MIL,Milwaukee Bucks,2026-01-04,2025-26,Pre-ASG
1610612758,10,0022500500,13,SAC,Sacramento Kings,2026-01-04,2025-26,Pre-ASG
1610612740,12,0022500497,20,NOP,New Orleans Pelicans,2026-01-04,2025-26,Pre-ASG
1610612748,11,0022500497,11,MIA,Miami Heat,2026-01-04,2025-26,Pre-ASG
1610612743,10,0022500496,13,DEN,Denver Nuggets,2026-01-04,2025-26,Pre-ASG
1610612751,10,0022500496,13,BKN,Brooklyn Nets,2026-01-04,2025-26,Pre-ASG
1610612756,10,0022500499,14,PHX,Phoenix Suns,2026-01-04,2025-26,Pre-ASG
1610612760,11,0022500499,18,OKC,Oklahoma City Thunder,2026-01-04,2025-26,Pre-ASG
1610612742,10,0022500491,15,DAL,Dallas Mavericks,2026-01-03,2025-26,Pre-ASG
1610612745,11,0022500491,20,HOU,Houston Rockets,2026-01-03,2025-26,Pre-ASG
1610612744,11,0022500492,19,GSW,Golden State Warriors,2026-01-03,2025-26,Pre-ASG
1610612762,10,0022500492,22,UTA,Utah Jazz,2026-01-03,2025-26,Pre-ASG
1610612737,10,0022500488,19,ATL,Atlanta Hawks,2026-01-03,2025-26,Pre-ASG
1610612761,12,0022500488,16,TOR,Toronto Raptors,2026-01-03,2025-26,Pre-ASG
1610612738,11,0022500493,17,BOS,Boston Celtics,2026-01-03,2025-26,Pre-ASG
1610612746,13,0022500493,14,LAC,LA Clippers,2026-01-03,2025-26,Pre-ASG
1610612757,9,0022500490,18,POR,Portland Trail Blazers,2026-01-03,2025-26,Pre-ASG
1610612759,10,0022500490,18,SAS,San Antonio Spurs,2026-01-03,2025-26,Pre-ASG
1610612741,10,0022500489,20,CHI,Chicago Bulls,2026-01-03,2025-26,Pre-ASG
1610612766,9,0022500489,13,CHA,Charlotte Hornets,2026-01-03,2025-26,Pre-ASG
1610612752,12,0022500487,19,NYK,New York Knicks,2026-01-03,2025-26,Pre-ASG
1610612755,9,0022500487,11,PHI,Philadelphia 76ers,2026-01-03,2025-26,Pre-ASG
1610612748,11,0022500486,19,MIA,Miami Heat,2026-01-03,2025-26,Pre-ASG
1610612750,9,0022500486,19,MIN,Minnesota Timberwolves,2026-01-03,2025-26,Pre-ASG
1610612749,9,0022500481,14,MIL,Milwaukee Bucks,2026-01-02,2025-26,Pre-ASG
1610612766,10,0022500481,23,CHA,Charlotte Hornets,2026-01-02,2025-26,Pre-ASG
1610612739,10,0022500478,13,CLE,Cleveland Cavaliers,2026-01-02,2025-26,Pre-ASG
1610612743,9,0022500478,14,DEN,Denver Nuggets,2026-01-02,2025-26,Pre-ASG
1610612737,9,0022500479,13,ATL,Atlanta Hawks,2026-01-02,2025-26,Pre-ASG
1610612752,12,0022500479,20,NYK,New York Knicks,2026-01-02,2025-26,Pre-ASG
1610612740,10,0022500482,19,NOP,New Orleans Pelicans,2026-01-02,2025-26,Pre-ASG
1610612757,10,0022500482,16,POR,Portland Trail Blazers,2026-01-02,2025-26,Pre-ASG
1610612751,11,0022500477,19,BKN,Brooklyn Nets,2026-01-02,2025-26,Pre-ASG
1610612764,10,0022500477,14,WAS,Washington Wizards,2026-01-02,2025-26,Pre-ASG
1610612747,9,0022500485,13,LAL,Los Angeles Lakers,2026-01-02,2025-26,Pre-ASG
1610612763,10,0022500485,16,MEM,Memphis Grizzlies,2026-01-02,2025-26,Pre-ASG
1610612744,10,0022500484,21,GSW,Golden State Warriors,2026-01-02,2025-26,Pre-ASG
1610612760,12,0022500484,17,OKC,Oklahoma City Thunder,2026-01-02,2025-26,Pre-ASG
1610612754,14,0022500476,21,IND,Indiana Pacers,2026-01-02,2025-26,Pre-ASG
1610612759,10,0022500476,23,SAS,San Antonio Spurs,2026-01-02,2025-26,Pre-ASG
1610612756,13,0022500483,15,PHX,Phoenix Suns,2026-01-02,2025-26,Pre-ASG
1610612758,11,0022500483,19,SAC,Sacramento Kings,2026-01-02,2025-26,Pre-ASG
1610612741,10,0022500480,21,CHI,Chicago Bulls,2026-01-02,2025-26,Pre-ASG
1610612753,10,0022500480,14,ORL,Orlando Magic,2026-01-02,2025-26,Pre-ASG
1610612742,11,0022500473,16,DAL,Dallas Mavericks,2026-01-01,2025-26,Pre-ASG
1610612755,10,0022500473,12,PHI,Philadelphia 76ers,2026-01-01,2025-26,Pre-ASG
1610612738,10,0022500474,15,BOS,Boston Celtics,2026-01-01,2025-26,Pre-ASG
1610612758,10,0022500474,13,SAC,Sacramento Kings,2026-01-01,2025-26,Pre-ASG
1610612745,11,0022500471,21,HOU,Houston Rockets,2026-01-01,2025-26,Pre-ASG
1610612751,10,0022500471,13,BKN,Brooklyn Nets,2026-01-01,2025-26,Pre-ASG
1610612746,12,0022500475,12,LAC,LA Clippers,2026-01-01,2025-26,Pre-ASG
1610612762,9,0022500475,15,UTA,Utah Jazz,2026-01-01,2025-26,Pre-ASG
1610612748,10,0022500472,16,MIA,Miami Heat,2026-01-01,2025-26,Pre-ASG
1610612765,10,0022500472,20,DET,Detroit Pistons,2026-01-01,2025-26,Pre-ASG
1610612749,9,0022500469,14,MIL,Milwaukee Bucks,2025-12-31,2025-26,Pre-ASG
1610612764,10,0022500469,10,WAS,Washington Wizards,2025-12-31,2025-26,Pre-ASG
1610612740,10,0022500466,20,NOP,New Orleans Pelicans,2025-12-31,2025-26,Pre-ASG
1610612741,10,0022500466,15,CHI,Chicago Bulls,2025-12-31,2025-26,Pre-ASG
1610612757,11,0022500470,19,POR,Portland Trail Blazers,2025-12-31,2025-26,Pre-ASG
1610612760,12,0022500470,19,OKC,Oklahoma City Thunder,2025-12-31,2025-26,Pre-ASG
1610612737,11,0022500463,15,ATL,Atlanta Hawks,2025-12-31,2025-26,Pre-ASG
1610612750,14,0022500463,14,MIN,Minnesota Timberwolves,2025-12-31,2025-26,Pre-ASG
1610612753,11,0022500464,14,ORL,Orlando Magic,2025-12-31,2025-26,Pre-ASG
1610612754,11,0022500464,21,IND,Indiana Pacers,2025-12-31,2025-26,Pre-ASG
1610612739,11,0022500465,18,CLE,Cleveland Cavaliers,2025-12-31,2025-26,Pre-ASG
1610612756,13,0022500465,14,PHX,Phoenix Suns,2025-12-31,2025-26,Pre-ASG
1610612752,11,0022500467,20,NYK,New York Knicks,2025-12-31,2025-26,Pre-ASG
1610612759,10,0022500467,20,SAS,San Antonio Spurs,2025-12-31,2025-26,Pre-ASG
1610612744,13,0022500462,21,GSW,Golden State Warriors,2025-12-31,2025-26,Pre-ASG
1610612766,10,0022500462,25,CHA,Charlotte Hornets,2025-12-31,2025-26,Pre-ASG
1610612743,8,0022500468,11,DEN,Denver Nuggets,2025-12-31,2025-26,Pre-ASG
1610612761,11,0022500468,26,TOR,Toronto Raptors,2025-12-31,2025-26,Pre-ASG
1610612747,12,0022500460,15,LAL,Los Angeles Lakers,2025-12-30,2025-26,Pre-ASG
1610612765,13,0022500460,21,DET,Detroit Pistons,2025-12-30,2025-26,Pre-ASG
1610612746,12,0022500461,10,LAC,LA Clippers,2025-12-30,2025-26,Pre-ASG
1610612758,12,0022500461,14,SAC,Sacramento Kings,2025-12-30,2025-26,Pre-ASG
1610612738,10,0022500459,20,BOS,Boston Celtics,2025-12-30,2025-26,Pre-ASG
1610612762,9,0022500459,13,UTA,Utah Jazz,2025-12-30,2025-26,Pre-ASG
1610612755,9,0022500458,17,PHI,Philadelphia 76ers,2025-12-30,2025-26,Pre-ASG
1610612763,10,0022500458,16,MEM,Memphis Grizzlies,2025-12-30,2025-26,Pre-ASG
1610612741,13,0022500452,27,CHI,Chicago Bulls,2025-12-29,2025-26,Pre-ASG
1610612750,13,0022500452,17,MIN,Minnesota Timberwolves,2025-12-29,2025-26,Pre-ASG
1610612743,13,0022500450,13,DEN,Denver Nuggets,2025-12-29,2025-26,Pre-ASG
1610612748,13,0022500450,12,MIA,Miami Heat,2025-12-29,2025-26,Pre-ASG
1610612756,12,0022500448,12,PHX,Phoenix Suns,2025-12-29,2025-26,Pre-ASG
1610612764,12,0022500448,19,WAS,Washington Wizards,2025-12-29,2025-26,Pre-ASG
1610612753,11,0022500451,21,ORL,Orlando Magic,2025-12-29,2025-26,Pre-ASG
1610612761,11,0022500451,17,TOR,Toronto Raptors,2025-12-29,2025-26,Pre-ASG
1610612742,10,0022500457,22,DAL,Dallas Mavericks,2025-12-29,2025-26,Pre-ASG
1610612757,9,0022500457,22,POR,Portland Trail Blazers,2025-12-29,2025-26,Pre-ASG
1610612737,9,0022500455,12,ATL,Atlanta Hawks,2025-12-29,2025-26,Pre-ASG
1610612760,11,0022500455,17,OKC,Oklahoma City Thunder,2025-12-29,2025-26,Pre-ASG
1610612740,10,0022500454,18,NOP,New Orleans Pelicans,2025-12-29,2025-26,Pre-ASG
1610612752,12,0022500454,20,NYK,New York Knicks,2025-12-29,2025-26,Pre-ASG
1610612749,10,0022500447,12,MIL,Milwaukee Bucks,2025-12-29,2025-26,Pre-ASG
1610612766,11,0022500447,24,CHA,Charlotte Hornets,2025-12-29,2025-26,Pre-ASG
1610612739,10,0022500456,20,CLE,Cleveland Cavaliers,2025-12-29,2025-26,Pre-ASG
1610612759,10,0022500456,20,SAS,San Antonio Spurs,2025-12-29,2025-26,Pre-ASG
1610612745,13,0022500453,18,HOU,Houston Rockets,2025-12-29,2025-26,Pre-ASG
1610612754,14,0022500453,24,IND,Indiana Pacers,2025-12-29,2025-26,Pre-ASG
1610612744,13,0022500449,23,GSW,Golden State Warriors,2025-12-29,2025-26,Pre-ASG
1610612751,10,0022500449,15,BKN,Brooklyn Nets,2025-12-29,2025-26,Pre-ASG
1610612738,10,0022500444,16,BOS,Boston Celtics,2025-12-28,2025-26,Pre-ASG
1610612757,9,0022500444,20,POR,Portland Trail Blazers,2025-12-28,2025-26,Pre-ASG
1610612747,13,0022500446,16,LAL,Los Angeles Lakers,2025-12-28,2025-26,Pre-ASG
1610612758,10,0022500446,17,SAC,Sacramento Kings,2025-12-28,2025-26,Pre-ASG
1610612746,9,0022500445,15,LAC,LA Clippers,2025-12-28,2025-26,Pre-ASG
1610612765,12,0022500445,18,DET,Detroit Pistons,2025-12-28,2025-26,Pre-ASG
1610612744,10,0022500441,23,GSW,Golden State Warriors,2025-12-28,2025-26,Pre-ASG
1610612761,12,0022500441,16,TOR,Toronto Raptors,2025-12-28,2025-26,Pre-ASG
1610612755,10,0022500442,18,PHI,Philadelphia 76ers,2025-12-28,2025-26,Pre-ASG
1610612760,13,0022500442,18,OKC,Oklahoma City Thunder,2025-12-28,2025-26,Pre-ASG
1610612763,10,0022500443,23,MEM,Memphis Grizzlies,2025-12-28,2025-26,Pre-ASG
1610612764,11,0022500443,13,WAS,Washington Wizards,2025-12-28,2025-26,Pre-ASG
1610612748,12,0022500436,18,MIA,Miami Heat,2025-12-27,2025-26,Pre-ASG
1610612754,13,0022500436,18,IND,Indiana Pacers,2025-12-27,2025-26,Pre-ASG
1610612750,12,0022500439,15,MIN,Minnesota Timberwolves,2025-12-27,2025-26,Pre-ASG
1610612751,11,0022500439,11,BKN,Brooklyn Nets,2025-12-27,2025-26,Pre-ASG
1610612740,10,0022500434,19,NOP,New Orleans Pelicans,2025-12-27,2025-26,Pre-ASG
1610612756,11,0022500434,14,PHX,Phoenix Suns,2025-12-27,2025-26,Pre-ASG
1610612743,9,0022500433,8,DEN,Denver Nuggets,2025-12-27,2025-26,Pre-ASG
1610612753,11,0022500433,15,ORL,Orlando Magic,2025-12-27,2025-26,Pre-ASG
1610612741,11,0022500437,21,CHI,Chicago Bulls,2025-12-27,2025-26,Pre-ASG
1610612749,9,0022500437,15,MIL,Milwaukee Bucks,2025-12-27,2025-26,Pre-ASG
1610612739,12,0022500438,15,CLE,Cleveland Cavaliers,2025-12-27,2025-26,Pre-ASG
1610612745,13,0022500438,18,HOU,Houston Rockets,2025-12-27,2025-26,Pre-ASG
1610612759,12,0022500440,22,SAS,San Antonio Spurs,2025-12-27,2025-26,Pre-ASG
1610612762,10,0022500440,18,UTA,Utah Jazz,2025-12-27,2025-26,Pre-ASG
1610612742,12,0022500432,17,DAL,Dallas Mavericks,2025-12-27,2025-26,Pre-ASG
1610612758,10,0022500432,12,SAC,Sacramento Kings,2025-12-27,2025-26,Pre-ASG
1610612737,10,0022500435,16,ATL,Atlanta Hawks,2025-12-27,2025-26,Pre-ASG
1610612752,9,0022500435,17,NYK,New York Knicks,2025-12-27,2025-26,Pre-ASG
1610612749,13,0022500428,16,MIL,Milwaukee Bucks,2025-12-26,2025-26,Pre-ASG
1610612763,10,0022500428,15,MEM,Memphis Grizzlies,2025-12-26,2025-26,Pre-ASG
1610612737,10,0022500423,15,ATL,Atlanta Hawks,2025-12-26,2025-26,Pre-ASG
1610612748,9,0022500423,12,MIA,Miami Heat,2025-12-26,2025-26,Pre-ASG
1610612740,11,0022500429,21,NOP,New Orleans Pelicans,2025-12-26,2025-26,Pre-ASG
1610612756,10,0022500429,19,PHX,Phoenix Suns,2025-12-26,2025-26,Pre-ASG
1610612741,10,0022500427,25,CHI,Chicago Bulls,2025-12-26,2025-26,Pre-ASG
1610612755,11,0022500427,18,PHI,Philadelphia 76ers,2025-12-26,2025-26,Pre-ASG
1610612738,10,0022500426,18,BOS,Boston Celtics,2025-12-26,2025-26,Pre-ASG
1610612754,13,0022500426,19,IND,Indiana Pacers,2025-12-26,2025-26,Pre-ASG
1610612762,11,0022500430,17,UTA,Utah Jazz,2025-12-26,2025-26,Pre-ASG
1610612765,12,0022500430,23,DET,Detroit Pistons,2025-12-26,2025-26,Pre-ASG
1610612761,12,0022500425,18,TOR,Toronto Raptors,2025-12-26,2025-26,Pre-ASG
1610612764,14,0022500425,16,WAS,Washington Wizards,2025-12-26,2025-26,Pre-ASG
1610612746,11,0022500431,14,LAC,LA Clippers,2025-12-26,2025-26,Pre-ASG
1610612757,10,0022500431,20,POR,Portland Trail Blazers,2025-12-26,2025-26,Pre-ASG
1610612753,12,0022500424,20,ORL,Orlando Magic,2025-12-26,2025-26,Pre-ASG
1610612766,12,0022500424,25,CHA,Charlotte Hornets,2025-12-26,2025-26,Pre-ASG
1610612745,14,0022500012,18,HOU,Houston Rockets,2025-12-25,2025-26,Pre-ASG
1610612747,12,0022500012,14,LAL,Los Angeles Lakers,2025-12-25,2025-26,Pre-ASG
1610612742,10,0022500011,20,DAL,Dallas Mavericks,2025-12-25,2025-26,Pre-ASG
1610612744,11,0022500011,17,GSW,Golden State Warriors,2025-12-25,2025-26,Pre-ASG
1610612743,9,0022500013,11,DEN,Denver Nuggets,2025-12-25,2025-26,Pre-ASG
1610612750,11,0022500013,17,MIN,Minnesota Timberwolves,2025-12-25,2025-26,Pre-ASG
1610612739,10,0022500009,15,CLE,Cleveland Cavaliers,2025-12-25,2025-26,Pre-ASG
1610612752,10,0022500009,17,NYK,New York Knicks,2025-12-25,2025-26,Pre-ASG
1610612759,14,0022500010,16,SAS,San Antonio Spurs,2025-12-25,2025-26,Pre-ASG
1610612760,13,0022500010,18,OKC,Oklahoma City Thunder,2025-12-25,2025-26,Pre-ASG
1610612737,9,0022500411,16,ATL,Atlanta Hawks,2025-12-23,2025-26,Pre-ASG
1610612741,11,0022500411,24,CHI,Chicago Bulls,2025-12-23,2025-26,Pre-ASG
1610612739,11,0022500412,12,CLE,Cleveland Cavaliers,2025-12-23,2025-26,Pre-ASG
1610612740,11,0022500412,19,NOP,New Orleans Pelicans,2025-12-23,2025-26,Pre-ASG
1610612748,11,0022500414,15,MIA,Miami Heat,2025-12-23,2025-26,Pre-ASG
1610612761,10,0022500414,18,TOR,Toronto Raptors,2025-12-23,2025-26,Pre-ASG
1610612750,9,0022500416,16,MIN,Minnesota Timberwolves,2025-12-23,2025-26,Pre-ASG
1610612752,11,0022500416,19,NYK,New York Knicks,2025-12-23,2025-26,Pre-ASG
1610612745,13,0022500422,17,HOU,Houston Rockets,2025-12-23,2025-26,Pre-ASG
1610612746,12,0022500422,14,LAC,LA Clippers,2025-12-23,2025-26,Pre-ASG
1610612747,13,0022500418,19,LAL,Los Angeles Lakers,2025-12-23,2025-26,Pre-ASG
1610612756,12,0022500418,11,PHX,Phoenix Suns,2025-12-23,2025-26,Pre-ASG
1610612753,10,0022500420,19,ORL,Orlando Magic,2025-12-23,2025-26,Pre-ASG
1610612757,10,0022500420,18,POR,Portland Trail Blazers,2025-12-23,2025-26,Pre-ASG
1610612742,9,0022500415,15,DAL,Dallas Mavericks,2025-12-23,2025-26,Pre-ASG
1610612743,11,0022500415,16,DEN,Denver Nuggets,2025-12-23,2025-26,Pre-ASG
1610612762,10,0022500419,20,UTA,Utah Jazz,2025-12-23,2025-26,Pre-ASG
1610612763,11,0022500419,11,MEM,Memphis Grizzlies,2025-12-23,2025-26,Pre-ASG
1610612759,14,0022500417,20,SAS,San Antonio Spurs,2025-12-23,2025-26,Pre-ASG
1610612760,13,0022500417,22,OKC,Oklahoma City Thunder,2025-12-23,2025-26,Pre-ASG
1610612751,10,0022500410,12,BKN,Brooklyn Nets,2025-12-23,2025-26,Pre-ASG
1610612755,12,0022500410,18,PHI,Philadelphia 76ers,2025-12-23,2025-26,Pre-ASG
1610612749,13,0022500413,21,MIL,Milwaukee Bucks,2025-12-23,2025-26,Pre-ASG
1610612754,14,0022500413,21,IND,Indiana Pacers,2025-12-23,2025-26,Pre-ASG
1610612758,10,0022500421,22,SAC,Sacramento Kings,2025-12-23,2025-26,Pre-ASG
1610612765,9,0022500421,18,DET,Detroit Pistons,2025-12-23,2025-26,Pre-ASG
1610612764,15,0022500409,16,WAS,Washington Wizards,2025-12-23,2025-26,Pre-ASG
1610612766,12,0022500409,19,CHA,Charlotte Hornets,2025-12-23,2025-26,Pre-ASG
1610612743,12,0022500405,15,DEN,Denver Nuggets,2025-12-22,2025-26,Pre-ASG
1610612762,11,0022500405,14,UTA,Utah Jazz,2025-12-22,2025-26,Pre-ASG
1610612738,10,0022500403,16,BOS,Boston Celtics,2025-12-22,2025-26,Pre-ASG
1610612754,13,0022500403,19,IND,Indiana Pacers,2025-12-22,2025-26,Pre-ASG
1610612760,10,0022500406,18,OKC,Oklahoma City Thunder,2025-12-22,2025-26,Pre-ASG
1610612763,11,0022500406,16,MEM,Memphis Grizzlies,2025-12-22,2025-26,Pre-ASG
1610612740,10,0022500404,15,NOP,New Orleans Pelicans,2025-12-22,2025-26,Pre-ASG
1610612742,10,0022500404,20,DAL,Dallas Mavericks,2025-12-22,2025-26,Pre-ASG
1610612757,10,0022500408,18,POR,Portland Trail Blazers,2025-12-22,2025-26,Pre-ASG
1610612765,11,0022500408,22,DET,Detroit Pistons,2025-12-22,2025-26,Pre-ASG
1610612739,12,0022500402,19,CLE,Cleveland Cavaliers,2025-12-22,2025-26,Pre-ASG
1610612766,12,0022500402,20,CHA,Charlotte Hornets,2025-12-22,2025-26,Pre-ASG
1610612744,13,0022500407,22,GSW,Golden State Warriors,2025-12-22,2025-26,Pre-ASG
1610612753,11,0022500407,15,ORL,Orlando Magic,2025-12-22,2025-26,Pre-ASG
1610612759,10,0022500399,21,SAS,San Antonio Spurs,2025-12-21,2025-26,Pre-ASG
1610612764,10,0022500399,18,WAS,Washington Wizards,2025-12-21,2025-26,Pre-ASG
1610612737,10,0022500396,16,ATL,Atlanta Hawks,2025-12-21,2025-26,Pre-ASG
1610612741,11,0022500396,23,CHI,Chicago Bulls,2025-12-21,2025-26,Pre-ASG
1610612748,9,0022500398,14,MIA,Miami Heat,2025-12-21,2025-26,Pre-ASG
1610612752,9,0022500398,12,NYK,New York Knicks,2025-12-21,2025-26,Pre-ASG
1610612751,10,0022500397,13,BKN,Brooklyn Nets,2025-12-21,2025-26,Pre-ASG
1610612761,12,0022500397,23,TOR,Toronto Raptors,2025-12-21,2025-26,Pre-ASG
1610612749,9,0022500400,14,MIL,Milwaukee Bucks,2025-12-21,2025-26,Pre-ASG
1610612750,10,0022500400,17,MIN,Minnesota Timberwolves,2025-12-21,2025-26,Pre-ASG
1610612745,8,0022500401,17,HOU,Houston Rockets,2025-12-21,2025-26,Pre-ASG
1610612758,10,0022500401,17,SAC,Sacramento Kings,2025-12-21,2025-26,Pre-ASG
1610612738,10,0022500388,15,BOS,Boston Celtics,2025-12-20,2025-26,Pre-ASG
1610612761,11,0022500388,18,TOR,Toronto Raptors,2025-12-20,2025-26,Pre-ASG
1610612753,10,0022500393,17,ORL,Orlando Magic,2025-12-20,2025-26,Pre-ASG
1610612762,11,0022500393,19,UTA,Utah Jazz,2025-12-20,2025-26,Pre-ASG
1610612757,10,0022500394,21,POR,Portland Trail Blazers,2025-12-20,2025-26,Pre-ASG
1610612758,10,0022500394,16,SAC,Sacramento Kings,2025-12-20,2025-26,Pre-ASG
1610612742,10,0022500387,20,DAL,Dallas Mavericks,2025-12-20,2025-26,Pre-ASG
1610612755,9,0022500387,12,PHI,Philadelphia 76ers,2025-12-20,2025-26,Pre-ASG
1610612765,13,0022500390,23,DET,Detroit Pistons,2025-12-20,2025-26,Pre-ASG
1610612766,12,0022500390,21,CHA,Charlotte Hornets,2025-12-20,2025-26,Pre-ASG
1610612744,12,0022500392,27,GSW,Golden State Warriors,2025-12-20,2025-26,Pre-ASG
1610612756,9,0022500392,15,PHX,Phoenix Suns,2025-12-20,2025-26,Pre-ASG
1610612763,9,0022500391,15,MEM,Memphis Grizzlies,2025-12-20,2025-26,Pre-ASG
1610612764,10,0022500391,22,WAS,Washington Wizards,2025-12-20,2025-26,Pre-ASG
1610612743,11,0022500386,14,DEN,Denver Nuggets,2025-12-20,2025-26,Pre-ASG
1610612745,9,0022500386,19,HOU,Houston Rockets,2025-12-20,2025-26,Pre-ASG
1610612746,11,0022500395,16,LAC,LA Clippers,2025-12-20,2025-26,Pre-ASG
1610612747,10,0022500395,19,LAL,Los Angeles Lakers,2025-12-20,2025-26,Pre-ASG
1610612740,12,0022500389,27,NOP,New Orleans Pelicans,2025-12-20,2025-26,Pre-ASG
1610612754,12,0022500389,23,IND,Indiana Pacers,2025-12-20,2025-26,Pre-ASG
1610612750,9,0022500385,15,MIN,Minnesota Timberwolves,2025-12-19,2025-26,Pre-ASG
1610612760,10,0022500385,19,OKC,Oklahoma City Thunder,2025-12-19,2025-26,Pre-ASG
1610612737,10,0022500383,17,ATL,Atlanta Hawks,2025-12-19,2025-26,Pre-ASG
1610612759,14,0022500383,18,SAS,San Antonio Spurs,2025-12-19,2025-26,Pre-ASG
1610612739,10,0022500384,16,CLE,Cleveland Cavaliers,2025-12-19,2025-26,Pre-ASG
1610612741,11,0022500384,17,CHI,Chicago Bulls,2025-12-19,2025-26,Pre-ASG
1610612738,10,0022500381,14,BOS,Boston Celtics,2025-12-19,2025-26,Pre-ASG
1610612748,10,0022500381,13,MIA,Miami Heat,2025-12-19,2025-26,Pre-ASG
1610612752,10,0022500382,16,NYK,New York Knicks,2025-12-19,2025-26,Pre-ASG
1610612755,10,0022500382,15,PHI,Philadelphia 76ers,2025-12-19,2025-26,Pre-ASG
1610612742,10,0022500376,16,DAL,Dallas Mavericks,2025-12-18,2025-26,Pre-ASG
1610612765,13,0022500376,28,DET,Detroit Pistons,2025-12-18,2025-26,Pre-ASG
1610612743,10,0022500377,16,DEN,Denver Nuggets,2025-12-18,2025-26,Pre-ASG
1610612753,9,0022500377,12,ORL,Orlando Magic,2025-12-18,2025-26,Pre-ASG
1610612748,9,0022500373,13,MIA,Miami Heat,2025-12-18,2025-26,Pre-ASG
1610612751,11,0022500373,11,BKN,Brooklyn Nets,2025-12-18,2025-26,Pre-ASG
1610612746,11,0022500369,16,LAC,LA Clippers,2025-12-18,2025-26,Pre-ASG
1610612760,10,0022500369,14,OKC,Oklahoma City Thunder,2025-12-18,2025-26,Pre-ASG
1610612747,11,0022500379,20,LAL,Los Angeles Lakers,2025-12-18,2025-26,Pre-ASG
1610612762,10,0022500379,19,UTA,Utah Jazz,2025-12-18,2025-26,Pre-ASG
1610612752,11,0022500372,22,NYK,New York Knicks,2025-12-18,2025-26,Pre-ASG
1610612754,12,0022500372,18,IND,Indiana Pacers,2025-12-18,2025-26,Pre-ASG
1610612759,14,0022500370,21,SAS,San Antonio Spurs,2025-12-18,2025-26,Pre-ASG
1610612764,13,0022500370,21,WAS,Washington Wizards,2025-12-18,2025-26,Pre-ASG
1610612749,8,0022500374,14,MIL,Milwaukee Bucks,2025-12-18,2025-26,Pre-ASG
1610612761,10,0022500374,19,TOR,Toronto Raptors,2025-12-18,2025-26,Pre-ASG
1610612737,10,0022500371,18,ATL,Atlanta Hawks,2025-12-18,2025-26,Pre-ASG
1610612766,11,0022500371,21,CHA,Charlotte Hornets,2025-12-18,2025-26,Pre-ASG
1610612757,11,0022500380,22,POR,Portland Trail Blazers,2025-12-18,2025-26,Pre-ASG
1610612758,10,0022500380,12,SAC,Sacramento Kings,2025-12-18,2025-26,Pre-ASG
1610612744,12,0022500378,23,GSW,Golden State Warriors,2025-12-18,2025-26,Pre-ASG
1610612756,9,0022500378,16,PHX,Phoenix Suns,2025-12-18,2025-26,Pre-ASG
1610612740,11,0022500375,21,NOP,New Orleans Pelicans,2025-12-18,2025-26,Pre-ASG
1610612745,9,0022500375,21,HOU,Houston Rockets,2025-12-18,2025-26,Pre-ASG
1610612739,11,0022500367,14,CLE,Cleveland Cavaliers,2025-12-17,2025-26,Pre-ASG
1610612741,11,0022500367,24,CHI,Chicago Bulls,2025-12-17,2025-26,Pre-ASG
1610612750,9,0022500368,16,MIN,Minnesota Timberwolves,2025-12-17,2025-26,Pre-ASG
1610612763,10,0022500368,16,MEM,Memphis Grizzlies,2025-12-17,2025-26,Pre-ASG
1610612743,9,0022501225,14,DEN,Denver Nuggets,2025-12-15,2025-26,Pre-ASG
1610612745,9,0022501225,17,HOU,Houston Rockets,2025-12-15,2025-26,Pre-ASG
1610612742,10,0022501224,29,DAL,Dallas Mavericks,2025-12-15,2025-26,Pre-ASG
1610612762,10,0022501224,18,UTA,Utah Jazz,2025-12-15,2025-26,Pre-ASG
1610612746,11,0022501226,13,LAC,LA Clippers,2025-12-15,2025-26,Pre-ASG
1610612763,11,0022501226,13,MEM,Memphis Grizzlies,2025-12-15,2025-26,Pre-ASG
1610612748,10,0022501227,11,MIA,Miami Heat,2025-12-15,2025-26,Pre-ASG
1610612761,10,0022501227,15,TOR,Toronto Raptors,2025-12-15,2025-26,Pre-ASG
1610612738,10,0022501222,19,BOS,Boston Celtics,2025-12-15,2025-26,Pre-ASG
1610612765,11,0022501222,20,DET,Detroit Pistons,2025-12-15,2025-26,Pre-ASG
1610612749,12,0022501219,17,MIL,Milwaukee Bucks,2025-12-14,2025-26,Pre-ASG
1610612751,12,0022501219,12,BKN,Brooklyn Nets,2025-12-14,2025-26,Pre-ASG
1610612754,11,0022501216,14,IND,Indiana Pacers,2025-12-14,2025-26,Pre-ASG
1610612764,9,0022501216,16,WAS,Washington Wizards,2025-12-14,2025-26,Pre-ASG
1610612740,11,0022501223,15,NOP,New Orleans Pelicans,2025-12-14,2025-26,Pre-ASG
1610612741,11,0022501223,26,CHI,Chicago Bulls,2025-12-14,2025-26,Pre-ASG
1610612750,9,0022501220,14,MIN,Minnesota Timberwolves,2025-12-14,2025-26,Pre-ASG
1610612758,9,0022501220,15,SAC,Sacramento Kings,2025-12-14,2025-26,Pre-ASG
1610612744,11,0022501221,23,GSW,Golden State Warriors,2025-12-14,2025-26,Pre-ASG
1610612757,10,0022501221,21,POR,Portland Trail Blazers,2025-12-14,2025-26,Pre-ASG
1610612737,10,0022501217,14,ATL,Atlanta Hawks,2025-12-14,2025-26,Pre-ASG
1610612755,10,0022501217,17,PHI,Philadelphia 76ers,2025-12-14,2025-26,Pre-ASG
1610612739,11,0022501218,21,CLE,Cleveland Cavaliers,2025-12-14,2025-26,Pre-ASG
1610612766,11,0022501218,23,CHA,Charlotte Hornets,2025-12-14,2025-26,Pre-ASG
1610612747,9,0022501228,18,LAL,Los Angeles Lakers,2025-12-14,2025-26,Pre-ASG
1610612756,11,0022501228,20,PHX,Phoenix Suns,2025-12-14,2025-26,Pre-ASG
1610612752,9,0022501229,18,NYK,New York Knicks,2025-12-13,2025-26,Pre-ASG
1610612753,11,0022501229,15,ORL,Orlando Magic,2025-12-13,2025-26,Pre-ASG
1610612759,9,0022501230,26,SAS,San Antonio Spurs,2025-12-13,2025-26,Pre-ASG
1610612760,10,0022501230,24,OKC,Oklahoma City Thunder,2025-12-13,2025-26,Pre-ASG
1610612762,10,0022501213,14,UTA,Utah Jazz,2025-12-12,2025-26,Pre-ASG
1610612763,9,0022501213,13,MEM,Memphis Grizzlies,2025-12-12,2025-26,Pre-ASG
1610612739,10,0022501212,23,CLE,Cleveland Cavaliers,2025-12-12,2025-26,Pre-ASG
1610612764,9,0022501212,17,WAS,Washington Wizards,2025-12-12,2025-26,Pre-ASG
1610612741,11,0022501209,26,CHI,Chicago Bulls,2025-12-12,2025-26,Pre-ASG
1610612766,10,0022501209,22,CHA,Charlotte Hornets,2025-12-12,2025-26,Pre-ASG
1610612754,11,0022501211,19,IND,Indiana Pacers,2025-12-12,2025-26,Pre-ASG
1610612755,9,0022501211,14,PHI,Philadelphia 76ers,2025-12-12,2025-26,Pre-ASG
1610612737,10,0022501210,16,ATL,Atlanta Hawks,2025-12-12,2025-26,Pre-ASG
1610612765,13,0022501210,17,DET,Detroit Pistons,2025-12-12,2025-26,Pre-ASG
1610612743,11,0022501208,11,DEN,Denver Nuggets,2025-12-11,2025-26,Pre-ASG
1610612758,11,0022501208,14,SAC,Sacramento Kings,2025-12-11,2025-26,Pre-ASG
1610612738,10,0022501206,17,BOS,Boston Celtics,2025-12-11,2025-26,Pre-ASG
1610612749,13,0022501206,17,MIL,Milwaukee Bucks,2025-12-11,2025-26,Pre-ASG
1610612745,9,0022501205,18,HOU,Houston Rockets,2025-12-11,2025-26,Pre-ASG
1610612746,9,0022501205,13,LAC,LA Clippers,2025-12-11,2025-26,Pre-ASG
1610612740,12,0022501207,17,NOP,New Orleans Pelicans,2025-12-11,2025-26,Pre-ASG
1610612757,10,0022501207,20,POR,Portland Trail Blazers,2025-12-11,2025-26,Pre-ASG
1610612756,13,0022501203,17,PHX,Phoenix Suns,2025-12-10,2025-26,Pre-ASG
1610612760,13,0022501203,15,OKC,Oklahoma City Thunder,2025-12-10,2025-26,Pre-ASG
1610612747,12,0022501204,14,LAL,Los Angeles Lakers,2025-12-10,2025-26,Pre-ASG
1610612759,11,0022501204,21,SAS,San Antonio Spurs,2025-12-10,2025-26,Pre-ASG
1610612748,10,0022501201,12,MIA,Miami Heat,2025-12-09,2025-26,Pre-ASG
1610612753,9,0022501201,12,ORL,Orlando Magic,2025-12-09,2025-26,Pre-ASG
1610612752,13,0022501202,17,NYK,New York Knicks,2025-12-09,2025-26,Pre-ASG
1610612761,14,0022501202,17,TOR,Toronto Raptors,2025-12-09,2025-26,Pre-ASG
1610612740,11,0022500366,19,NOP,New Orleans Pelicans,2025-12-08,2025-26,Pre-ASG
1610612759,11,0022500366,22,SAS,San Antonio Spurs,2025-12-08,2025-26,Pre-ASG
1610612754,10,0022500364,14,IND,Indiana Pacers,2025-12-08,2025-26,Pre-ASG
1610612758,10,0022500364,16,SAC,Sacramento Kings,2025-12-08,2025-26,Pre-ASG
1610612750,11,0022500365,20,MIN,Minnesota Timberwolves,2025-12-08,2025-26,Pre-ASG
1610612756,9,0022500365,17,PHX,Phoenix Suns,2025-12-08,2025-26,Pre-ASG
1610612760,11,0022500363,16,OKC,Oklahoma City Thunder,2025-12-07,2025-26,Pre-ASG
1610612762,11,0022500363,14,UTA,Utah Jazz,2025-12-07,2025-26,Pre-ASG
1610612752,12,0022500357,20,NYK,New York Knicks,2025-12-07,2025-26,Pre-ASG
1610612753,13,0022500357,20,ORL,Orlando Magic,2025-12-07,2025-26,Pre-ASG
1610612757,11,0022500360,17,POR,Portland Trail Blazers,2025-12-07,2025-26,Pre-ASG
1610612763,12,0022500360,15,MEM,Memphis Grizzlies,2025-12-07,2025-26,Pre-ASG
1610612747,10,0022500362,19,LAL,Los Angeles Lakers,2025-12-07,2025-26,Pre-ASG
1610612755,9,0022500362,13,PHI,Philadelphia 76ers,2025-12-07,2025-26,Pre-ASG
1610612741,13,0022500361,19,CHI,Chicago Bulls,2025-12-07,2025-26,Pre-ASG
1610612744,11,0022500361,20,GSW,Golden State Warriors,2025-12-07,2025-26,Pre-ASG
1610612743,9,0022500359,10,DEN,Denver Nuggets,2025-12-07,2025-26,Pre-ASG
1610612766,10,0022500359,19,CHA,Charlotte Hornets,2025-12-07,2025-26,Pre-ASG
1610612738,10,0022500358,17,BOS,Boston Celtics,2025-12-07,2025-26,Pre-ASG
1610612761,12,0022500358,21,TOR,Toronto Raptors,2025-12-07,2025-26,Pre-ASG
1610612737,10,0022500351,14,ATL,Atlanta Hawks,2025-12-06,2025-26,Pre-ASG
1610612764,11,0022500351,12,WAS,Washington Wizards,2025-12-06,2025-26,Pre-ASG
1610612739,10,0022500352,16,CLE,Cleveland Cavaliers,2025-12-06,2025-26,Pre-ASG
1610612744,10,0022500352,15,GSW,Golden State Warriors,2025-12-06,2025-26,Pre-ASG
1610612746,9,0022500355,16,LAC,LA Clippers,2025-12-06,2025-26,Pre-ASG
1610612750,11,0022500355,17,MIN,Minnesota Timberwolves,2025-12-06,2025-26,Pre-ASG
1610612742,12,0022500356,16,DAL,Dallas Mavericks,2025-12-06,2025-26,Pre-ASG
1610612745,11,0022500356,18,HOU,Houston Rockets,2025-12-06,2025-26,Pre-ASG
1610612748,10,0022500354,13,MIA,Miami Heat,2025-12-06,2025-26,Pre-ASG
1610612758,10,0022500354,11,SAC,Sacramento Kings,2025-12-06,2025-26,Pre-ASG
1610612749,13,0022500353,16,MIL,Milwaukee Bucks,2025-12-06,2025-26,Pre-ASG
1610612765,13,0022500353,18,DET,Detroit Pistons,2025-12-06,2025-26,Pre-ASG
1610612740,10,0022500350,16,NOP,New Orleans Pelicans,2025-12-06,2025-26,Pre-ASG
1610612751,11,0022500350,11,BKN,Brooklyn Nets,2025-12-06,2025-26,Pre-ASG
1610612739,11,0022500341,20,CLE,Cleveland Cavaliers,2025-12-05,2025-26,Pre-ASG
1610612759,12,0022500341,21,SAS,San Antonio Spurs,2025-12-05,2025-26,Pre-ASG
1610612752,12,0022500343,21,NYK,New York Knicks,2025-12-05,2025-26,Pre-ASG
1610612762,11,0022500343,14,UTA,Utah Jazz,2025-12-05,2025-26,Pre-ASG
1610612745,11,0022500346,16,HOU,Houston Rockets,2025-12-05,2025-26,Pre-ASG
1610612756,13,0022500346,13,PHX,Phoenix Suns,2025-12-05,2025-26,Pre-ASG
1610612742,12,0022500349,16,DAL,Dallas Mavericks,2025-12-05,2025-26,Pre-ASG
1610612760,12,0022500349,15,OKC,Oklahoma City Thunder,2025-12-05,2025-26,Pre-ASG
1610612741,11,0022500345,20,CHI,Chicago Bulls,2025-12-05,2025-26,Pre-ASG
1610612754,12,0022500345,16,IND,Indiana Pacers,2025-12-05,2025-26,Pre-ASG
1610612737,10,0022500340,14,ATL,Atlanta Hawks,2025-12-05,2025-26,Pre-ASG
1610612743,9,0022500340,11,DEN,Denver Nuggets,2025-12-05,2025-26,Pre-ASG
1610612757,10,0022500342,19,POR,Portland Trail Blazers,2025-12-05,2025-26,Pre-ASG
1610612765,11,0022500342,19,DET,Detroit Pistons,2025-12-05,2025-26,Pre-ASG
1610612748,9,0022500339,14,MIA,Miami Heat,2025-12-05,2025-26,Pre-ASG
1610612753,10,0022500339,14,ORL,Orlando Magic,2025-12-05,2025-26,Pre-ASG
1610612749,14,0022500348,17,MIL,Milwaukee Bucks,2025-12-05,2025-26,Pre-ASG
1610612755,11,0022500348,19,PHI,Philadelphia 76ers,2025-12-05,2025-26,Pre-ASG
1610612761,12,0022500344,27,TOR,Toronto Raptors,2025-12-05,2025-26,Pre-ASG
1610612766,12,0022500344,23,CHA,Charlotte Hornets,2025-12-05,2025-26,Pre-ASG
1610612738,13,0022500338,21,BOS,Boston Celtics,2025-12-05,2025-26,Pre-ASG
1610612747,12,0022500338,18,LAL,Los Angeles Lakers,2025-12-05,2025-26,Pre-ASG
1610612746,9,0022500347,13,LAC,LA Clippers,2025-12-05,2025-26,Pre-ASG
1610612763,10,0022500347,14,MEM,Memphis Grizzlies,2025-12-05,2025-26,Pre-ASG
1610612738,12,0022500334,18,BOS,Boston Celtics,2025-12-04,2025-26,Pre-ASG
1610612764,12,0022500334,18,WAS,Washington Wizards,2025-12-04,2025-26,Pre-ASG
1610612751,11,0022500335,19,BKN,Brooklyn Nets,2025-12-04,2025-26,Pre-ASG
1610612762,11,0022500335,17,UTA,Utah Jazz,2025-12-04,2025-26,Pre-ASG
1610612740,10,0022500337,18,NOP,New Orleans Pelicans,2025-12-04,2025-26,Pre-ASG
1610612750,10,0022500337,16,MIN,Minnesota Timberwolves,2025-12-04,2025-26,Pre-ASG
1610612744,14,0022500333,23,GSW,Golden State Warriors,2025-12-04,2025-26,Pre-ASG
1610612755,10,0022500333,17,PHI,Philadelphia 76ers,2025-12-04,2025-26,Pre-ASG
1610612747,10,0022500336,15,LAL,Los Angeles Lakers,2025-12-04,2025-26,Pre-ASG
1610612761,10,0022500336,14,TOR,Toronto Raptors,2025-12-04,2025-26,Pre-ASG
1610612739,10,0022500324,15,CLE,Cleveland Cavaliers,2025-12-03,2025-26,Pre-ASG
1610612757,10,0022500324,21,POR,Portland Trail Blazers,2025-12-03,2025-26,Pre-ASG
1610612752,12,0022500328,14,NYK,New York Knicks,2025-12-03,2025-26,Pre-ASG
1610612766,11,0022500328,19,CHA,Charlotte Hornets,2025-12-03,2025-26,Pre-ASG
1610612753,11,0022500326,18,ORL,Orlando Magic,2025-12-03,2025-26,Pre-ASG
1610612759,11,0022500326,16,SAS,San Antonio Spurs,2025-12-03,2025-26,Pre-ASG
1610612749,9,0022500331,14,MIL,Milwaukee Bucks,2025-12-03,2025-26,Pre-ASG
1610612765,11,0022500331,27,DET,Detroit Pistons,2025-12-03,2025-26,Pre-ASG
1610612742,11,0022500332,19,DAL,Dallas Mavericks,2025-12-03,2025-26,Pre-ASG
1610612748,10,0022500332,11,MIA,Miami Heat,2025-12-03,2025-26,Pre-ASG
1610612741,11,0022500329,20,CHI,Chicago Bulls,2025-12-03,2025-26,Pre-ASG
1610612751,10,0022500329,17,BKN,Brooklyn Nets,2025-12-03,2025-26,Pre-ASG
1610612743,12,0022500325,14,DEN,Denver Nuggets,2025-12-03,2025-26,Pre-ASG
1610612754,14,0022500325,18,IND,Indiana Pacers,2025-12-03,2025-26,Pre-ASG
1610612737,10,0022500327,17,ATL,Atlanta Hawks,2025-12-03,2025-26,Pre-ASG
1610612746,11,0022500327,16,LAC,LA Clippers,2025-12-03,2025-26,Pre-ASG
1610612745,12,0022500330,16,HOU,Houston Rockets,2025-12-03,2025-26,Pre-ASG
1610612758,10,0022500330,15,SAC,Sacramento Kings,2025-12-03,2025-26,Pre-ASG
1610612757,10,0022500319,17,POR,Portland Trail Blazers,2025-12-02,2025-26,Pre-ASG
1610612761,10,0022500319,22,TOR,Toronto Raptors,2025-12-02,2025-26,Pre-ASG
1610612738,11,0022500320,14,BOS,Boston Celtics,2025-12-02,2025-26,Pre-ASG
1610612752,10,0022500320,15,NYK,New York Knicks,2025-12-02,2025-26,Pre-ASG
1610612755,12,0022500318,17,PHI,Philadelphia 76ers,2025-12-02,2025-26,Pre-ASG
1610612764,11,0022500318,17,WAS,Washington Wizards,2025-12-02,2025-26,Pre-ASG
1610612759,11,0022500322,21,SAS,San Antonio Spurs,2025-12-02,2025-26,Pre-ASG
1610612763,11,0022500322,16,MEM,Memphis Grizzlies,2025-12-02,2025-26,Pre-ASG
1610612744,11,0022500323,24,GSW,Golden State Warriors,2025-12-02,2025-26,Pre-ASG
1610612760,10,0022500323,16,OKC,Oklahoma City Thunder,2025-12-02,2025-26,Pre-ASG
1610612740,10,0022500321,16,NOP,New Orleans Pelicans,2025-12-02,2025-26,Pre-ASG
1610612750,10,0022500321,14,MIN,Minnesota Timberwolves,2025-12-02,2025-26,Pre-ASG
1610612745,9,0022500316,18,HOU,Houston Rockets,2025-12-01,2025-26,Pre-ASG
1610612762,10,0022500316,17,UTA,Utah Jazz,2025-12-01,2025-26,Pre-ASG
1610612742,10,0022500315,12,DAL,Dallas Mavericks,2025-12-01,2025-26,Pre-ASG
1610612743,9,0022500315,9,DEN,Denver Nuggets,2025-12-01,2025-26,Pre-ASG
1610612739,11,0022500310,22,CLE,Cleveland Cavaliers,2025-12-01,2025-26,Pre-ASG
1610612754,13,0022500310,21,IND,Indiana Pacers,2025-12-01,2025-26,Pre-ASG
1610612741,9,0022500314,4,CHI,Chicago Bulls,2025-12-01,2025-26,Pre-ASG
1610612753,7,0022500314,3,ORL,Orlando Magic,2025-12-01,2025-26,Pre-ASG
1610612749,10,0022500311,14,MIL,Milwaukee Bucks,2025-12-01,2025-26,Pre-ASG
1610612764,9,0022500311,10,WAS,Washington Wizards,2025-12-01,2025-26,Pre-ASG
1610612746,12,0022500313,20,LAC,LA Clippers,2025-12-01,2025-26,Pre-ASG
1610612748,13,0022500313,11,MIA,Miami Heat,2025-12-01,2025-26,Pre-ASG
1610612751,10,0022500312,14,BKN,Brooklyn Nets,2025-12-01,2025-26,Pre-ASG
1610612766,10,0022500312,21,CHA,Charlotte Hornets,2025-12-01,2025-26,Pre-ASG
1610612747,13,0022500317,13,LAL,Los Angeles Lakers,2025-12-01,2025-26,Pre-ASG
1610612756,12,0022500317,17,PHX,Phoenix Suns,2025-12-01,2025-26,Pre-ASG
1610612737,9,0022500309,13,ATL,Atlanta Hawks,2025-12-01,2025-26,Pre-ASG
1610612765,10,0022500309,21,DET,Detroit Pistons,2025-12-01,2025-26,Pre-ASG
1610612758,10,0022500307,15,SAC,Sacramento Kings,2025-11-30,2025-26,Pre-ASG
1610612763,10,0022500307,15,MEM,Memphis Grizzlies,2025-11-30,2025-26,Pre-ASG
1610612737,10,0022500304,15,ATL,Atlanta Hawks,2025-11-30,2025-26,Pre-ASG
1610612755,10,0022500304,19,PHI,Philadelphia 76ers,2025-11-30,2025-26,Pre-ASG
1610612757,11,0022500305,23,POR,Portland Trail Blazers,2025-11-30,2025-26,Pre-ASG
1610612760,10,0022500305,15,OKC,Oklahoma City Thunder,2025-11-30,2025-26,Pre-ASG
1610612750,13,0022500306,17,MIN,Minnesota Timberwolves,2025-11-30,2025-26,Pre-ASG
1610612759,13,0022500306,21,SAS,San Antonio Spurs,2025-11-30,2025-26,Pre-ASG
1610612761,10,0022500294,20,TOR,Toronto Raptors,2025-11-29,2025-26,Pre-ASG
1610612766,10,0022500294,22,CHA,Charlotte Hornets,2025-11-29,2025-26,Pre-ASG
1610612749,14,0022500297,15,MIL,Milwaukee Bucks,2025-11-29,2025-26,Pre-ASG
1610612751,12,0022500297,15,BKN,Brooklyn Nets,2025-11-29,2025-26,Pre-ASG
1610612741,10,0022500295,20,CHI,Chicago Bulls,2025-11-29,2025-26,Pre-ASG
1610612754,10,0022500295,19,IND,Indiana Pacers,2025-11-29,2025-26,Pre-ASG
1610612738,10,0022500293,17,BOS,Boston Celtics,2025-11-29,2025-26,Pre-ASG
1610612750,10,0022500293,23,MIN,Minnesota Timberwolves,2025-11-29,2025-26,Pre-ASG
1610612754,12,0022500073,21,IND,Indiana Pacers,2025-11-28,2025-26,Pre-ASG
1610612764,13,0022500073,13,WAS,Washington Wizards,2025-11-28,2025-26,Pre-ASG
1610612737,9,0022500069,14,ATL,Atlanta Hawks,2025-11-28,2025-26,Pre-ASG
1610612739,10,0022500069,18,CLE,Cleveland Cavaliers,2025-11-28,2025-26,Pre-ASG
1610612746,9,0022500079,14,LAC,LA Clippers,2025-11-28,2025-26,Pre-ASG
1610612763,10,0022500079,17,MEM,Memphis Grizzlies,2025-11-28,2025-26,Pre-ASG
1610612751,10,0022500070,14,BKN,Brooklyn Nets,2025-11-28,2025-26,Pre-ASG
1610612755,11,0022500070,17,PHI,Philadelphia 76ers,2025-11-28,2025-26,Pre-ASG
1610612741,11,0022500071,16,CHI,Chicago Bulls,2025-11-28,2025-26,Pre-ASG
1610612766,10,0022500071,22,CHA,Charlotte Hornets,2025-11-28,2025-26,Pre-ASG
1610612749,9,0022500074,12,MIL,Milwaukee Bucks,2025-11-28,2025-26,Pre-ASG
1610612752,9,0022500074,16,NYK,New York Knicks,2025-11-28,2025-26,Pre-ASG
1610612743,9,0022500076,15,DEN,Denver Nuggets,2025-11-28,2025-26,Pre-ASG
1610612759,11,0022500076,19,SAS,San Antonio Spurs,2025-11-28,2025-26,Pre-ASG
1610612742,12,0022500078,13,DAL,Dallas Mavericks,2025-11-28,2025-26,Pre-ASG
1610612747,9,0022500078,12,LAL,Los Angeles Lakers,2025-11-28,2025-26,Pre-ASG
1610612753,9,0022500072,13,ORL,Orlando Magic,2025-11-28,2025-26,Pre-ASG
1610612765,12,0022500072,23,DET,Detroit Pistons,2025-11-28,2025-26,Pre-ASG
1610612754,10,0022500063,18,IND,Indiana Pacers,2025-11-26,2025-26,Pre-ASG
1610612761,11,0022500063,17,TOR,Toronto Raptors,2025-11-26,2025-26,Pre-ASG
1610612740,10,0022500065,21,NOP,New Orleans Pelicans,2025-11-26,2025-26,Pre-ASG
1610612763,10,0022500065,16,MEM,Memphis Grizzlies,2025-11-26,2025-26,Pre-ASG
1610612756,10,0022500068,14,PHX,Phoenix Suns,2025-11-26,2025-26,Pre-ASG
1610612758,10,0022500068,15,SAC,Sacramento Kings,2025-11-26,2025-26,Pre-ASG
1610612744,11,0022500066,22,GSW,Golden State Warriors,2025-11-26,2025-26,Pre-ASG
1610612745,9,0022500066,15,HOU,Houston Rockets,2025-11-26,2025-26,Pre-ASG
1610612752,12,0022500061,16,NYK,New York Knicks,2025-11-26,2025-26,Pre-ASG
1610612766,10,0022500061,21,CHA,Charlotte Hornets,2025-11-26,2025-26,Pre-ASG
1610612738,11,0022500060,25,BOS,Boston Celtics,2025-11-26,2025-26,Pre-ASG
1610612765,11,0022500060,24,DET,Detroit Pistons,2025-11-26,2025-26,Pre-ASG
1610612748,10,0022500062,11,MIA,Miami Heat,2025-11-26,2025-26,Pre-ASG
1610612749,9,0022500062,9,MIL,Milwaukee Bucks,2025-11-26,2025-26,Pre-ASG
1610612750,10,0022500064,20,MIN,Minnesota Timberwolves,2025-11-26,2025-26,Pre-ASG
1610612760,10,0022500064,18,OKC,Oklahoma City Thunder,2025-11-26,2025-26,Pre-ASG
1610612757,12,0022500067,23,POR,Portland Trail Blazers,2025-11-26,2025-26,Pre-ASG
1610612759,11,0022500067,20,SAS,San Antonio Spurs,2025-11-26,2025-26,Pre-ASG
1610612753,13,0022500058,16,ORL,Orlando Magic,2025-11-25,2025-26,Pre-ASG
1610612755,11,0022500058,18,PHI,Philadelphia 76ers,2025-11-25,2025-26,Pre-ASG
1610612746,12,0022500059,14,LAC,LA Clippers,2025-11-25,2025-26,Pre-ASG
1610612747,13,0022500059,19,LAL,Los Angeles Lakers,2025-11-25,2025-26,Pre-ASG
1610612737,12,0022500057,10,ATL,Atlanta Hawks,2025-11-25,2025-26,Pre-ASG
1610612764,13,0022500057,22,WAS,Washington Wizards,2025-11-25,2025-26,Pre-ASG
1610612749,14,0022500288,19,MIL,Milwaukee Bucks,2025-11-24,2025-26,Pre-ASG
1610612757,11,0022500288,18,POR,Portland Trail Blazers,2025-11-24,2025-26,Pre-ASG
1610612740,9,0022500289,21,NOP,New Orleans Pelicans,2025-11-24,2025-26,Pre-ASG
1610612741,10,0022500289,23,CHI,Chicago Bulls,2025-11-24,2025-26,Pre-ASG
1610612751,11,0022500285,13,BKN,Brooklyn Nets,2025-11-24,2025-26,Pre-ASG
1610612752,13,0022500285,20,NYK,New York Knicks,2025-11-24,2025-26,Pre-ASG
1610612739,10,0022500284,14,CLE,Cleveland Cavaliers,2025-11-24,2025-26,Pre-ASG
1610612761,11,0022500284,18,TOR,Toronto Raptors,2025-11-24,2025-26,Pre-ASG
1610612744,11,0022500291,19,GSW,Golden State Warriors,2025-11-24,2025-26,Pre-ASG
1610612762,10,0022500291,13,UTA,Utah Jazz,2025-11-24,2025-26,Pre-ASG
1610612745,11,0022500290,17,HOU,Houston Rockets,2025-11-24,2025-26,Pre-ASG
1610612756,12,0022500290,17,PHX,Phoenix Suns,2025-11-24,2025-26,Pre-ASG
1610612750,10,0022500292,14,MIN,Minnesota Timberwolves,2025-11-24,2025-26,Pre-ASG
1610612758,11,0022500292,18,SAC,Sacramento Kings,2025-11-24,2025-26,Pre-ASG
1610612743,9,0022500287,9,DEN,Denver Nuggets,2025-11-24,2025-26,Pre-ASG
1610612763,10,0022500287,17,MEM,Memphis Grizzlies,2025-11-24,2025-26,Pre-ASG
1610612754,11,0022500283,18,IND,Indiana Pacers,2025-11-24,2025-26,Pre-ASG
1610612765,11,0022500283,17,DET,Detroit Pistons,2025-11-24,2025-26,Pre-ASG
1610612742,13,0022500286,23,DAL,Dallas Mavericks,2025-11-24,2025-26,Pre-ASG
1610612748,9,0022500286,12,MIA,Miami Heat,2025-11-24,2025-26,Pre-ASG
1610612747,10,0022500282,21,LAL,Los Angeles Lakers,2025-11-23,2025-26,Pre-ASG
1610612762,11,0022500282,21,UTA,Utah Jazz,2025-11-23,2025-26,Pre-ASG
1610612737,9,0022500276,12,ATL,Atlanta Hawks,2025-11-23,2025-26,Pre-ASG
1610612766,10,0022500276,15,CHA,Charlotte Hornets,2025-11-23,2025-26,Pre-ASG
1610612738,11,0022500277,16,BOS,Boston Celtics,2025-11-23,2025-26,Pre-ASG
1610612753,11,0022500277,18,ORL,Orlando Magic,2025-11-23,2025-26,Pre-ASG
1610612756,9,0022500281,13,PHX,Phoenix Suns,2025-11-23,2025-26,Pre-ASG
1610612759,10,0022500281,16,SAS,San Antonio Spurs,2025-11-23,2025-26,Pre-ASG
1610612751,10,0022500279,18,BKN,Brooklyn Nets,2025-11-23,2025-26,Pre-ASG
1610612761,10,0022500279,23,TOR,Toronto Raptors,2025-11-23,2025-26,Pre-ASG
1610612743,9,0022500274,17,DEN,Denver Nuggets,2025-11-22,2025-26,Pre-ASG
1610612758,10,0022500274,19,SAC,Sacramento Kings,2025-11-22,2025-26,Pre-ASG
1610612746,12,0022500268,13,LAC,LA Clippers,2025-11-22,2025-26,Pre-ASG
1610612766,12,0022500268,22,CHA,Charlotte Hornets,2025-11-22,2025-26,Pre-ASG
1610612740,10,0022500052,19,NOP,New Orleans Pelicans,2025-11-21,2025-26,Pre-ASG
1610612742,11,0022500052,18,DAL,Dallas Mavericks,2025-11-21,2025-26,Pre-ASG
1610612744,11,0022500056,20,GSW,Golden State Warriors,2025-11-21,2025-26,Pre-ASG
1610612757,11,0022500056,17,POR,Portland Trail Blazers,2025-11-21,2025-26,Pre-ASG
1610612760,12,0022500055,17,OKC,Oklahoma City Thunder,2025-11-21,2025-26,Pre-ASG
1610612762,12,0022500055,14,UTA,Utah Jazz,2025-11-21,2025-26,Pre-ASG
1610612749,9,0022500266,15,MIL,Milwaukee Bucks,2025-11-20,2025-26,Pre-ASG
1610612755,10,0022500266,17,PHI,Philadelphia 76ers,2025-11-20,2025-26,Pre-ASG
1610612746,13,0022500264,16,LAC,LA Clippers,2025-11-20,2025-26,Pre-ASG
1610612753,12,0022500264,12,ORL,Orlando Magic,2025-11-20,2025-26,Pre-ASG
1610612754,10,0022500256,17,IND,Indiana Pacers,2025-11-19,2025-26,Pre-ASG
1610612766,10,0022500256,19,CHA,Charlotte Hornets,2025-11-19,2025-26,Pre-ASG
1610612740,11,0022500260,22,NOP,New Orleans Pelicans,2025-11-19,2025-26,Pre-ASG
1610612743,9,0022500260,17,DEN,Denver Nuggets,2025-11-19,2025-26,Pre-ASG
1610612755,9,0022500258,14,PHI,Philadelphia 76ers,2025-11-19,2025-26,Pre-ASG
1610612761,10,0022500258,19,TOR,Toronto Raptors,2025-11-19,2025-26,Pre-ASG
1610612739,10,0022500255,18,CLE,Cleveland Cavaliers,2025-11-19,2025-26,Pre-ASG
1610612745,10,0022500255,16,HOU,Houston Rockets,2025-11-19,2025-26,Pre-ASG
1610612744,10,0022500249,21,GSW,Golden State Warriors,2025-11-18,2025-26,Pre-ASG
1610612753,10,0022500249,12,ORL,Orlando Magic,2025-11-18,2025-26,Pre-ASG
1610612738,11,0022500250,19,BOS,Boston Celtics,2025-11-18,2025-26,Pre-ASG
1610612751,12,0022500250,17,BKN,Brooklyn Nets,2025-11-18,2025-26,Pre-ASG
1610612739,10,0022500241,17,CLE,Cleveland Cavaliers,2025-11-17,2025-26,Pre-ASG
1610612749,10,0022500241,13,MIL,Milwaukee Bucks,2025-11-17,2025-26,Pre-ASG
1610612742,12,0022500246,22,DAL,Dallas Mavericks,2025-11-17,2025-26,Pre-ASG
1610612750,14,0022500246,19,MIN,Minnesota Timberwolves,2025-11-17,2025-26,Pre-ASG
1610612737,10,0022500239,18,ATL,Atlanta Hawks,2025-11-16,2025-26,Pre-ASG
1610612756,10,0022500239,17,PHX,Phoenix Suns,2025-11-16,2025-26,Pre-ASG
1610612745,13,0022500042,18,HOU,Houston Rockets,2025-11-14,2025-26,Pre-ASG
1610612757,12,0022500042,16,POR,Portland Trail Blazers,2025-11-14,2025-26,Pre-ASG
1610612749,13,0022500043,16,MIL,Milwaukee Bucks,2025-11-14,2025-26,Pre-ASG
1610612766,10,0022500043,18,CHA,Charlotte Hornets,2025-11-14,2025-26,Pre-ASG
1610612750,13,0022500044,21,MIN,Minnesota Timberwolves,2025-11-14,2025-26,Pre-ASG
1610612758,10,0022500044,15,SAC,Sacramento Kings,2025-11-14,2025-26,Pre-ASG
1610612751,9,0022500040,13,BKN,Brooklyn Nets,2025-11-14,2025-26,Pre-ASG
1610612753,11,0022500040,18,ORL,Orlando Magic,2025-11-14,2025-26,Pre-ASG
1610612744,10,0022500047,21,GSW,Golden State Warriors,2025-11-14,2025-26,Pre-ASG
1610612759,9,0022500047,15,SAS,San Antonio Spurs,2025-11-14,2025-26,Pre-ASG
1610612740,11,0022500045,13,NOP,New Orleans Pelicans,2025-11-14,2025-26,Pre-ASG
1610612747,9,0022500045,10,LAL,Los Angeles Lakers,2025-11-14,2025-26,Pre-ASG
1610612754,13,0022500226,18,IND,Indiana Pacers,2025-11-13,2025-26,Pre-ASG
1610612756,13,0022500226,21,PHX,Phoenix Suns,2025-11-13,2025-26,Pre-ASG
1610612737,10,0022500227,14,ATL,Atlanta Hawks,2025-11-13,2025-26,Pre-ASG
1610612762,10,0022500227,15,UTA,Utah Jazz,2025-11-13,2025-26,Pre-ASG
1610612739,12,0022500225,22,CLE,Cleveland Cavaliers,2025-11-13,2025-26,Pre-ASG
1610612761,11,0022500225,22,TOR,Toronto Raptors,2025-11-13,2025-26,Pre-ASG
1610612749,14,0022500213,15,MIL,Milwaukee Bucks,2025-11-12,2025-26,Pre-ASG
1610612766,11,0022500213,17,CHA,Charlotte Hornets,2025-11-12,2025-26,Pre-ASG
1610612740,11,0022500219,14,NOP,New Orleans Pelicans,2025-11-12,2025-26,Pre-ASG
1610612757,11,0022500219,24,POR,Portland Trail Blazers,2025-11-12,2025-26,Pre-ASG
1610612752,14,0022500215,18,NYK,New York Knicks,2025-11-12,2025-26,Pre-ASG
1610612753,13,0022500215,20,ORL,Orlando Magic,2025-11-12,2025-26,Pre-ASG
1610612747,11,0022500222,14,LAL,Los Angeles Lakers,2025-11-12,2025-26,Pre-ASG
1610612760,12,0022500222,15,OKC,Oklahoma City Thunder,2025-11-12,2025-26,Pre-ASG
1610612739,11,0022500217,23,CLE,Cleveland Cavaliers,2025-11-12,2025-26,Pre-ASG
1610612748,9,0022500217,14,MIA,Miami Heat,2025-11-12,2025-26,Pre-ASG
1610612741,11,0022500214,22,CHI,Chicago Bulls,2025-11-12,2025-26,Pre-ASG
1610612765,10,0022500214,24,DET,Detroit Pistons,2025-11-12,2025-26,Pre-ASG
1610612743,14,0022500224,17,DEN,Denver Nuggets,2025-11-12,2025-26,Pre-ASG
1610612746,12,0022500224,15,LAC,LA Clippers,2025-11-12,2025-26,Pre-ASG
1610612738,13,0022500216,16,BOS,Boston Celtics,2025-11-12,2025-26,Pre-ASG
1610612763,12,0022500216,16,MEM,Memphis Grizzlies,2025-11-12,2025-26,Pre-ASG
1610612742,12,0022500221,24,DAL,Dallas Mavericks,2025-11-12,2025-26,Pre-ASG
1610612756,10,0022500221,17,PHX,Phoenix Suns,2025-11-12,2025-26,Pre-ASG
1610612744,11,0022500220,28,GSW,Golden State Warriors,2025-11-12,2025-26,Pre-ASG
1610612759,10,0022500220,18,SAS,San Antonio Spurs,2025-11-12,2025-26,Pre-ASG
1610612737,12,0022500223,13,ATL,Atlanta Hawks,2025-11-12,2025-26,Pre-ASG
1610612758,12,0022500223,17,SAC,Sacramento Kings,2025-11-12,2025-26,Pre-ASG
1610612745,13,0022500218,15,HOU,Houston Rockets,2025-11-12,2025-26,Pre-ASG
1610612764,13,0022500218,16,WAS,Washington Wizards,2025-11-12,2025-26,Pre-ASG
1610612744,13,0022500210,22,GSW,Golden State Warriors,2025-11-11,2025-26,Pre-ASG
1610612760,11,0022500210,16,OKC,Oklahoma City Thunder,2025-11-11,2025-26,Pre-ASG
1610612738,10,0022500209,22,BOS,Boston Celtics,2025-11-11,2025-26,Pre-ASG
1610612755,10,0022500209,16,PHI,Philadelphia 76ers,2025-11-11,2025-26,Pre-ASG
1610612752,9,0022500208,19,NYK,New York Knicks,2025-11-11,2025-26,Pre-ASG
1610612763,10,0022500208,19,MEM,Memphis Grizzlies,2025-11-11,2025-26,Pre-ASG
1610612754,12,0022500211,21,IND,Indiana Pacers,2025-11-11,2025-26,Pre-ASG
1610612762,11,0022500211,17,UTA,Utah Jazz,2025-11-11,2025-26,Pre-ASG
1610612743,10,0022500212,10,DEN,Denver Nuggets,2025-11-11,2025-26,Pre-ASG
1610612758,10,0022500212,19,SAC,Sacramento Kings,2025-11-11,2025-26,Pre-ASG
1610612751,12,0022500207,17,BKN,Brooklyn Nets,2025-11-11,2025-26,Pre-ASG
1610612761,11,0022500207,22,TOR,Toronto Raptors,2025-11-11,2025-26,Pre-ASG
1610612739,10,0022500201,22,CLE,Cleveland Cavaliers,2025-11-10,2025-26,Pre-ASG
1610612748,9,0022500201,16,MIA,Miami Heat,2025-11-10,2025-26,Pre-ASG
1610612764,11,0022500199,21,WAS,Washington Wizards,2025-11-10,2025-26,Pre-ASG
1610612765,9,0022500199,18,DET,Detroit Pistons,2025-11-10,2025-26,Pre-ASG
1610612741,11,0022500202,22,CHI,Chicago Bulls,2025-11-10,2025-26,Pre-ASG
1610612759,12,0022500202,15,SAS,San Antonio Spurs,2025-11-10,2025-26,Pre-ASG
1610612740,11,0022500204,16,NOP,New Orleans Pelicans,2025-11-10,2025-26,Pre-ASG
1610612756,14,0022500204,17,PHX,Phoenix Suns,2025-11-10,2025-26,Pre-ASG
1610612750,9,0022500205,15,MIN,Minnesota Timberwolves,2025-11-10,2025-26,Pre-ASG
1610612762,10,0022500205,14,UTA,Utah Jazz,2025-11-10,2025-26,Pre-ASG
1610612737,9,0022500206,15,ATL,Atlanta Hawks,2025-11-10,2025-26,Pre-ASG
1610612746,9,0022500206,12,LAC,LA Clippers,2025-11-10,2025-26,Pre-ASG
1610612742,12,0022500203,22,DAL,Dallas Mavericks,2025-11-10,2025-26,Pre-ASG
1610612749,10,0022500203,16,MIL,Milwaukee Bucks,2025-11-10,2025-26,Pre-ASG
1610612753,10,0022500200,16,ORL,Orlando Magic,2025-11-10,2025-26,Pre-ASG
1610612757,10,0022500200,19,POR,Portland Trail Blazers,2025-11-10,2025-26,Pre-ASG
1610612747,9,0022500198,15,LAL,Los Angeles Lakers,2025-11-10,2025-26,Pre-ASG
1610612766,10,0022500198,18,CHA,Charlotte Hornets,2025-11-10,2025-26,Pre-ASG
1610612755,10,0022500195,15,PHI,Philadelphia 76ers,2025-11-09,2025-26,Pre-ASG
1610612765,9,0022500195,18,DET,Detroit Pistons,2025-11-09,2025-26,Pre-ASG
1610612745,9,0022500191,18,HOU,Houston Rockets,2025-11-09,2025-26,Pre-ASG
1610612749,9,0022500191,13,MIL,Milwaukee Bucks,2025-11-09,2025-26,Pre-ASG
1610612760,11,0022500194,15,OKC,Oklahoma City Thunder,2025-11-09,2025-26,Pre-ASG
1610612763,13,0022500194,16,MEM,Memphis Grizzlies,2025-11-09,2025-26,Pre-ASG
1610612744,13,0022500196,19,GSW,Golden State Warriors,2025-11-09,2025-26,Pre-ASG
1610612754,11,0022500196,20,IND,Indiana Pacers,2025-11-09,2025-26,Pre-ASG
1610612738,10,0022500193,21,BOS,Boston Celtics,2025-11-09,2025-26,Pre-ASG
1610612753,11,0022500193,16,ORL,Orlando Magic,2025-11-09,2025-26,Pre-ASG
1610612750,13,0022500197,17,MIN,Minnesota Timberwolves,2025-11-09,2025-26,Pre-ASG
1610612758,12,0022500197,14,SAC,Sacramento Kings,2025-11-09,2025-26,Pre-ASG
1610612751,12,0022500192,16,BKN,Brooklyn Nets,2025-11-09,2025-26,Pre-ASG
1610612752,14,0022500192,17,NYK,New York Knicks,2025-11-09,2025-26,Pre-ASG
1610612743,12,0022500189,14,DEN,Denver Nuggets,2025-11-08,2025-26,Pre-ASG
1610612754,12,0022500189,17,IND,Indiana Pacers,2025-11-08,2025-26,Pre-ASG
1610612748,9,0022500187,15,MIA,Miami Heat,2025-11-08,2025-26,Pre-ASG
1610612757,10,0022500187,22,POR,Portland Trail Blazers,2025-11-08,2025-26,Pre-ASG
1610612740,10,0022500188,12,NOP,New Orleans Pelicans,2025-11-08,2025-26,Pre-ASG
1610612759,10,0022500188,21,SAS,San Antonio Spurs,2025-11-08,2025-26,Pre-ASG
1610612755,10,0022500184,14,PHI,Philadelphia 76ers,2025-11-08,2025-26,Pre-ASG
1610612761,11,0022500184,28,TOR,Toronto Raptors,2025-11-08,2025-26,Pre-ASG
1610612737,10,0022500185,15,ATL,Atlanta Hawks,2025-11-08,2025-26,Pre-ASG
1610612747,11,0022500185,12,LAL,Los Angeles Lakers,2025-11-08,2025-26,Pre-ASG
1610612746,9,0022500190,12,LAC,LA Clippers,2025-11-08,2025-26,Pre-ASG
1610612756,11,0022500190,16,PHX,Phoenix Suns,2025-11-08,2025-26,Pre-ASG
1610612739,10,0022500186,19,CLE,Cleveland Cavaliers,2025-11-08,2025-26,Pre-ASG
1610612741,10,0022500186,23,CHI,Chicago Bulls,2025-11-08,2025-26,Pre-ASG
1610612742,11,0022500183,21,DAL,Dallas Mavericks,2025-11-08,2025-26,Pre-ASG
1610612764,11,0022500183,17,WAS,Washington Wizards,2025-11-08,2025-26,Pre-ASG
1610612741,11,0022500035,19,CHI,Chicago Bulls,2025-11-07,2025-26,Pre-ASG
1610612749,10,0022500035,15,MIL,Milwaukee Bucks,2025-11-07,2025-26,Pre-ASG
1610612748,9,0022500033,13,MIA,Miami Heat,2025-11-07,2025-26,Pre-ASG
1610612766,9,0022500033,13,CHA,Charlotte Hornets,2025-11-07,2025-26,Pre-ASG
1610612742,13,0022500034,25,DAL,Dallas Mavericks,2025-11-07,2025-26,Pre-ASG
1610612763,14,0022500034,13,MEM,Memphis Grizzlies,2025-11-07,2025-26,Pre-ASG
1610612751,12,0022500031,17,BKN,Brooklyn Nets,2025-11-07,2025-26,Pre-ASG
1610612765,12,0022500031,20,DET,Detroit Pistons,2025-11-07,2025-26,Pre-ASG
1610612739,13,0022500029,13,CLE,Cleveland Cavaliers,2025-11-07,2025-26,Pre-ASG
1610612764,14,0022500029,19,WAS,Washington Wizards,2025-11-07,2025-26,Pre-ASG
1610612738,10,0022500028,21,BOS,Boston Celtics,2025-11-07,2025-26,Pre-ASG
1610612753,10,0022500028,13,ORL,Orlando Magic,2025-11-07,2025-26,Pre-ASG
1610612737,9,0022500030,13,ATL,Atlanta Hawks,2025-11-07,2025-26,Pre-ASG
1610612761,11,0022500030,19,TOR,Toronto Raptors,2025-11-07,2025-26,Pre-ASG
1610612750,14,0022500036,15,MIN,Minnesota Timberwolves,2025-11-07,2025-26,Pre-ASG
1610612762,14,0022500036,15,UTA,Utah Jazz,2025-11-07,2025-26,Pre-ASG
1610612743,14,0022500037,13,DEN,Denver Nuggets,2025-11-07,2025-26,Pre-ASG
1610612744,12,0022500037,15,GSW,Golden State Warriors,2025-11-07,2025-26,Pre-ASG
1610612758,11,0022500038,23,SAC,Sacramento Kings,2025-11-07,2025-26,Pre-ASG
1610612760,11,0022500038,15,OKC,Oklahoma City Thunder,2025-11-07,2025-26,Pre-ASG
1610612745,10,0022500032,21,HOU,Houston Rockets,2025-11-07,2025-26,Pre-ASG
1610612759,10,0022500032,17,SAS,San Antonio Spurs,2025-11-07,2025-26,Pre-ASG
1610612746,13,0022500182,14,LAC,LA Clippers,2025-11-06,2025-26,Pre-ASG
1610612756,13,0022500182,21,PHX,Phoenix Suns,2025-11-06,2025-26,Pre-ASG
1610612740,10,0022500177,17,NOP,New Orleans Pelicans,2025-11-05,2025-26,Pre-ASG
1610612742,12,0022500177,23,DAL,Dallas Mavericks,2025-11-05,2025-26,Pre-ASG
1610612747,10,0022500179,17,LAL,Los Angeles Lakers,2025-11-05,2025-26,Pre-ASG
1610612759,10,0022500179,22,SAS,San Antonio Spurs,2025-11-05,2025-26,Pre-ASG
1610612757,10,0022500180,22,POR,Portland Trail Blazers,2025-11-05,2025-26,Pre-ASG
1610612760,10,0022500180,24,OKC,Oklahoma City Thunder,2025-11-05,2025-26,Pre-ASG
1610612738,11,0022500174,17,BOS,Boston Celtics,2025-11-05,2025-26,Pre-ASG
1610612764,14,0022500174,16,WAS,Washington Wizards,2025-11-05,2025-26,Pre-ASG
1610612745,12,0022500176,15,HOU,Houston Rockets,2025-11-05,2025-26,Pre-ASG
1610612763,14,0022500176,17,MEM,Memphis Grizzlies,2025-11-05,2025-26,Pre-ASG
1610612743,9,0022500178,10,DEN,Denver Nuggets,2025-11-05,2025-26,Pre-ASG
1610612748,11,0022500178,13,MIA,Miami Heat,2025-11-05,2025-26,Pre-ASG
1610612739,13,0022500171,21,CLE,Cleveland Cavaliers,2025-11-05,2025-26,Pre-ASG
1610612755,11,0022500171,15,PHI,Philadelphia 76ers,2025-11-05,2025-26,Pre-ASG
1610612750,13,0022500175,18,MIN,Minnesota Timberwolves,2025-11-05,2025-26,Pre-ASG
1610612752,14,0022500175,19,NYK,New York Knicks,2025-11-05,2025-26,Pre-ASG
1610612751,10,0022500173,18,BKN,Brooklyn Nets,2025-11-05,2025-26,Pre-ASG
1610612754,11,0022500173,20,IND,Indiana Pacers,2025-11-05,2025-26,Pre-ASG
1610612762,11,0022500172,19,UTA,Utah Jazz,2025-11-05,2025-26,Pre-ASG
1610612765,9,0022500172,17,DET,Detroit Pistons,2025-11-05,2025-26,Pre-ASG
1610612744,11,0022500181,23,GSW,Golden State Warriors,2025-11-05,2025-26,Pre-ASG
1610612758,10,0022500181,21,SAC,Sacramento Kings,2025-11-05,2025-26,Pre-ASG
1610612749,14,0022500165,19,MIL,Milwaukee Bucks,2025-11-04,2025-26,Pre-ASG
1610612761,13,0022500165,20,TOR,Toronto Raptors,2025-11-04,2025-26,Pre-ASG
1610612746,13,0022500170,14,LAC,LA Clippers,2025-11-04,2025-26,Pre-ASG
1610612760,13,0022500170,17,OKC,Oklahoma City Thunder,2025-11-04,2025-26,Pre-ASG
1610612744,11,0022500169,22,GSW,Golden State Warriors,2025-11-04,2025-26,Pre-ASG
1610612756,11,0022500169,17,PHX,Phoenix Suns,2025-11-04,2025-26,Pre-ASG
1610612741,10,0022500167,18,CHI,Chicago Bulls,2025-11-04,2025-26,Pre-ASG
1610612755,9,0022500167,18,PHI,Philadelphia 76ers,2025-11-04,2025-26,Pre-ASG
1610612740,10,0022500168,15,NOP,New Orleans Pelicans,2025-11-04,2025-26,Pre-ASG
1610612766,10,0022500168,18,CHA,Charlotte Hornets,2025-11-04,2025-26,Pre-ASG
1610612737,12,0022500166,16,ATL,Atlanta Hawks,2025-11-04,2025-26,Pre-ASG
1610612753,13,0022500166,23,ORL,Orlando Magic,2025-11-04,2025-26,Pre-ASG
1610612746,10,0022500164,13,LAC,LA Clippers,2025-11-03,2025-26,Pre-ASG
1610612748,10,0022500164,9,MIA,Miami Heat,2025-11-03,2025-26,Pre-ASG
1610612742,12,0022500160,22,DAL,Dallas Mavericks,2025-11-03,2025-26,Pre-ASG
1610612745,10,0022500160,19,HOU,Houston Rockets,2025-11-03,2025-26,Pre-ASG
1610612752,13,0022500159,16,NYK,New York Knicks,2025-11-03,2025-26,Pre-ASG
1610612764,15,0022500159,22,WAS,Washington Wizards,2025-11-03,2025-26,Pre-ASG
1610612750,12,0022500156,18,MIN,Minnesota Timberwolves,2025-11-03,2025-26,Pre-ASG
1610612751,13,0022500156,16,BKN,Brooklyn Nets,2025-11-03,2025-26,Pre-ASG
1610612763,10,0022500161,20,MEM,Memphis Grizzlies,2025-11-03,2025-26,Pre-ASG
1610612765,9,0022500161,20,DET,Detroit Pistons,2025-11-03,2025-26,Pre-ASG
1610612749,11,0022500157,14,MIL,Milwaukee Bucks,2025-11-03,2025-26,Pre-ASG
1610612754,13,0022500157,22,IND,Indiana Pacers,2025-11-03,2025-26,Pre-ASG
1610612738,12,0022500158,28,BOS,Boston Celtics,2025-11-03,2025-26,Pre-ASG
1610612762,10,0022500158,21,UTA,Utah Jazz,2025-11-03,2025-26,Pre-ASG
1610612747,9,0022500163,22,LAL,Los Angeles Lakers,2025-11-03,2025-26,Pre-ASG
1610612757,10,0022500163,18,POR,Portland Trail Blazers,2025-11-03,2025-26,Pre-ASG
1610612743,10,0022500162,11,DEN,Denver Nuggets,2025-11-03,2025-26,Pre-ASG
1610612758,9,0022500162,9,SAC,Sacramento Kings,2025-11-03,2025-26,Pre-ASG
1610612741,11,0022500153,18,CHI,Chicago Bulls,2025-11-02,2025-26,Pre-ASG
1610612752,13,0022500153,22,NYK,New York Knicks,2025-11-02,2025-26,Pre-ASG
1610612756,13,0022500154,19,PHX,Phoenix Suns,2025-11-02,2025-26,Pre-ASG
1610612759,13,0022500154,17,SAS,San Antonio Spurs,2025-11-02,2025-26,Pre-ASG
1610612737,9,0022500151,17,ATL,Atlanta Hawks,2025-11-02,2025-26,Pre-ASG
1610612739,10,0022500151,20,CLE,Cleveland Cavaliers,2025-11-02,2025-26,Pre-ASG
1610612751,11,0022500149,18,BKN,Brooklyn Nets,2025-11-02,2025-26,Pre-ASG
1610612755,12,0022500149,18,PHI,Philadelphia 76ers,2025-11-02,2025-26,Pre-ASG
1610612761,11,0022500152,21,TOR,Toronto Raptors,2025-11-02,2025-26,Pre-ASG
1610612763,11,0022500152,24,MEM,Memphis Grizzlies,2025-11-02,2025-26,Pre-ASG
1610612762,12,0022500150,13,UTA,Utah Jazz,2025-11-02,2025-26,Pre-ASG
1610612766,12,0022500150,18,CHA,Charlotte Hornets,2025-11-02,2025-26,Pre-ASG
1610612747,9,0022500155,18,LAL,Los Angeles Lakers,2025-11-02,2025-26,Pre-ASG
1610612748,9,0022500155,13,MIA,Miami Heat,2025-11-02,2025-26,Pre-ASG
1610612740,14,0022500148,13,NOP,New Orleans Pelicans,2025-11-02,2025-26,Pre-ASG
1610612760,12,0022500148,14,OKC,Oklahoma City Thunder,2025-11-02,2025-26,Pre-ASG
1610612744,11,0022500144,16,GSW,Golden State Warriors,2025-11-01,2025-26,Pre-ASG
1610612754,12,0022500144,15,IND,Indiana Pacers,2025-11-01,2025-26,Pre-ASG
1610612749,11,0022500142,15,MIL,Milwaukee Bucks,2025-11-01,2025-26,Pre-ASG
1610612758,10,0022500142,15,SAC,Sacramento Kings,2025-11-01,2025-26,Pre-ASG
1610612753,13,0022500145,13,ORL,Orlando Magic,2025-11-01,2025-26,Pre-ASG
1610612764,15,0022500145,15,WAS,Washington Wizards,2025-11-01,2025-26,Pre-ASG
1610612750,12,0022500143,23,MIN,Minnesota Timberwolves,2025-11-01,2025-26,Pre-ASG
1610612766,10,0022500143,21,CHA,Charlotte Hornets,2025-11-01,2025-26,Pre-ASG
1610612742,10,0022500147,27,DAL,Dallas Mavericks,2025-11-01,2025-26,Pre-ASG
1610612765,10,0022500147,23,DET,Detroit Pistons,2025-11-01,2025-26,Pre-ASG
1610612738,15,0022500146,22,BOS,Boston Celtics,2025-11-01,2025-26,Pre-ASG
1610612745,13,0022500146,17,HOU,Houston Rockets,2025-11-01,2025-26,Pre-ASG
1610612738,11,0022500021,20,BOS,Boston Celtics,2025-10-31,2025-26,Pre-ASG
1610612755,10,0022500021,14,PHI,Philadelphia 76ers,2025-10-31,2025-26,Pre-ASG
1610612747,9,0022500024,17,LAL,Los Angeles Lakers,2025-10-31,2025-26,Pre-ASG
1610612763,10,0022500024,18,MEM,Memphis Grizzlies,2025-10-31,2025-26,Pre-ASG
1610612739,10,0022500022,17,CLE,Cleveland Cavaliers,2025-10-31,2025-26,Pre-ASG
1610612761,11,0022500022,23,TOR,Toronto Raptors,2025-10-31,2025-26,Pre-ASG
1610612743,9,0022500026,13,DEN,Denver Nuggets,2025-10-31,2025-26,Pre-ASG
1610612757,11,0022500026,26,POR,Portland Trail Blazers,2025-10-31,2025-26,Pre-ASG
1610612741,10,0022500023,22,CHI,Chicago Bulls,2025-10-31,2025-26,Pre-ASG
1610612752,11,0022500023,21,NYK,New York Knicks,2025-10-31,2025-26,Pre-ASG
1610612740,10,0022500027,15,NOP,New Orleans Pelicans,2025-10-31,2025-26,Pre-ASG
1610612746,10,0022500027,11,LAC,LA Clippers,2025-10-31,2025-26,Pre-ASG
1610612737,13,0022500020,16,ATL,Atlanta Hawks,2025-10-31,2025-26,Pre-ASG
1610612754,11,0022500020,16,IND,Indiana Pacers,2025-10-31,2025-26,Pre-ASG
1610612756,13,0022500025,22,PHX,Phoenix Suns,2025-10-31,2025-26,Pre-ASG
1610612762,13,0022500025,20,UTA,Utah Jazz,2025-10-31,2025-26,Pre-ASG
1610612760,12,0022500140,17,OKC,Oklahoma City Thunder,2025-10-30,2025-26,Pre-ASG
1610612764,14,0022500140,14,WAS,Washington Wizards,2025-10-30,2025-26,Pre-ASG
1610612748,9,0022500141,14,MIA,Miami Heat,2025-10-30,2025-26,Pre-ASG
1610612759,9,0022500141,13,SAS,San Antonio Spurs,2025-10-30,2025-26,Pre-ASG
1610612753,13,0022500138,17,ORL,Orlando Magic,2025-10-30,2025-26,Pre-ASG
1610612766,11,0022500138,22,CHA,Charlotte Hornets,2025-10-30,2025-26,Pre-ASG
1610612744,12,0022500139,19,GSW,Golden State Warriors,2025-10-30,2025-26,Pre-ASG
1610612749,10,0022500139,11,MIL,Milwaukee Bucks,2025-10-30,2025-26,Pre-ASG
1610612747,9,0022500136,13,LAL,Los Angeles Lakers,2025-10-29,2025-26,Pre-ASG
1610612750,9,0022500136,13,MIN,Minnesota Timberwolves,2025-10-29,2025-26,Pre-ASG
1610612740,14,0022500134,18,NOP,New Orleans Pelicans,2025-10-29,2025-26,Pre-ASG
1610612743,14,0022500134,15,DEN,Denver Nuggets,2025-10-29,2025-26,Pre-ASG
1610612757,12,0022500135,19,POR,Portland Trail Blazers,2025-10-29,2025-26,Pre-ASG
1610612762,12,0022500135,15,UTA,Utah Jazz,2025-10-29,2025-26,Pre-ASG
1610612742,11,0022500133,24,DAL,Dallas Mavericks,2025-10-29,2025-26,Pre-ASG
1610612754,10,0022500133,23,IND,Indiana Pacers,2025-10-29,2025-26,Pre-ASG
1610612753,13,0022500129,20,ORL,Orlando Magic,2025-10-29,2025-26,Pre-ASG
1610612765,12,0022500129,20,DET,Detroit Pistons,2025-10-29,2025-26,Pre-ASG
1610612738,12,0022500128,19,BOS,Boston Celtics,2025-10-29,2025-26,Pre-ASG
1610612739,12,0022500128,20,CLE,Cleveland Cavaliers,2025-10-29,2025-26,Pre-ASG
1610612737,10,0022500130,17,ATL,Atlanta Hawks,2025-10-29,2025-26,Pre-ASG
1610612751,10,0022500130,15,BKN,Brooklyn Nets,2025-10-29,2025-26,Pre-ASG
1610612745,9,0022500131,17,HOU,Houston Rockets,2025-10-29,2025-26,Pre-ASG
1610612761,11,0022500131,21,TOR,Toronto Raptors,2025-10-29,2025-26,Pre-ASG
1610612756,10,0022500137,18,PHX,Phoenix Suns,2025-10-29,2025-26,Pre-ASG
1610612763,10,0022500137,21,MEM,Memphis Grizzlies,2025-10-29,2025-26,Pre-ASG
1610612741,10,0022500132,23,CHI,Chicago Bulls,2025-10-29,2025-26,Pre-ASG
1610612758,10,0022500132,17,SAC,Sacramento Kings,2025-10-29,2025-26,Pre-ASG
1610612758,9,0022500126,12,SAC,Sacramento Kings,2025-10-28,2025-26,Pre-ASG
1610612760,11,0022500126,19,OKC,Oklahoma City Thunder,2025-10-28,2025-26,Pre-ASG
1610612755,11,0022500123,17,PHI,Philadelphia 76ers,2025-10-28,2025-26,Pre-ASG
1610612764,11,0022500123,12,WAS,Washington Wizards,2025-10-28,2025-26,Pre-ASG
1610612748,12,0022500124,12,MIA,Miami Heat,2025-10-28,2025-26,Pre-ASG
1610612766,10,0022500124,17,CHA,Charlotte Hornets,2025-10-28,2025-26,Pre-ASG
1610612744,14,0022500127,16,GSW,Golden State Warriors,2025-10-28,2025-26,Pre-ASG
1610612746,14,0022500127,16,LAC,LA Clippers,2025-10-28,2025-26,Pre-ASG
1610612749,10,0022500125,14,MIL,Milwaukee Bucks,2025-10-28,2025-26,Pre-ASG
1610612752,10,0022500125,16,NYK,New York Knicks,2025-10-28,2025-26,Pre-ASG
1610612744,13,0022500121,25,GSW,Golden State Warriors,2025-10-27,2025-26,Pre-ASG
1610612763,12,0022500121,15,MEM,Memphis Grizzlies,2025-10-27,2025-26,Pre-ASG
1610612759,13,0022500118,19,SAS,San Antonio Spurs,2025-10-27,2025-26,Pre-ASG
1610612761,12,0022500118,15,TOR,Toronto Raptors,2025-10-27,2025-26,Pre-ASG
1610612745,13,0022500116,15,HOU,Houston Rockets,2025-10-27,2025-26,Pre-ASG
1610612751,12,0022500116,22,BKN,Brooklyn Nets,2025-10-27,2025-26,Pre-ASG
1610612743,15,0022500008,20,DEN,Denver Nuggets,2025-10-27,2025-26,Pre-ASG
1610612750,12,0022500008,17,MIN,Minnesota Timberwolves,2025-10-27,2025-26,Pre-ASG
1610612742,9,0022500119,19,DAL,Dallas Mavericks,2025-10-27,2025-26,Pre-ASG
1610612760,10,0022500119,19,OKC,Oklahoma City Thunder,2025-10-27,2025-26,Pre-ASG
1610612739,12,0022500007,14,CLE,Cleveland Cavaliers,2025-10-27,2025-26,Pre-ASG
1610612765,14,0022500007,20,DET,Detroit Pistons,2025-10-27,2025-26,Pre-ASG
1610612756,10,0022500120,19,PHX,Phoenix Suns,2025-10-27,2025-26,Pre-ASG
1610612762,10,0022500120,25,UTA,Utah Jazz,2025-10-27,2025-26,Pre-ASG
1610612738,13,0022500117,22,BOS,Boston Celtics,2025-10-27,2025-26,Pre-ASG
1610612740,13,0022500117,20,NOP,New Orleans Pelicans,2025-10-27,2025-26,Pre-ASG
1610612737,10,0022500115,14,ATL,Atlanta Hawks,2025-10-27,2025-26,Pre-ASG
1610612741,10,0022500115,19,CHI,Chicago Bulls,2025-10-27,2025-26,Pre-ASG
1610612747,10,0022500122,19,LAL,Los Angeles Lakers,2025-10-27,2025-26,Pre-ASG
1610612757,13,0022500122,22,POR,Portland Trail Blazers,2025-10-27,2025-26,Pre-ASG
1610612753,11,0022500114,18,ORL,Orlando Magic,2025-10-27,2025-26,Pre-ASG
1610612755,10,0022500114,17,PHI,Philadelphia 76ers,2025-10-27,2025-26,Pre-ASG
1610612747,9,0022500113,19,LAL,Los Angeles Lakers,2025-10-26,2025-26,Pre-ASG
1610612758,12,0022500113,17,SAC,Sacramento Kings,2025-10-26,2025-26,Pre-ASG
1610612751,11,0022500105,20,BKN,Brooklyn Nets,2025-10-26,2025-26,Pre-ASG
1610612759,10,0022500105,17,SAS,San Antonio Spurs,2025-10-26,2025-26,Pre-ASG
1610612746,10,0022500112,16,LAC,LA Clippers,2025-10-26,2025-26,Pre-ASG
1610612757,10,0022500112,20,POR,Portland Trail Blazers,2025-10-26,2025-26,Pre-ASG
1610612748,10,0022500108,16,MIA,Miami Heat,2025-10-26,2025-26,Pre-ASG
1610612752,10,0022500108,16,NYK,New York Knicks,2025-10-26,2025-26,Pre-ASG
1610612764,15,0022500109,24,WAS,Washington Wizards,2025-10-26,2025-26,Pre-ASG
1610612766,12,0022500109,21,CHA,Charlotte Hornets,2025-10-26,2025-26,Pre-ASG
1610612738,11,0022500106,21,BOS,Boston Celtics,2025-10-26,2025-26,Pre-ASG
1610612765,10,0022500106,19,DET,Detroit Pistons,2025-10-26,2025-26,Pre-ASG
1610612750,11,0022500110,17,MIN,Minnesota Timberwolves,2025-10-26,2025-26,Pre-ASG
1610612754,10,0022500110,21,IND,Indiana Pacers,2025-10-26,2025-26,Pre-ASG
1610612742,13,0022500111,20,DAL,Dallas Mavericks,2025-10-26,2025-26,Pre-ASG
1610612761,12,0022500111,21,TOR,Toronto Raptors,2025-10-26,2025-26,Pre-ASG
1610612739,10,0022500107,25,CLE,Cleveland Cavaliers,2025-10-26,2025-26,Pre-ASG
1610612749,11,0022500107,17,MIL,Milwaukee Bucks,2025-10-26,2025-26,Pre-ASG
1610612741,11,0022500100,28,CHI,Chicago Bulls,2025-10-25,2025-26,Pre-ASG
1610612753,11,0022500100,16,ORL,Orlando Magic,2025-10-25,2025-26,Pre-ASG
1610612754,12,0022500103,21,IND,Indiana Pacers,2025-10-25,2025-26,Pre-ASG
1610612763,13,0022500103,15,MEM,Memphis Grizzlies,2025-10-25,2025-26,Pre-ASG
1610612737,12,0022500101,13,ATL,Atlanta Hawks,2025-10-25,2025-26,Pre-ASG
1610612760,12,0022500101,20,OKC,Oklahoma City Thunder,2025-10-25,2025-26,Pre-ASG
1610612755,10,0022500102,20,PHI,Philadelphia 76ers,2025-10-25,2025-26,Pre-ASG
1610612766,11,0022500102,22,CHA,Charlotte Hornets,2025-10-25,2025-26,Pre-ASG
1610612743,14,0022500104,11,DEN,Denver Nuggets,2025-10-25,2025-26,Pre-ASG
1610612756,13,0022500104,16,PHX,Phoenix Suns,2025-10-25,2025-26,Pre-ASG
1610612748,12,0022500094,12,MIA,Miami Heat,2025-10-24,2025-26,Pre-ASG
1610612763,13,0022500094,17,MEM,Memphis Grizzlies,2025-10-24,2025-26,Pre-ASG
1610612749,10,0022500092,14,MIL,Milwaukee Bucks,2025-10-24,2025-26,Pre-ASG
1610612761,11,0022500092,19,TOR,Toronto Raptors,2025-10-24,2025-26,Pre-ASG
1610612739,10,0022500091,18,CLE,Cleveland Cavaliers,2025-10-24,2025-26,Pre-ASG
1610612751,10,0022500091,16,BKN,Brooklyn Nets,2025-10-24,2025-26,Pre-ASG
1610612737,11,0022500090,19,ATL,Atlanta Hawks,2025-10-24,2025-26,Pre-ASG
1610612753,11,0022500090,16,ORL,Orlando Magic,2025-10-24,2025-26,Pre-ASG
1610612745,9,0022500093,20,HOU,Houston Rockets,2025-10-24,2025-26,Pre-ASG
1610612765,11,0022500093,25,DET,Detroit Pistons,2025-10-24,2025-26,Pre-ASG
1610612740,9,0022500095,18,NOP,New Orleans Pelicans,2025-10-24,2025-26,Pre-ASG
1610612759,10,0022500095,19,SAS,San Antonio Spurs,2025-10-24,2025-26,Pre-ASG
1610612746,14,0022500099,13,LAC,LA Clippers,2025-10-24,2025-26,Pre-ASG
1610612756,13,0022500099,16,PHX,Phoenix Suns,2025-10-24,2025-26,Pre-ASG
1610612738,12,0022500018,21,BOS,Boston Celtics,2025-10-24,2025-26,Pre-ASG
1610612752,10,0022500018,23,NYK,New York Knicks,2025-10-24,2025-26,Pre-ASG
1610612747,11,0022500019,17,LAL,Los Angeles Lakers,2025-10-24,2025-26,Pre-ASG
1610612750,15,0022500019,23,MIN,Minnesota Timberwolves,2025-10-24,2025-26,Pre-ASG
1610612758,10,0022500098,14,SAC,Sacramento Kings,2025-10-24,2025-26,Pre-ASG
1610612762,10,0022500098,19,UTA,Utah Jazz,2025-10-24,2025-26,Pre-ASG
1610612742,13,0022500096,22,DAL,Dallas Mavericks,2025-10-24,2025-26,Pre-ASG
1610612764,11,0022500096,15,WAS,Washington Wizards,2025-10-24,2025-26,Pre-ASG
1610612744,13,0022500097,22,GSW,Golden State Warriors,2025-10-24,2025-26,Pre-ASG
1610612757,12,0022500097,25,POR,Portland Trail Blazers,2025-10-24,2025-26,Pre-ASG
1610612743,10,0022500006,9,DEN,Denver Nuggets,2025-10-23,2025-26,Pre-ASG
1610612744,10,0022500006,16,GSW,Golden State Warriors,2025-10-23,2025-26,Pre-ASG
1610612754,12,0022500005,25,IND,Indiana Pacers,2025-10-23,2025-26,Pre-ASG
1610612760,11,0022500005,23,OKC,Oklahoma City Thunder,2025-10-23,2025-26,Pre-ASG
1610612748,10,0022500081,12,MIA,Miami Heat,2025-10-22,2025-26,Pre-ASG
1610612753,10,0022500081,14,ORL,Orlando Magic,2025-10-22,2025-26,Pre-ASG
1610612740,10,0022500085,16,NOP,New Orleans Pelicans,2025-10-22,2025-26,Pre-ASG
1610612763,11,0022500085,28,MEM,Memphis Grizzlies,2025-10-22,2025-26,Pre-ASG
1610612742,14,0022500004,21,DAL,Dallas Mavericks,2025-10-22,2025-26,Pre-ASG
1610612759,14,0022500004,25,SAS,San Antonio Spurs,2025-10-22,2025-26,Pre-ASG
1610612741,10,0022500084,23,CHI,Chicago Bulls,2025-10-22,2025-26,Pre-ASG
1610612765,10,0022500084,23,DET,Detroit Pistons,2025-10-22,2025-26,Pre-ASG
1610612738,10,0022500083,25,BOS,Boston Celtics,2025-10-22,2025-26,Pre-ASG
1610612755,10,0022500083,13,PHI,Philadelphia 76ers,2025-10-22,2025-26,Pre-ASG
1610612750,10,0022500089,16,MIN,Minnesota Timberwolves,2025-10-22,2025-26,Pre-ASG
1610612757,10,0022500089,23,POR,Portland Trail Blazers,2025-10-22,2025-26,Pre-ASG
1610612751,13,0022500080,23,BKN,Brooklyn Nets,2025-10-22,2025-26,Pre-ASG
1610612766,10,0022500080,20,CHA,Charlotte Hornets,2025-10-22,2025-26,Pre-ASG
1610612749,15,0022500086,18,MIL,Milwaukee Bucks,2025-10-22,2025-26,Pre-ASG
1610612764,15,0022500086,13,WAS,Washington Wizards,2025-10-22,2025-26,Pre-ASG
1610612737,10,0022500082,16,ATL,Atlanta Hawks,2025-10-22,2025-26,Pre-ASG
1610612761,11,0022500082,24,TOR,Toronto Raptors,2025-10-22,2025-26,Pre-ASG
1610612756,10,0022500088,15,PHX,Phoenix Suns,2025-10-22,2025-26,Pre-ASG
1610612758,11,0022500088,15,SAC,Sacramento Kings,2025-10-22,2025-26,Pre-ASG
1610612739,10,0022500003,22,CLE,Cleveland Cavaliers,2025-10-22,2025-26,Pre-ASG
1610612752,11,0022500003,18,NYK,New York Knicks,2025-10-22,2025-26,Pre-ASG
1610612746,14,0022500087,12,LAC,LA Clippers,2025-10-22,2025-26,Pre-ASG
1610612762,11,0022500087,17,UTA,Utah Jazz,2025-10-22,2025-26,Pre-ASG
1610612745,9,0022500001,22,HOU,Houston Rockets,2025-10-21,2025-26,Pre-ASG
1610612760,11,0022500001,20,OKC,Oklahoma City Thunder,2025-10-21,2025-26,Pre-ASG
1610612744,11,0022500002,18,GSW,Golden State Warriors,2025-10-21,2025-26,Pre-ASG
1610612747,9,0022500002,13,LAL,Los Angeles Lakers,2025-10-21,2025-26,Pre-ASG
